source,respondent_id,collector_id,start_date,end_date,language,is_consent_age_18,country,data_science_experience,software_engineering_experience,education_level,current_position,Unnamed: 14_level_0,organization_type,Unnamed: 16_level_0,organization_size,knows_ds_framework,ds_framework_used,Unnamed: 20_level_0,phase_frequency_header,Unnamed: 22_level_0,Unnamed: 23_level_0,Unnamed: 24_level_0,Unnamed: 25_level_0,Unnamed: 26_level_0,challenges_header,Unnamed: 28_level_0,Unnamed: 29_level_0,Unnamed: 30_level_0,Unnamed: 31_level_0,Unnamed: 32_level_0,Unnamed: 33_level_0,Unnamed: 34_level_0,Unnamed: 35_level_0,Unnamed: 36_level_0,se_challenges_header,Unnamed: 38_level_0,Unnamed: 39_level_0,Unnamed: 40_level_0,Unnamed: 41_level_0,Unnamed: 42_level_0,Unnamed: 43_level_0,Unnamed: 44_level_0,tools_usage_header,Unnamed: 46_level_0,Unnamed: 47_level_0,Unnamed: 48_level_0,Unnamed: 49_level_0,Unnamed: 50_level_0,Unnamed: 51_level_0,Unnamed: 52_level_0,Unnamed: 53_level_0,Unnamed: 54_level_0,Unnamed: 55_level_0,Unnamed: 56_level_0,Unnamed: 57_level_0,Unnamed: 58_level_0,Unnamed: 59_level_0,Unnamed: 60_level_0,Unnamed: 61_level_0,Unnamed: 62_level_0,Unnamed: 63_level_0,Unnamed: 64_level_0,Unnamed: 65_level_0,Unnamed: 66_level_0,Unnamed: 67_level_0,Unnamed: 68_level_0,Unnamed: 69_level_0,Unnamed: 70_level_0,Unnamed: 71_level_0,Unnamed: 72_level_0,tools_phase_header,Unnamed: 74_level_0,Unnamed: 75_level_0,Unnamed: 76_level_0,Unnamed: 77_level_0,Unnamed: 78_level_0,Unnamed: 79_level_0,Unnamed: 80_level_0,Unnamed: 81_level_0,Unnamed: 82_level_0,Unnamed: 83_level_0,Unnamed: 84_level_0,Unnamed: 85_level_0,Unnamed: 86_level_0,Unnamed: 87_level_0,Unnamed: 88_level_0,Unnamed: 89_level_0,Unnamed: 90_level_0,Unnamed: 91_level_0,Unnamed: 92_level_0,Unnamed: 93_level_0,Unnamed: 94_level_0,Unnamed: 95_level_0,Unnamed: 96_level_0,Unnamed: 97_level_0,Unnamed: 98_level_0,Unnamed: 99_level_0,Unnamed: 100_level_0,Unnamed: 101_level_0,Unnamed: 102_level_0,Unnamed: 103_level_0,Unnamed: 104_level_0,Unnamed: 105_level_0,Unnamed: 106_level_0,Unnamed: 107_level_0,Unnamed: 108_level_0,Unnamed: 109_level_0,Unnamed: 110_level_0,Unnamed: 111_level_0,Unnamed: 112_level_0,Unnamed: 113_level_0,Unnamed: 114_level_0,Unnamed: 115_level_0,Unnamed: 116_level_0,Unnamed: 117_level_0,Unnamed: 118_level_0,Unnamed: 119_level_0,Unnamed: 120_level_0,Unnamed: 121_level_0,Unnamed: 122_level_0,Unnamed: 123_level_0,Unnamed: 124_level_0,Unnamed: 125_level_0,Unnamed: 126_level_0,Unnamed: 127_level_0,Unnamed: 128_level_0,Unnamed: 129_level_0,Unnamed: 130_level_0,Unnamed: 131_level_0,Unnamed: 132_level_0,Unnamed: 133_level_0,Unnamed: 134_level_0,Unnamed: 135_level_0,Unnamed: 136_level_0,Unnamed: 137_level_0,Unnamed: 138_level_0,Unnamed: 139_level_0,Unnamed: 140_level_0,Unnamed: 141_level_0,Unnamed: 142_level_0,Unnamed: 143_level_0,Unnamed: 144_level_0,Unnamed: 145_level_0,Unnamed: 146_level_0,Unnamed: 147_level_0,Unnamed: 148_level_0,Unnamed: 149_level_0,Unnamed: 150_level_0,Unnamed: 151_level_0,Unnamed: 152_level_0,Unnamed: 153_level_0,Unnamed: 154_level_0,Unnamed: 155_level_0,Unnamed: 156_level_0,Unnamed: 157_level_0,Unnamed: 158_level_0,Unnamed: 159_level_0,Unnamed: 160_level_0,Unnamed: 161_level_0,Unnamed: 162_level_0,Unnamed: 163_level_0,Unnamed: 164_level_0,Unnamed: 165_level_0,Unnamed: 166_level_0,Unnamed: 167_level_0,Unnamed: 168_level_0,Unnamed: 169_level_0,Unnamed: 170_level_0,Unnamed: 171_level_0,Unnamed: 172_level_0,Unnamed: 173_level_0,Unnamed: 174_level_0,Unnamed: 175_level_0,Unnamed: 176_level_0,Unnamed: 177_level_0,Unnamed: 178_level_0,Unnamed: 179_level_0,Unnamed: 180_level_0,Unnamed: 181_level_0,Unnamed: 182_level_0,Unnamed: 183_level_0,Unnamed: 184_level_0,Unnamed: 185_level_0,Unnamed: 186_level_0,Unnamed: 187_level_0,Unnamed: 188_level_0,Unnamed: 189_level_0,Unnamed: 190_level_0,Unnamed: 191_level_0,Unnamed: 192_level_0,Unnamed: 193_level_0,Unnamed: 194_level_0,Unnamed: 195_level_0,Unnamed: 196_level_0,Unnamed: 197_level_0,Unnamed: 198_level_0,Unnamed: 199_level_0,Unnamed: 200_level_0,Unnamed: 201_level_0,Unnamed: 202_level_0,Unnamed: 203_level_0,Unnamed: 204_level_0,Unnamed: 205_level_0,Unnamed: 206_level_0,Unnamed: 207_level_0,Unnamed: 208_level_0,Unnamed: 209_level_0,Unnamed: 210_level_0,Unnamed: 211_level_0,Unnamed: 212_level_0,Unnamed: 213_level_0,Unnamed: 214_level_0,Unnamed: 215_level_0,Unnamed: 216_level_0,Unnamed: 217_level_0,Unnamed: 218_level_0,Unnamed: 219_level_0,Unnamed: 220_level_0,Unnamed: 221_level_0,Unnamed: 222_level_0,Unnamed: 223_level_0,Unnamed: 224_level_0,Unnamed: 225_level_0,Unnamed: 226_level_0,Unnamed: 227_level_0,Unnamed: 228_level_0,Unnamed: 229_level_0,Unnamed: 230_level_0,Unnamed: 231_level_0,Unnamed: 232_level_0,Unnamed: 233_level_0,Unnamed: 234_level_0,Unnamed: 235_level_0,Unnamed: 236_level_0,Unnamed: 237_level_0,Unnamed: 238_level_0,Unnamed: 239_level_0,Unnamed: 240_level_0,se_tool_ratings_header,Unnamed: 242_level_0,Unnamed: 243_level_0,Unnamed: 244_level_0,Unnamed: 245_level_0,Unnamed: 246_level_0,Unnamed: 247_level_0,Unnamed: 248_level_0,Unnamed: 249_level_0,Unnamed: 250_level_0,Unnamed: 251_level_0,Unnamed: 252_level_0,Unnamed: 253_level_0,se_methods_usage_header,Unnamed: 255_level_0,Unnamed: 256_level_0,Unnamed: 257_level_0,Unnamed: 258_level_0,Unnamed: 259_level_0,Unnamed: 260_level_0,Unnamed: 261_level_0,Unnamed: 262_level_0,Unnamed: 263_level_0,Unnamed: 264_level_0,Unnamed: 265_level_0,Unnamed: 266_level_0,Unnamed: 267_level_0,Unnamed: 268_level_0,se_methods_phase_header,Unnamed: 270_level_0,Unnamed: 271_level_0,Unnamed: 272_level_0,Unnamed: 273_level_0,Unnamed: 274_level_0,Unnamed: 275_level_0,Unnamed: 276_level_0,Unnamed: 277_level_0,Unnamed: 278_level_0,Unnamed: 279_level_0,Unnamed: 280_level_0,Unnamed: 281_level_0,Unnamed: 282_level_0,Unnamed: 283_level_0,Unnamed: 284_level_0,Unnamed: 285_level_0,Unnamed: 286_level_0,Unnamed: 287_level_0,Unnamed: 288_level_0,Unnamed: 289_level_0,Unnamed: 290_level_0,Unnamed: 291_level_0,Unnamed: 292_level_0,Unnamed: 293_level_0,Unnamed: 294_level_0,Unnamed: 295_level_0,Unnamed: 296_level_0,Unnamed: 297_level_0,Unnamed: 298_level_0,Unnamed: 299_level_0,Unnamed: 300_level_0,Unnamed: 301_level_0,Unnamed: 302_level_0,Unnamed: 303_level_0,Unnamed: 304_level_0,Unnamed: 305_level_0,Unnamed: 306_level_0,Unnamed: 307_level_0,Unnamed: 308_level_0,Unnamed: 309_level_0,Unnamed: 310_level_0,Unnamed: 311_level_0,Unnamed: 312_level_0,Unnamed: 313_level_0,Unnamed: 314_level_0,Unnamed: 315_level_0,Unnamed: 316_level_0,Unnamed: 317_level_0,Unnamed: 318_level_0,Unnamed: 319_level_0,Unnamed: 320_level_0,Unnamed: 321_level_0,Unnamed: 322_level_0,Unnamed: 323_level_0,Unnamed: 324_level_0,Unnamed: 325_level_0,Unnamed: 326_level_0,Unnamed: 327_level_0,Unnamed: 328_level_0,Unnamed: 329_level_0,Unnamed: 330_level_0,Unnamed: 331_level_0,Unnamed: 332_level_0,Unnamed: 333_level_0,Unnamed: 334_level_0,Unnamed: 335_level_0,Unnamed: 336_level_0,Unnamed: 337_level_0,Unnamed: 338_level_0,Unnamed: 339_level_0,Unnamed: 340_level_0,Unnamed: 341_level_0,Unnamed: 342_level_0,Unnamed: 343_level_0,Unnamed: 344_level_0,Unnamed: 345_level_0,Unnamed: 346_level_0,Unnamed: 347_level_0,Unnamed: 348_level_0,Unnamed: 349_level_0,Unnamed: 350_level_0,Unnamed: 351_level_0,Unnamed: 352_level_0,Unnamed: 353_level_0,Unnamed: 354_level_0,Unnamed: 355_level_0,Unnamed: 356_level_0,Unnamed: 357_level_0,Unnamed: 358_level_0,future_se_methods,se_benefits_header,Unnamed: 361_level_0,Unnamed: 362_level_0,Unnamed: 363_level_0,Unnamed: 364_level_0,Unnamed: 365_level_0,Unnamed: 366_level_0,Unnamed: 367_level_0,dream_tool_description,Unnamed: 369_level_0,Unnamed: 370_level_0
Unnamed: 0_level_1,Unnamed: 1_level_1,Unnamed: 2_level_1,Unnamed: 3_level_1,Unnamed: 4_level_1,Unnamed: 7_level_1,Response,Response,Response,Response,Response,Response,position_other,Response,position_other,Response,Response,Response,position_other,freq_business_understanding,freq_data_understanding,freq_data_preparation,freq_modeling,freq_evaluation,freq_deployment,challenge_high_learning_curve_of_business_[bu],challenge_misunderstanding_ds_users_[bu],challenge_new_unplanned_features_requests_[bu],challenge_data_cleansing_[dp],challenge_data_inconsistency_behaviour_drift_[dp],challenge_incomplete_data_[dp_du],challenge_learning_curve_data_exploration_[du],challenge_data_assertion_observability_monitoring_[dpm],challenge_model_monitoring_[dpm],challenge_fix_model_bug_[mod],challenge_no_maintenance_documentation,challenge_many_stakeholders,challenge_no_integration_load_testing,challenge_requirement_changes,challenge_requirements_gathering,challenge_no_version_control,challenge_code_maintenance_reuse,position_other,tool_airflow,tool_databricks,tool_dataflow,tool_jupyter_notebook,tool_streamlit,tool_tensorflow_serving,tool_torchserve,tool_coltjob,tool_python_packages,tool_bigquery,tool_blacklink,tool_cdsw,tool_dbt,tool_google_colab,tool_apache_hive,tool_isource,tool_impala,tool_jupyter_lab,tool_mlflow,tool_rapidminer,tool_sagemaker,tool_tableau,tool_r_packages,tool_sas,tool_scala,tool_sql,tool_tkinter,tool_pycharm,tool_phase_airflow_bu,tool_phase_airflow_du,tool_phase_airflow_dp,tool_phase_airflow_mod,tool_phase_airflow_eval,tool_phase_airflow_deploy,tool_phase_databricks_bu,tool_phase_databricks_du,tool_phase_databricks_dp,tool_phase_databricks_mod,tool_phase_databricks_eval,tool_phase_databricks_deploy,tool_phase_dataflow_bu,tool_phase_dataflow_du,tool_phase_dataflow_dp,tool_phase_dataflow_mod,tool_phase_dataflow_eval,tool_phase_dataflow_deploy,tool_phase_jupyter_notebook_bu,tool_phase_jupyter_notebook_du,tool_phase_jupyter_notebook_dp,tool_phase_jupyter_notebook_mod,tool_phase_jupyter_notebook_eval,tool_phase_jupyter_notebook_deploy,tool_phase_streamlit_bu,tool_phase_streamlit_du,tool_phase_streamlit_dp,tool_phase_streamlit_mod,tool_phase_streamlit_eval,tool_phase_streamlit_deploy,tool_phase_tensorflow_serving_bu,tool_phase_tensorflow_serving_du,tool_phase_tensorflow_serving_dp,tool_phase_tensorflow_serving_mod,tool_phase_tensorflow_serving_eval,tool_phase_tensorflow_serving_deploy,tool_phase_torchserve_bu,tool_phase_torchserve_du,tool_phase_torchserve_dp,tool_phase_torchserve_mod,tool_phase_torchserve_eval,tool_phase_torchserve_deploy,tool_phase_coltjob_bu,tool_phase_coltjob_du,tool_phase_coltjob_dp,tool_phase_coltjob_mod,tool_phase_coltjob_eval,tool_phase_coltjob_deploy,tool_phase_python_packages_bu,tool_phase_python_packages_du,tool_phase_python_packages_dp,tool_phase_python_packages_mod,tool_phase_python_packages_eval,tool_phase_python_packages_deploy,tool_phase_bigquery_bu,tool_phase_bigquery_du,tool_phase_bigquery_dp,tool_phase_bigquery_mod,tool_phase_bigquery_eval,tool_phase_bigquery_deploy,tool_phase_blacklink_bu,tool_phase_blacklink_du,tool_phase_blacklink_dp,tool_phase_blacklink_mod,tool_phase_blacklink_eval,tool_phase_blacklink_deploy,tool_phase_cdsw_bu,tool_phase_cdsw_du,tool_phase_cdsw_dp,tool_phase_cdsw_mod,tool_phase_cdsw_eval,tool_phase_cdsw_deploy,tool_phase_dbt_bu,tool_phase_dbt_du,tool_phase_dbt_dp,tool_phase_dbt_mod,tool_phase_dbt_eval,tool_phase_dbt_deploy,tool_phase_google_colab_bu,tool_phase_google_colab_du,tool_phase_google_colab_dp,tool_phase_google_colab_mod,tool_phase_google_colab_eval,tool_phase_google_colab_deploy,tool_phase_apache_hive_bu,tool_phase_apache_hive_du,tool_phase_apache_hive_dp,tool_phase_apache_hive_mod,tool_phase_apache_hive_eval,tool_phase_apache_hive_deploy,tool_phase_isource_bu,tool_phase_isource_du,tool_phase_isource_dp,tool_phase_isource_mod,tool_phase_isource_eval,tool_phase_isource_deploy,tool_phase_impala_bu,tool_phase_impala_du,tool_phase_impala_dp,tool_phase_impala_mod,tool_phase_impala_eval,tool_phase_impala_deploy,tool_phase_jupyter_lab_bu,tool_phase_jupyter_lab_du,tool_phase_jupyter_lab_dp,tool_phase_jupyter_lab_mod,tool_phase_jupyter_lab_eval,tool_phase_jupyter_lab_deploy,tool_phase_mlflow_bu,tool_phase_mlflow_du,tool_phase_mlflow_dp,tool_phase_mlflow_mod,tool_phase_mlflow_eval,tool_phase_mlflow_deploy,tool_phase_rapidminer_bu,tool_phase_rapidminer_du,tool_phase_rapidminer_dp,tool_phase_rapidminer_mod,tool_phase_rapidminer_eval,tool_phase_rapidminer_deploy,tool_phase_sagemaker_bu,tool_phase_sagemaker_du,tool_phase_sagemaker_dp,tool_phase_sagemaker_mod,tool_phase_sagemaker_eval,tool_phase_sagemaker_deploy,tool_phase_tableau_bu,tool_phase_tableau_du,tool_phase_tableau_dp,tool_phase_tableau_mod,tool_phase_tableau_eval,tool_phase_tableau_deploy,tool_phase_r_packages_bu,tool_phase_r_packages_du,tool_phase_r_packages_dp,tool_phase_r_packages_mod,tool_phase_r_packages_eval,tool_phase_r_packages_deploy,tool_phase_sas_bu,tool_phase_sas_du,tool_phase_sas_dp,tool_phase_sas_mod,tool_phase_sas_eval,tool_phase_sas_deploy,tool_phase_scala_bu,tool_phase_scala_du,tool_phase_scala_dp,tool_phase_scala_mod,tool_phase_scala_eval,tool_phase_scala_deploy,tool_phase_sql_bu,tool_phase_sql_du,tool_phase_sql_dp,tool_phase_sql_mod,tool_phase_sql_eval,tool_phase_sql_deploy,tool_phase_tkinter_bu,tool_phase_tkinter_du,tool_phase_tkinter_dp,tool_phase_tkinter_mod,tool_phase_tkinter_eval,tool_phase_tkinter_deploy,tool_phase_pycharm_bu,tool_phase_pycharm_du,tool_phase_pycharm_dp,tool_phase_pycharm_mod,tool_phase_pycharm_eval,tool_phase_pycharm_deploy,rating_requirement_tools,rating_design_tools,rating_construction_tools,rating_testing_tools,rating_maintenance_tools,rating_config_mgmt_tools,rating_se_mgmt_tools,rating_process_tools,rating_quality_tools,rating_knowledge_tools,rating_meeting_tools,rating_social_tools,rating_misc_tools,method_scrum_kanban,method_standup,method_sprints,method_code_review,method_coding_convention,method_devops,method_effort_estimation,method_requirements_analysis,method_exit_criteria,method_integration_testing,method_model_testing,method_uat,method_unit_testing,method_use_case,method_containerization,method_phase_scrum_kanban_bu,method_phase_scrum_kanban_du,method_phase_scrum_kanban_dp,method_phase_scrum_kanban_mod,method_phase_scrum_kanban_eval,method_phase_scrum_kanban_deploy,method_phase_standup_bu,method_phase_standup_du,method_phase_standup_dp,method_phase_standup_mod,method_phase_standup_eval,method_phase_standup_deploy,method_phase_sprints_bu,method_phase_sprints_du,method_phase_sprints_dp,method_phase_sprints_mod,method_phase_sprints_eval,method_phase_sprints_deploy,method_phase_code_review_bu,method_phase_code_review_du,method_phase_code_review_dp,method_phase_code_review_mod,method_phase_code_review_eval,method_phase_code_review_deploy,method_phase_coding_convention_bu,method_phase_coding_convention_du,method_phase_coding_convention_dp,method_phase_coding_convention_mod,method_phase_coding_convention_eval,method_phase_coding_convention_deploy,method_phase_devops_bu,method_phase_devops_du,method_phase_devops_dp,method_phase_devops_mod,method_phase_devops_eval,method_phase_devops_deploy,method_phase_effort_estimation_bu,method_phase_effort_estimation_du,method_phase_effort_estimation_dp,method_phase_effort_estimation_mod,method_phase_effort_estimation_eval,method_phase_effort_estimation_deploy,method_phase_requirements_analysis_bu,method_phase_requirements_analysis_du,method_phase_requirements_analysis_dp,method_phase_requirements_analysis_mod,method_phase_requirements_analysis_eval,method_phase_requirements_analysis_deploy,method_phase_exit_criteria_bu,method_phase_exit_criteria_du,method_phase_exit_criteria_dp,method_phase_exit_criteria_mod,method_phase_exit_criteria_eval,method_phase_exit_criteria_deploy,method_phase_integration_testing_bu,method_phase_integration_testing_du,method_phase_integration_testing_dp,method_phase_integration_testing_mod,method_phase_integration_testing_eval,method_phase_integration_testing_deploy,method_phase_model_testing_bu,method_phase_model_testing_du,method_phase_model_testing_dp,method_phase_model_testing_mod,method_phase_model_testing_eval,method_phase_model_testing_deploy,method_phase_uat_bu,method_phase_uat_du,method_phase_uat_dp,method_phase_uat_mod,method_phase_uat_eval,method_phase_uat_deploy,method_phase_unit_testing_bu,method_phase_unit_testing_du,method_phase_unit_testing_dp,method_phase_unit_testing_mod,method_phase_unit_testing_eval,method_phase_unit_testing_deploy,method_phase_use_case_bu,method_phase_use_case_du,method_phase_use_case_dp,method_phase_use_case_mod,method_phase_use_case_eval,method_phase_use_case_deploy,method_phase_containerization_bu,method_phase_containerization_du,method_phase_containerization_dp,method_phase_containerization_mod,method_phase_containerization_eval,method_phase_containerization_deploy,open_ended_response,benefit_team_guidance,benefit_better_planning,benefit_efficiency,benefit_test_coverage,benefit_reduce_problems,benefit_readable_code,benefit_project_handover,position_other,open_ended_response,Unnamed: 369_level_1,Unnamed: 370_level_1
Thailand,114600975755,431174607,2024-05-15 18:09:34,2024-05-15 19:52:57,th,ยืนยัน,Thailand,1-5 ปี,ไม่มีประสบการณ์,ปริญญาตรีหรือเท่าเทียม,Programmer / Software developer,,Software house,,"10,000 - 99,999",รู้จักและใช้งาน,CRISP-DM,,4 - ทำบ่อย,5 - ทำบ่อยที่สุด,4 - ทำบ่อย,5 - ทำบ่อยที่สุด,5 - ทำบ่อยที่สุด,3 - ทำปานกลาง,2 - พบปัญหาน้อย,3 - พบปัญหาปานกลาง,4 - พบปัญหาบ่อย,5 - พบปัญหาบ่อยมากที่สุด,4 - พบปัญหาบ่อย,3 - พบปัญหาปานกลาง,3 - พบปัญหาปานกลาง,1 - พบปัญหาน้อยที่สุด,1 - พบปัญหาน้อยที่สุด,4 - พบปัญหาบ่อย,,มีผู้เกี่ยวข้องในโปรเจคท์จำนวนมาก ทำให้บริหารจัดการลำบาก,,การเปลี่ยนแปลง Requirements ระหว่างทาง,ปัญหาในการเก็บ Requirements (เช่น Requirement ไม่สมบูรณ์ ไม่ถูกต้อง),ไม่มีการทำ Version control,,,วางแผนจะใช้ในอนาคต,เคยใช้ในอดีต (แต่ปัจจุบันไม่ได้ใช้),วางแผนจะใช้ในอนาคต,ใช้อยู่ในปัจจุบัน,วางแผนจะใช้ในอนาคต,วางแผนจะใช้ในอนาคต,วางแผนจะใช้ในอนาคต,วางแผนจะใช้ในอนาคต,ใช้อยู่ในปัจจุบัน,วางแผนจะใช้ในอนาคต,วางแผนจะใช้ในอนาคต,วางแผนจะใช้ในอนาคต,วางแผนจะใช้ในอนาคต,ใช้อยู่ในปัจจุบัน,ใช้อยู่ในปัจจุบัน,วางแผนจะใช้ในอนาคต,วางแผนจะใช้ในอนาคต,ใช้อยู่ในปัจจุบัน,วางแผนจะใช้ในอนาคต,วางแผนจะใช้ในอนาคต,ใช้อยู่ในปัจจุบัน,เคยใช้ในอดีต (แต่ปัจจุบันไม่ได้ใช้),เคยใช้ในอดีต (แต่ปัจจุบันไม่ได้ใช้),เคยใช้ในอดีต (แต่ปัจจุบันไม่ได้ใช้),วางแผนจะใช้ในอนาคต,ใช้อยู่ในปัจจุบัน,วางแผนจะใช้ในอนาคต,วางแผนจะใช้ในอนาคต,,,,,,,,,ใช้ในเฟส Data Preparation,,,,,,,,,,,ใช้ในเฟส Data Understanding,ใช้ในเฟส Data Preparation,ใช้ในเฟส Modelling,ใช้ในเฟส Evaluation,,,,,,,,,,,,,,,,,,,,,,,,,,,ใช้ในเฟส Data Understanding,ใช้ในเฟส Data Preparation,ใช้ในเฟส Modelling,ใช้ในเฟส Evaluation,ใช้ในเฟส Deployment,,,,,,,,,,,,,,,,,,,,,,,,,,ใช้ในเฟส Data Understanding,ใช้ในเฟส Data Preparation,ใช้ในเฟส Modelling,ใช้ในเฟส Evaluation,,,ใช้ในเฟส Data Understanding,ใช้ในเฟส Data Preparation,,,,,,,,,,,,,,,,,ใช้ในเฟส Data Understanding,ใช้ในเฟส Data Preparation,ใช้ในเฟส Modelling,ใช้ในเฟส Evaluation,,,,,,,,,,,,,,,ใช้ในเฟส Data Understanding,ใช้ในเฟส Data Preparation,ใช้ในเฟส Modelling,ใช้ในเฟส Evaluation,,,,,,ใช้ในเฟส Evaluation,ใช้ในเฟส Deployment,,ใช้ในเฟส Data Understanding,,ใช้ในเฟส Modelling,ใช้ในเฟส Evaluation,,,ใช้ในเฟส Data Understanding,ใช้ในเฟส Data Preparation,ใช้ในเฟส Modelling,ใช้ในเฟส Evaluation,,,,,,,,,ใช้ในเฟส Data Understanding,ใช้ในเฟส Data Preparation,,ใช้ในเฟส Evaluation,,,,,,,,,,,,,,ไม่ได้ใช้งาน,ไม่ได้ใช้งาน,5,ไม่ได้ใช้งาน,ไม่ได้ใช้งาน,5,ไม่ได้ใช้งาน,ไม่ได้ใช้งาน,ไม่ได้ใช้งาน,3,3,4,ไม่ได้ใช้งาน,ใช้อยู่ในปัจจุบัน,ใช้อยู่ในปัจจุบัน,,ใช้อยู่ในปัจจุบัน,ใช้อยู่ในปัจจุบัน,,วางแผนจะใช้ในอนาคต,ใช้อยู่ในปัจจุบัน,ใช้อยู่ในปัจจุบัน,ใช้อยู่ในปัจจุบัน,ใช้อยู่ในปัจจุบัน,ใช้อยู่ในปัจจุบัน,ใช้อยู่ในปัจจุบัน,ใช้อยู่ในปัจจุบัน,วางแผนจะใช้ในอนาคต,ใช้ในเฟส Business Understanding,ใช้ในเฟส Data Understanding,ใช้ในเฟส Data Preparation,ใช้ในเฟส Modelling,ใช้ในเฟส Evaluation,ใช้ในเฟส Deployment,ใช้ในเฟส Business Understanding,ใช้ในเฟส Data Understanding,ใช้ในเฟส Data Preparation,ใช้ในเฟส Modelling,ใช้ในเฟส Evaluation,,,,,,,,,,ใช้ในเฟส Data Preparation,ใช้ในเฟส Modelling,ใช้ในเฟส Evaluation,,,,ใช้ในเฟส Data Preparation,ใช้ในเฟส Modelling,ใช้ในเฟส Evaluation,,,,,,,,ใช้ในเฟส Business Understanding,ใช้ในเฟส Data Understanding,ใช้ในเฟส Data Preparation,ใช้ในเฟส Modelling,ใช้ในเฟส Evaluation,ใช้ในเฟส Deployment,ใช้ในเฟส Business Understanding,,,,ใช้ในเฟส Evaluation,,,,,ใช้ในเฟส Modelling,ใช้ในเฟส Evaluation,ใช้ในเฟส Deployment,,ใช้ในเฟส Data Understanding,ใช้ในเฟส Data Preparation,ใช้ในเฟส Modelling,,ใช้ในเฟส Deployment,,,,ใช้ในเฟส Modelling,ใช้ในเฟส Evaluation,ใช้ในเฟส Deployment,,,,,ใช้ในเฟส Evaluation,ใช้ในเฟส Deployment,,,,,ใช้ในเฟส Evaluation,ใช้ในเฟส Deployment,,,,,ใช้ในเฟส Evaluation,ใช้ในเฟส Deployment,,,,,,ใช้ในเฟส Deployment,,,ช่วยให้ทำตามแพลนได้ดีขึ้น,เพิ่มประสิทธิภาพในทุกขั้นตอน,เพิ่ม test coverage,ลดปัญหาก่อนที่จะส่งมอบให้ลูกค้า,โค้ดอ่านง่ายและเป็นระเบียบ,ส่งต่อโครงการได้ง่าย,,เครื่องมือที่ช่วยวิเคราะห์ สำรวจข้อมูลเบื้องต้นอย่างครบถ้วน รอบด้านและรองรับข้อมูลขนาดใหญ่มากๆได้ รวมถึงทำความสะอาดข้อมูลให้พร้อมใช้ทำโมเดล,,
Thailand,114600955316,431174607,2024-05-15 17:31:40,2024-05-15 17:34:40,th,ยืนยัน,Australia,1-5 ปี,1-5 ปี,ปริญญาตรีหรือเท่าเทียม,Data scientist,,In-house data science/data team,,"1,000 - 9,999",รู้จักและใช้งาน,,,,,,,,,,,,,,,,,,,,,,,,,,,,,,,,,,,,,,,,,,,,,,,,,,,,,,,,,,,,,,,,,,,,,,,,,,,,,,,,,,,,,,,,,,,,,,,,,,,,,,,,,,,,,,,,,,,,,,,,,,,,,,,,,,,,,,,,,,,,,,,,,,,,,,,,,,,,,,,,,,,,,,,,,,,,,,,,,,,,,,,,,,,,,,,,,,,,,,,,,,,,,,,,,,,,,,,,,,,,,,,,,,,,,,,,,,,,,,,,,,,,,,,,,,,,,,,,,,,,,,,,,,,,,,,,,,,,,,,,,,,,,,,,,,,,,,,,,,,,,,,,,,,,,,,,,,,,,,,,,,,,,,,,,,,,,,,,,,,,,,,,,,,,,,,,
Thailand,114600751960,431174607,2024-05-15 09:38:44,2024-05-15 09:43:54,th,ยืนยัน,Thailand,มากกว่า 10 ปี,6-10 ปี,ปริญญาโทหรือเท่าเทียม,Machine learning engineer,,In-house data science/data team,,"1,000 - 9,999",รู้จักและใช้งาน,CRISP-DM,,4 - ทำบ่อย,4 - ทำบ่อย,4 - ทำบ่อย,2 - ทำน้อย,4 - ทำบ่อย,4 - ทำบ่อย,2 - พบปัญหาน้อย,2 - พบปัญหาน้อย,3 - พบปัญหาปานกลาง,,4 - พบปัญหาบ่อย,,3 - พบปัญหาปานกลาง,,4 - พบปัญหาบ่อย,4 - พบปัญหาบ่อย,,,ไม่มีการทำ Integration test และ Load test,,,,,,ใช้อยู่ในปัจจุบัน,ใช้อยู่ในปัจจุบัน,วางแผนจะใช้ในอนาคต,,ใช้อยู่ในปัจจุบัน,,เคยใช้ในอดีต (แต่ปัจจุบันไม่ได้ใช้),,วางแผนจะใช้ในอนาคต,,ใช้อยู่ในปัจจุบัน,,วางแผนจะใช้ในอนาคต,ใช้อยู่ในปัจจุบัน,ใช้อยู่ในปัจจุบัน,,ใช้อยู่ในปัจจุบัน,ใช้อยู่ในปัจจุบัน,ใช้อยู่ในปัจจุบัน,ใช้อยู่ในปัจจุบัน,เคยใช้ในอดีต (แต่ปัจจุบันไม่ได้ใช้),ใช้อยู่ในปัจจุบัน,เคยใช้ในอดีต (แต่ปัจจุบันไม่ได้ใช้),ใช้อยู่ในปัจจุบัน,วางแผนจะใช้ในอนาคต,ใช้อยู่ในปัจจุบัน,วางแผนจะใช้ในอนาคต,วางแผนจะใช้ในอนาคต,ใช้ในเฟส Business Understanding,,,ใช้ในเฟส Modelling,,ใช้ในเฟส Deployment,,ใช้ในเฟส Data Understanding,ใช้ในเฟส Data Preparation,,,ใช้ในเฟส Deployment,,,,,,,,,,,,,ใช้ในเฟส Business Understanding,,,ใช้ในเฟส Modelling,,,,,,,,,,ใช้ในเฟส Data Understanding,ใช้ในเฟส Data Preparation,,ใช้ในเฟส Evaluation,,,,,,,,,,,,,,,,,,,,,,ใช้ในเฟส Data Preparation,,,,,,,,,,,,,,,,,,ใช้ในเฟส Data Preparation,,,ใช้ในเฟส Deployment,ใช้ในเฟส Business Understanding,ใช้ในเฟส Data Understanding,,,,,,,,,,,ใช้ในเฟส Business Understanding,ใช้ในเฟส Data Understanding,ใช้ในเฟส Data Preparation,,ใช้ในเฟส Evaluation,,,,ใช้ในเฟส Data Preparation,,ใช้ในเฟส Evaluation,,,,,,ใช้ในเฟส Evaluation,,,,,ใช้ในเฟส Modelling,ใช้ในเฟส Evaluation,,,ใช้ในเฟส Data Understanding,,ใช้ในเฟส Modelling,,,ใช้ในเฟส Business Understanding,ใช้ในเฟส Data Understanding,ใช้ในเฟส Data Preparation,ใช้ในเฟส Modelling,,,ใช้ในเฟส Business Understanding,ใช้ในเฟส Data Understanding,ใช้ในเฟส Data Preparation,ใช้ในเฟส Modelling,,,ใช้ในเฟส Business Understanding,,ใช้ในเฟส Data Preparation,ใช้ในเฟส Modelling,,,,,,,,,ใช้ในเฟส Business Understanding,ใช้ในเฟส Data Understanding,ใช้ในเฟส Data Preparation,ใช้ในเฟส Modelling,,,,,,,,,,,,,,,4,5,5,4,3,5,4,4,4,4,4,5,4,ใช้อยู่ในปัจจุบัน,ใช้อยู่ในปัจจุบัน,ใช้อยู่ในปัจจุบัน,,ใช้อยู่ในปัจจุบัน,ใช้อยู่ในปัจจุบัน,ใช้อยู่ในปัจจุบัน,วางแผนจะใช้ในอนาคต,ใช้อยู่ในปัจจุบัน,เคยใช้ในอดีต (แต่ปัจจุบันไม่ได้ใช้),ใช้อยู่ในปัจจุบัน,ใช้อยู่ในปัจจุบัน,ใช้อยู่ในปัจจุบัน,ใช้อยู่ในปัจจุบัน,ใช้อยู่ในปัจจุบัน,,ใช้ในเฟส Data Understanding,,ใช้ในเฟส Modelling,ใช้ในเฟส Evaluation,,ใช้ในเฟส Business Understanding,,ใช้ในเฟส Data Preparation,,ใช้ในเฟส Evaluation,,,,ใช้ในเฟส Data Preparation,,ใช้ในเฟส Evaluation,,,,,,,,,ใช้ในเฟส Data Understanding,,,,ใช้ในเฟส Deployment,,,ใช้ในเฟส Data Preparation,,,ใช้ในเฟส Deployment,,,,ใช้ในเฟส Modelling,,,ใช้ในเฟส Business Understanding,,,ใช้ในเฟส Modelling,ใช้ในเฟส Evaluation,,,ใช้ในเฟส Data Understanding,,,ใช้ในเฟส Evaluation,ใช้ในเฟส Deployment,,ใช้ในเฟส Data Understanding,,ใช้ในเฟส Modelling,,ใช้ในเฟส Deployment,,ใช้ในเฟส Data Understanding,,ใช้ในเฟส Modelling,ใช้ในเฟส Evaluation,,,ใช้ในเฟส Data Understanding,ใช้ในเฟส Data Preparation,,,ใช้ในเฟส Deployment,,,ใช้ในเฟส Data Preparation,,ใช้ในเฟส Evaluation,,ใช้ในเฟส Business Understanding,,ใช้ในเฟส Data Preparation,,,ใช้ในเฟส Deployment,,ใช้ในเฟส Data Understanding,,ใช้ในเฟส Modelling,,,,การได้รับคำแนะนำจากทีม (ในการประชุม stand-up meeting),,เพิ่มประสิทธิภาพในทุกขั้นตอน,,ลดปัญหาก่อนที่จะส่งมอบให้ลูกค้า,โค้ดอ่านง่ายและเป็นระเบียบ,ส่งต่อโครงการได้ง่าย,,เครื่องมือที่สามารถสำรองข้อมูลได้ในปริมาณมาก,,
Thailand,114599930108,431174607,2024-05-14 14:37:05,2024-05-14 16:11:21,en,ยืนยัน,Thailand,น้อยกว่า 1 ปี,น้อยกว่า 1 ปี,ปริญญาตรีหรือเท่าเทียม,Data analyst,,อื่นๆ (โปรดระบุ),Government Organization,"1,000 - 9,999",ไม่รู้จัก,CRISP-DM,,4 - ทำบ่อย,4 - ทำบ่อย,4 - ทำบ่อย,3 - ทำปานกลาง,3 - ทำปานกลาง,3 - ทำปานกลาง,5 - พบปัญหาบ่อยมากที่สุด,5 - พบปัญหาบ่อยมากที่สุด,5 - พบปัญหาบ่อยมากที่สุด,5 - พบปัญหาบ่อยมากที่สุด,5 - พบปัญหาบ่อยมากที่สุด,5 - พบปัญหาบ่อยมากที่สุด,5 - พบปัญหาบ่อยมากที่สุด,5 - พบปัญหาบ่อยมากที่สุด,3 - พบปัญหาปานกลาง,3 - พบปัญหาปานกลาง,การที่ไม่มีเอกสารให้ศึกษาระหว่างการดูแลรักษาโครงการ,มีผู้เกี่ยวข้องในโปรเจคท์จำนวนมาก ทำให้บริหารจัดการลำบาก,ไม่มีการทำ Integration test และ Load test,การเปลี่ยนแปลง Requirements ระหว่างทาง,ปัญหาในการเก็บ Requirements (เช่น Requirement ไม่สมบูรณ์ ไม่ถูกต้อง),,,,,,,,,,,,,,,,,,,,,,,,,,,,,,,,,,,,,,,,,,,,,,,,,,,,,,,,,,,,,,,,,,,,,,,,,,,,,,,,,,,,,,,,,,,,,,,,,,,,,,,,,,,,,,,,,,,,,,,,,,,,,,,,,,,,,,,,,,,,,,,,,,,,,,,,,,,,,,,,,,,,,,,,,,,,,,,,,,,,,,,,,,,,,,,,,,,,,,,,,,,,,,,,,,,,,,,,,,,,,,,,,,,,,,,,,,,,,,,,,,,,,,,,,,,,,,,,,,,,,,,,,,,,,,,,,,,,,,,,,,,,,,,,,,,,,,,,,,,,,,,,,,,,,,,,,,,,,,,,,,,,,,,,,
Thailand,114599009507,431174607,2024-05-13 17:28:42,2024-05-13 17:34:24,th,ยืนยัน,Thailand,6-10 ปี,1-5 ปี,ปริญญาโทหรือเท่าเทียม,Data scientist,,In-house data science/data team,,0 - 9,รู้จักและใช้งาน,Microsoft TDSP,,5 - ทำบ่อยที่สุด,5 - ทำบ่อยที่สุด,4 - ทำบ่อย,3 - ทำปานกลาง,5 - ทำบ่อยที่สุด,2 - ทำน้อย,3 - พบปัญหาปานกลาง,5 - พบปัญหาบ่อยมากที่สุด,4 - พบปัญหาบ่อย,5 - พบปัญหาบ่อยมากที่สุด,4 - พบปัญหาบ่อย,5 - พบปัญหาบ่อยมากที่สุด,5 - พบปัญหาบ่อยมากที่สุด,5 - พบปัญหาบ่อยมากที่สุด,5 - พบปัญหาบ่อยมากที่สุด,5 - พบปัญหาบ่อยมากที่สุด,การที่ไม่มีเอกสารให้ศึกษาระหว่างการดูแลรักษาโครงการ,มีผู้เกี่ยวข้องในโปรเจคท์จำนวนมาก ทำให้บริหารจัดการลำบาก,ไม่มีการทำ Integration test และ Load test,,,,,,เคยใช้ในอดีต (แต่ปัจจุบันไม่ได้ใช้),วางแผนจะใช้ในอนาคต,วางแผนจะใช้ในอนาคต,ใช้อยู่ในปัจจุบัน,ใช้อยู่ในปัจจุบัน,วางแผนจะใช้ในอนาคต,เคยใช้ในอดีต (แต่ปัจจุบันไม่ได้ใช้),ใช้อยู่ในปัจจุบัน,ใช้อยู่ในปัจจุบัน,ใช้อยู่ในปัจจุบัน,ใช้อยู่ในปัจจุบัน,วางแผนจะใช้ในอนาคต,วางแผนจะใช้ในอนาคต,ใช้อยู่ในปัจจุบัน,เคยใช้ในอดีต (แต่ปัจจุบันไม่ได้ใช้),วางแผนจะใช้ในอนาคต,เคยใช้ในอดีต (แต่ปัจจุบันไม่ได้ใช้),ใช้อยู่ในปัจจุบัน,ใช้อยู่ในปัจจุบัน,เคยใช้ในอดีต (แต่ปัจจุบันไม่ได้ใช้),วางแผนจะใช้ในอนาคต,วางแผนจะใช้ในอนาคต,เคยใช้ในอดีต (แต่ปัจจุบันไม่ได้ใช้),เคยใช้ในอดีต (แต่ปัจจุบันไม่ได้ใช้),เคยใช้ในอดีต (แต่ปัจจุบันไม่ได้ใช้),ใช้อยู่ในปัจจุบัน,ใช้อยู่ในปัจจุบัน,ใช้อยู่ในปัจจุบัน,,,ใช้ในเฟส Data Preparation,,,,,,,,,,,,,,,,ใช้ในเฟส Business Understanding,ใช้ในเฟส Data Understanding,ใช้ในเฟส Data Preparation,ใช้ในเฟส Modelling,ใช้ในเฟส Evaluation,ใช้ในเฟส Deployment,ใช้ในเฟส Business Understanding,ใช้ในเฟส Data Understanding,ใช้ในเฟส Data Preparation,,,ใช้ในเฟส Deployment,,,,,,,,,,ใช้ในเฟส Modelling,ใช้ในเฟส Evaluation,,ใช้ในเฟส Business Understanding,ใช้ในเฟส Data Understanding,ใช้ในเฟส Data Preparation,,,,ใช้ในเฟส Business Understanding,ใช้ในเฟส Data Understanding,ใช้ในเฟส Data Preparation,ใช้ในเฟส Modelling,ใช้ในเฟส Evaluation,ใช้ในเฟส Deployment,ใช้ในเฟส Business Understanding,ใช้ในเฟส Data Understanding,ใช้ในเฟส Data Preparation,ใช้ในเฟส Modelling,ใช้ในเฟส Evaluation,ใช้ในเฟส Deployment,ใช้ในเฟส Business Understanding,ใช้ในเฟส Data Understanding,ใช้ในเฟส Data Preparation,,,,,,,,,,,,,,,,ใช้ในเฟส Business Understanding,ใช้ในเฟส Data Understanding,ใช้ในเฟส Data Preparation,ใช้ในเฟส Modelling,ใช้ในเฟส Evaluation,ใช้ในเฟส Deployment,ใช้ในเฟส Business Understanding,ใช้ในเฟส Data Understanding,ใช้ในเฟส Data Preparation,,,,,,,,,,,,ใช้ในเฟส Data Preparation,,,,ใช้ในเฟส Business Understanding,ใช้ในเฟส Data Understanding,ใช้ในเฟส Data Preparation,ใช้ในเฟส Modelling,ใช้ในเฟส Evaluation,ใช้ในเฟส Deployment,,ใช้ในเฟส Data Understanding,ใช้ในเฟส Data Preparation,ใช้ในเฟส Modelling,ใช้ในเฟส Evaluation,ใช้ในเฟส Deployment,,,,ใช้ในเฟส Modelling,,,,,,,,,,,,,,,ใช้ในเฟส Business Understanding,ใช้ในเฟส Data Understanding,,,,,ใช้ในเฟส Business Understanding,,,,,,ใช้ในเฟส Business Understanding,,,,,,ใช้ในเฟส Business Understanding,ใช้ในเฟส Data Understanding,ใช้ในเฟส Data Preparation,,ใช้ในเฟส Evaluation,,,,,ใช้ในเฟส Modelling,ใช้ในเฟส Evaluation,ใช้ในเฟส Deployment,,,,,,,5,5,5,5,5,5,5,5,5,5,5,5,5,วางแผนจะใช้ในอนาคต,วางแผนจะใช้ในอนาคต,วางแผนจะใช้ในอนาคต,วางแผนจะใช้ในอนาคต,วางแผนจะใช้ในอนาคต,วางแผนจะใช้ในอนาคต,วางแผนจะใช้ในอนาคต,วางแผนจะใช้ในอนาคต,วางแผนจะใช้ในอนาคต,วางแผนจะใช้ในอนาคต,วางแผนจะใช้ในอนาคต,วางแผนจะใช้ในอนาคต,วางแผนจะใช้ในอนาคต,วางแผนจะใช้ในอนาคต,วางแผนจะใช้ในอนาคต,ใช้ในเฟส Business Understanding,ใช้ในเฟส Data Understanding,ใช้ในเฟส Data Preparation,ใช้ในเฟส Modelling,ใช้ในเฟส Evaluation,ใช้ในเฟส Deployment,ใช้ในเฟส Business Understanding,,,,,,,,,,,,,,,,,,,,,,,,,,,,,,,,,,ใช้ในเฟส Evaluation,,,,,ใช้ในเฟส Modelling,,ใช้ในเฟส Deployment,,,ใช้ในเฟส Data Preparation,ใช้ในเฟส Modelling,,,,,,ใช้ในเฟส Modelling,,,,,,,,ใช้ในเฟส Deployment,ใช้ในเฟส Business Understanding,,,,,,,,,,ใช้ในเฟส Evaluation,,,,,,,ใช้ในเฟส Deployment,,,,,,,,,,,,,,,,code ง่าย,,
Thailand,114598583296,431174607,2024-05-12 20:54:47,2024-05-12 20:56:53,th,ยืนยัน,Thailand,1-5 ปี,ไม่มีประสบการณ์,ปริญญาตรีหรือเท่าเทียม,Project manager,,อื่นๆ (โปรดระบุ),Marketing agency,10 - 99,ไม่รู้จัก,,,,,,,,,,,,,,,,,,,,,,,,,,,,,,,,,,,,,,,,,,,,,,,,,,,,,,,,,,,,,,,,,,,,,,,,,,,,,,,,,,,,,,,,,,,,,,,,,,,,,,,,,,,,,,,,,,,,,,,,,,,,,,,,,,,,,,,,,,,,,,,,,,,,,,,,,,,,,,,,,,,,,,,,,,,,,,,,,,,,,,,,,,,,,,,,,,,,,,,,,,,,,,,,,,,,,,,,,,,,,,,,,,,,,,,,,,,,,,,,,,,,,,,,,,,,,,,,,,,,,,,,,,,,,,,,,,,,,,,,,,,,,,,,,,,,,,,,,,,,,,,,,,,,,,,,,,,,,,,,,,,,,,,,,,,,,,,,,,,,,,,,,,,,,,,,
Thailand,114598272132,431174607,2024-05-11 23:19:09,2024-05-11 23:21:05,th,ยืนยัน,Thailand,น้อยกว่า 1 ปี,ไม่มีประสบการณ์,ต่ำกว่าปริญญาตรี,อื่นๆ (โปรดระบุ),Student,อื่นๆ (โปรดระบุ),Student,"1,000 - 9,999",รู้จักแต่ไม่ได้ใช้งาน,,,,,,,,,,,,,,,,,,,,,,,,,,,,,,,,,,,,,,,,,,,,,,,,,,,,,,,,,,,,,,,,,,,,,,,,,,,,,,,,,,,,,,,,,,,,,,,,,,,,,,,,,,,,,,,,,,,,,,,,,,,,,,,,,,,,,,,,,,,,,,,,,,,,,,,,,,,,,,,,,,,,,,,,,,,,,,,,,,,,,,,,,,,,,,,,,,,,,,,,,,,,,,,,,,,,,,,,,,,,,,,,,,,,,,,,,,,,,,,,,,,,,,,,,,,,,,,,,,,,,,,,,,,,,,,,,,,,,,,,,,,,,,,,,,,,,,,,,,,,,,,,,,,,,,,,,,,,,,,,,,,,,,,,,,,,,,,,,,,,,,,,,,,,,,,,
Thailand,114598126355,431174607,2024-05-11 15:22:18,2024-05-11 15:36:23,th,ยืนยัน,Thailand,น้อยกว่า 1 ปี,น้อยกว่า 1 ปี,ปริญญาตรีหรือเท่าเทียม,อื่นๆ (โปรดระบุ),ว่างงาน,อื่นๆ (โปรดระบุ),Freelance,0 - 9,รู้จักและใช้งาน,อื่นๆ (โปรดระบุ),ไม่ได้ใช้,2 - ทำน้อย,3 - ทำปานกลาง,5 - ทำบ่อยที่สุด,3 - ทำปานกลาง,3 - ทำปานกลาง,2 - ทำน้อย,2 - พบปัญหาน้อย,3 - พบปัญหาปานกลาง,3 - พบปัญหาปานกลาง,5 - พบปัญหาบ่อยมากที่สุด,3 - พบปัญหาปานกลาง,2 - พบปัญหาน้อย,4 - พบปัญหาบ่อย,3 - พบปัญหาปานกลาง,3 - พบปัญหาปานกลาง,3 - พบปัญหาปานกลาง,การที่ไม่มีเอกสารให้ศึกษาระหว่างการดูแลรักษาโครงการ,,ไม่มีการทำ Integration test และ Load test,การเปลี่ยนแปลง Requirements ระหว่างทาง,ปัญหาในการเก็บ Requirements (เช่น Requirement ไม่สมบูรณ์ ไม่ถูกต้อง),,,,เคยใช้ในอดีต (แต่ปัจจุบันไม่ได้ใช้),วางแผนจะใช้ในอนาคต,เคยใช้ในอดีต (แต่ปัจจุบันไม่ได้ใช้),เคยใช้ในอดีต (แต่ปัจจุบันไม่ได้ใช้),เคยใช้ในอดีต (แต่ปัจจุบันไม่ได้ใช้),,,,เคยใช้ในอดีต (แต่ปัจจุบันไม่ได้ใช้),,,,,เคยใช้ในอดีต (แต่ปัจจุบันไม่ได้ใช้),,,,เคยใช้ในอดีต (แต่ปัจจุบันไม่ได้ใช้),,,,,,,,เคยใช้ในอดีต (แต่ปัจจุบันไม่ได้ใช้),,เคยใช้ในอดีต (แต่ปัจจุบันไม่ได้ใช้),,,ใช้ในเฟส Data Preparation,,,,,,,,,,,,ใช้ในเฟส Data Preparation,ใช้ในเฟส Modelling,,,,,ใช้ในเฟส Data Preparation,ใช้ในเฟส Modelling,ใช้ในเฟส Evaluation,,,,,,,ใช้ในเฟส Deployment,,,,,,,,,,,,,,,,,,,,,ใช้ในเฟส Data Preparation,ใช้ในเฟส Modelling,ใช้ในเฟส Evaluation,ใช้ในเฟส Deployment,,,,,,,,,,,,,,,,,,,,,,,,,,,ใช้ในเฟส Data Preparation,ใช้ในเฟส Modelling,ใช้ในเฟส Evaluation,,,,,,,,,,,,,,,,,,,,,,ใช้ในเฟส Data Preparation,ใช้ในเฟส Modelling,ใช้ในเฟส Evaluation,,,,,,,,,,,,,,,,,,,,,,,,,,,,,,,,,,,,,,,,,,,,,,ใช้ในเฟส Data Preparation,,,,,,,,,,,,,,,ใช้ในเฟส Deployment,,,,,,,,,,,,,,,,,,,,,,,,,,,,,,,,,,,,,,,,,,,,,,,,,,,,,,,,,,,,,,,,,,,,,,,,,,,,,,,,,,,,,,,,,,,,,,,,,,,,,,,,,,,,,,,,,,,,,,,,,,,,,,,,,,
Thailand,114598044774,431174607,2024-05-11 10:22:11,2024-05-11 14:16:11,th,ยืนยัน,Thailand,6-10 ปี,6-10 ปี,ปริญญาตรีหรือเท่าเทียม,Data engineer,,In-house data science/data team,,100 - 999,รู้จักแต่ไม่ได้ใช้งาน,CRISP-DM,,5 - ทำบ่อยที่สุด,4 - ทำบ่อย,5 - ทำบ่อยที่สุด,3 - ทำปานกลาง,3 - ทำปานกลาง,4 - ทำบ่อย,3 - พบปัญหาปานกลาง,4 - พบปัญหาบ่อย,4 - พบปัญหาบ่อย,3 - พบปัญหาปานกลาง,3 - พบปัญหาปานกลาง,4 - พบปัญหาบ่อย,2 - พบปัญหาน้อย,3 - พบปัญหาปานกลาง,2 - พบปัญหาน้อย,2 - พบปัญหาน้อย,,,ไม่มีการทำ Integration test และ Load test,การเปลี่ยนแปลง Requirements ระหว่างทาง,,ไม่มีการทำ Version control,,,ใช้อยู่ในปัจจุบัน,ใช้อยู่ในปัจจุบัน,เคยใช้ในอดีต (แต่ปัจจุบันไม่ได้ใช้),ใช้อยู่ในปัจจุบัน,ใช้อยู่ในปัจจุบัน,เคยใช้ในอดีต (แต่ปัจจุบันไม่ได้ใช้),เคยใช้ในอดีต (แต่ปัจจุบันไม่ได้ใช้),เคยใช้ในอดีต (แต่ปัจจุบันไม่ได้ใช้),ใช้อยู่ในปัจจุบัน,เคยใช้ในอดีต (แต่ปัจจุบันไม่ได้ใช้),เคยใช้ในอดีต (แต่ปัจจุบันไม่ได้ใช้),เคยใช้ในอดีต (แต่ปัจจุบันไม่ได้ใช้),ใช้อยู่ในปัจจุบัน,ใช้อยู่ในปัจจุบัน,เคยใช้ในอดีต (แต่ปัจจุบันไม่ได้ใช้),เคยใช้ในอดีต (แต่ปัจจุบันไม่ได้ใช้),เคยใช้ในอดีต (แต่ปัจจุบันไม่ได้ใช้),ใช้อยู่ในปัจจุบัน,ใช้อยู่ในปัจจุบัน,เคยใช้ในอดีต (แต่ปัจจุบันไม่ได้ใช้),เคยใช้ในอดีต (แต่ปัจจุบันไม่ได้ใช้),ใช้อยู่ในปัจจุบัน,เคยใช้ในอดีต (แต่ปัจจุบันไม่ได้ใช้),เคยใช้ในอดีต (แต่ปัจจุบันไม่ได้ใช้),ใช้อยู่ในปัจจุบัน,ใช้อยู่ในปัจจุบัน,เคยใช้ในอดีต (แต่ปัจจุบันไม่ได้ใช้),ใช้อยู่ในปัจจุบัน,,,,,,ใช้ในเฟส Deployment,,ใช้ในเฟส Data Understanding,ใช้ในเฟส Data Preparation,ใช้ในเฟส Modelling,ใช้ในเฟส Evaluation,,,,,ใช้ในเฟส Modelling,,,ใช้ในเฟส Business Understanding,ใช้ในเฟส Data Understanding,,,,,ใช้ในเฟส Business Understanding,,,,,ใช้ในเฟส Deployment,,,,,,ใช้ในเฟส Deployment,,,,,,ใช้ในเฟส Deployment,,,,,,ใช้ในเฟส Deployment,,ใช้ในเฟส Data Understanding,ใช้ในเฟส Data Preparation,ใช้ในเฟส Modelling,ใช้ในเฟส Evaluation,ใช้ในเฟส Deployment,,ใช้ในเฟส Data Understanding,ใช้ในเฟส Data Preparation,ใช้ในเฟส Modelling,ใช้ในเฟส Evaluation,,,ใช้ในเฟส Data Understanding,ใช้ในเฟส Data Preparation,,,,,ใช้ในเฟส Data Understanding,ใช้ในเฟส Data Preparation,ใช้ในเฟส Modelling,ใช้ในเฟส Evaluation,ใช้ในเฟส Deployment,,,,ใช้ในเฟส Modelling,,,,ใช้ในเฟส Data Understanding,ใช้ในเฟส Data Preparation,ใช้ในเฟส Modelling,,,,ใช้ในเฟส Data Understanding,ใช้ในเฟส Data Preparation,ใช้ในเฟส Modelling,,,,ใช้ในเฟส Data Understanding,ใช้ในเฟส Data Preparation,ใช้ในเฟส Modelling,,,,ใช้ในเฟส Data Understanding,ใช้ในเฟส Data Preparation,ใช้ในเฟส Modelling,,,,ใช้ในเฟส Data Understanding,ใช้ในเฟส Data Preparation,ใช้ในเฟส Modelling,,,,,,,ใช้ในเฟส Evaluation,ใช้ในเฟส Deployment,,ใช้ในเฟส Data Understanding,ใช้ในเฟส Data Preparation,ใช้ในเฟส Modelling,,,,ใช้ในเฟส Data Understanding,ใช้ในเฟส Data Preparation,ใช้ในเฟส Modelling,,ใช้ในเฟส Deployment,ใช้ในเฟส Business Understanding,ใช้ในเฟส Data Understanding,ใช้ในเฟส Data Preparation,,,,,ใช้ในเฟส Data Understanding,ใช้ในเฟส Data Preparation,ใช้ในเฟส Modelling,ใช้ในเฟส Evaluation,ใช้ในเฟส Deployment,ใช้ในเฟส Business Understanding,,,,,,,ใช้ในเฟส Data Understanding,ใช้ในเฟส Data Preparation,ใช้ในเฟส Modelling,ใช้ในเฟส Evaluation,ใช้ในเฟส Deployment,ใช้ในเฟส Business Understanding,ใช้ในเฟส Data Understanding,ใช้ในเฟส Data Preparation,,,,,ใช้ในเฟส Data Understanding,ใช้ในเฟส Data Preparation,,,,,,,ใช้ในเฟส Modelling,,,ไม่ได้ใช้งาน,3,5,5,3,5,5,ไม่ได้ใช้งาน,3,5,5,ไม่ได้ใช้งาน,5,ใช้อยู่ในปัจจุบัน,ใช้อยู่ในปัจจุบัน,ใช้อยู่ในปัจจุบัน,ใช้อยู่ในปัจจุบัน,ใช้อยู่ในปัจจุบัน,ใช้อยู่ในปัจจุบัน,ใช้อยู่ในปัจจุบัน,ใช้อยู่ในปัจจุบัน,ใช้อยู่ในปัจจุบัน,ใช้อยู่ในปัจจุบัน,ใช้อยู่ในปัจจุบัน,ใช้อยู่ในปัจจุบัน,ใช้อยู่ในปัจจุบัน,ใช้อยู่ในปัจจุบัน,ใช้อยู่ในปัจจุบัน,ใช้ในเฟส Business Understanding,ใช้ในเฟส Data Understanding,ใช้ในเฟส Data Preparation,ใช้ในเฟส Modelling,ใช้ในเฟส Evaluation,ใช้ในเฟส Deployment,ใช้ในเฟส Business Understanding,ใช้ในเฟส Data Understanding,ใช้ในเฟส Data Preparation,ใช้ในเฟส Modelling,ใช้ในเฟส Evaluation,ใช้ในเฟส Deployment,,,,,,ใช้ในเฟส Deployment,,,,ใช้ในเฟส Modelling,ใช้ในเฟส Evaluation,ใช้ในเฟส Deployment,,,,ใช้ในเฟส Modelling,ใช้ในเฟส Evaluation,ใช้ในเฟส Deployment,,,,ใช้ในเฟส Modelling,ใช้ในเฟส Evaluation,ใช้ในเฟส Deployment,ใช้ในเฟส Business Understanding,ใช้ในเฟส Data Understanding,ใช้ในเฟส Data Preparation,ใช้ในเฟส Modelling,ใช้ในเฟส Evaluation,ใช้ในเฟส Deployment,ใช้ในเฟส Business Understanding,ใช้ในเฟส Data Understanding,ใช้ในเฟส Data Preparation,ใช้ในเฟส Modelling,ใช้ในเฟส Evaluation,ใช้ในเฟส Deployment,ใช้ในเฟส Business Understanding,ใช้ในเฟส Data Understanding,ใช้ในเฟส Data Preparation,ใช้ในเฟส Modelling,ใช้ในเฟส Evaluation,ใช้ในเฟส Deployment,,,,ใช้ในเฟส Modelling,,ใช้ในเฟส Deployment,,,,ใช้ในเฟส Modelling,,,,,,ใช้ในเฟส Modelling,ใช้ในเฟส Evaluation,ใช้ในเฟส Deployment,,,,ใช้ในเฟส Modelling,ใช้ในเฟส Evaluation,ใช้ในเฟส Deployment,ใช้ในเฟส Business Understanding,ใช้ในเฟส Data Understanding,ใช้ในเฟส Data Preparation,,,,,,,ใช้ในเฟส Modelling,ใช้ในเฟส Evaluation,ใช้ในเฟส Deployment,,การได้รับคำแนะนำจากทีม (ในการประชุม stand-up meeting),ช่วยให้ทำตามแพลนได้ดีขึ้น,เพิ่มประสิทธิภาพในทุกขั้นตอน,เพิ่ม test coverage,ลดปัญหาก่อนที่จะส่งมอบให้ลูกค้า,โค้ดอ่านง่ายและเป็นระเบียบ,ส่งต่อโครงการได้ง่าย,,เครื่องมือที่สามารถแสดงให้เห็น dependency ในการทำงานระหว่างทีมได้,,
Thailand,114598091805,431174607,2024-05-11 13:26:52,2024-05-11 13:36:20,th,ยืนยัน,Thailand,1-5 ปี,น้อยกว่า 1 ปี,ปริญญาตรีหรือเท่าเทียม,Data scientist,,In-house data science/data team,,10 - 99,รู้จักแต่ไม่ได้ใช้งาน,อื่นๆ (โปรดระบุ),ไม่ได้ใช้งาน Framework ,4 - ทำบ่อย,5 - ทำบ่อยที่สุด,4 - ทำบ่อย,3 - ทำปานกลาง,3 - ทำปานกลาง,2 - ทำน้อย,5 - พบปัญหาบ่อยมากที่สุด,5 - พบปัญหาบ่อยมากที่สุด,5 - พบปัญหาบ่อยมากที่สุด,3 - พบปัญหาปานกลาง,4 - พบปัญหาบ่อย,4 - พบปัญหาบ่อย,4 - พบปัญหาบ่อย,4 - พบปัญหาบ่อย,3 - พบปัญหาปานกลาง,3 - พบปัญหาปานกลาง,การที่ไม่มีเอกสารให้ศึกษาระหว่างการดูแลรักษาโครงการ,,,การเปลี่ยนแปลง Requirements ระหว่างทาง,ปัญหาในการเก็บ Requirements (เช่น Requirement ไม่สมบูรณ์ ไม่ถูกต้อง),ไม่มีการทำ Version control,,,เคยใช้ในอดีต (แต่ปัจจุบันไม่ได้ใช้),เคยใช้ในอดีต (แต่ปัจจุบันไม่ได้ใช้),,ใช้อยู่ในปัจจุบัน,เคยใช้ในอดีต (แต่ปัจจุบันไม่ได้ใช้),เคยใช้ในอดีต (แต่ปัจจุบันไม่ได้ใช้),เคยใช้ในอดีต (แต่ปัจจุบันไม่ได้ใช้),,ใช้อยู่ในปัจจุบัน,เคยใช้ในอดีต (แต่ปัจจุบันไม่ได้ใช้),,เคยใช้ในอดีต (แต่ปัจจุบันไม่ได้ใช้),วางแผนจะใช้ในอนาคต,ใช้อยู่ในปัจจุบัน,เคยใช้ในอดีต (แต่ปัจจุบันไม่ได้ใช้),,เคยใช้ในอดีต (แต่ปัจจุบันไม่ได้ใช้),เคยใช้ในอดีต (แต่ปัจจุบันไม่ได้ใช้),,,,,,,เคยใช้ในอดีต (แต่ปัจจุบันไม่ได้ใช้),ใช้อยู่ในปัจจุบัน,,เคยใช้ในอดีต (แต่ปัจจุบันไม่ได้ใช้),,,ใช้ในเฟส Data Preparation,,,,ใช้ในเฟส Business Understanding,ใช้ในเฟส Data Understanding,ใช้ในเฟส Data Preparation,ใช้ในเฟส Modelling,ใช้ในเฟส Evaluation,,,,,,,,ใช้ในเฟส Business Understanding,ใช้ในเฟส Data Understanding,ใช้ในเฟส Data Preparation,ใช้ในเฟส Modelling,ใช้ในเฟส Evaluation,,,,ใช้ในเฟส Data Preparation,,,,,,,ใช้ในเฟส Modelling,ใช้ในเฟส Evaluation,,,,,ใช้ในเฟส Modelling,ใช้ในเฟส Evaluation,,,,,,,,ใช้ในเฟส Business Understanding,ใช้ในเฟส Data Understanding,ใช้ในเฟส Data Preparation,ใช้ในเฟส Modelling,ใช้ในเฟส Evaluation,,ใช้ในเฟส Business Understanding,ใช้ในเฟส Data Understanding,,,,,,,,,,,,,ใช้ในเฟส Data Preparation,ใช้ในเฟส Modelling,ใช้ในเฟส Evaluation,,,,,,,,ใช้ในเฟส Business Understanding,ใช้ในเฟส Data Understanding,ใช้ในเฟส Data Preparation,ใช้ในเฟส Modelling,ใช้ในเฟส Evaluation,,ใช้ในเฟส Business Understanding,ใช้ในเฟส Data Understanding,ใช้ในเฟส Data Preparation,,,,,,,,,,ใช้ในเฟส Business Understanding,ใช้ในเฟส Data Understanding,ใช้ในเฟส Data Preparation,,,,ใช้ในเฟส Business Understanding,ใช้ในเฟส Data Understanding,ใช้ในเฟส Data Preparation,ใช้ในเฟส Modelling,ใช้ในเฟส Evaluation,,,,,,,,,,,,,,,,,,,,,,,,,,,,,,,,,,,,,,ใช้ในเฟส Business Understanding,ใช้ในเฟส Data Understanding,ใช้ในเฟส Data Preparation,ใช้ในเฟส Modelling,ใช้ในเฟส Evaluation,,ใช้ในเฟส Business Understanding,ใช้ในเฟส Data Understanding,ใช้ในเฟส Data Preparation,,,,,,,,,,ใช้ในเฟส Business Understanding,ใช้ในเฟส Data Understanding,ใช้ในเฟส Data Preparation,ใช้ในเฟส Modelling,ใช้ในเฟส Evaluation,,ไม่ได้ใช้งาน,ไม่ได้ใช้งาน,4,3,ไม่ได้ใช้งาน,4,3,ไม่ได้ใช้งาน,ไม่ได้ใช้งาน,4,3,3,4,เคยใช้ในอดีต (แต่ปัจจุบันไม่ได้ใช้),เคยใช้ในอดีต (แต่ปัจจุบันไม่ได้ใช้),เคยใช้ในอดีต (แต่ปัจจุบันไม่ได้ใช้),ใช้อยู่ในปัจจุบัน,ใช้อยู่ในปัจจุบัน,ใช้อยู่ในปัจจุบัน,ใช้อยู่ในปัจจุบัน,ใช้อยู่ในปัจจุบัน,,,ใช้อยู่ในปัจจุบัน,เคยใช้ในอดีต (แต่ปัจจุบันไม่ได้ใช้),,ใช้อยู่ในปัจจุบัน,ใช้อยู่ในปัจจุบัน,ใช้ในเฟส Business Understanding,ใช้ในเฟส Data Understanding,ใช้ในเฟส Data Preparation,ใช้ในเฟส Modelling,,,ใช้ในเฟส Business Understanding,ใช้ในเฟส Data Understanding,ใช้ในเฟส Data Preparation,ใช้ในเฟส Modelling,ใช้ในเฟส Evaluation,ใช้ในเฟส Deployment,ใช้ในเฟส Business Understanding,ใช้ในเฟส Data Understanding,ใช้ในเฟส Data Preparation,ใช้ในเฟส Modelling,ใช้ในเฟส Evaluation,ใช้ในเฟส Deployment,,,ใช้ในเฟส Data Preparation,ใช้ในเฟส Modelling,ใช้ในเฟส Evaluation,,,,ใช้ในเฟส Data Preparation,ใช้ในเฟส Modelling,ใช้ในเฟส Evaluation,,,,,,,ใช้ในเฟส Deployment,ใช้ในเฟส Business Understanding,ใช้ในเฟส Data Understanding,ใช้ในเฟส Data Preparation,ใช้ในเฟส Modelling,,,ใช้ในเฟส Business Understanding,ใช้ในเฟส Data Understanding,ใช้ในเฟส Data Preparation,ใช้ในเฟส Modelling,,,,,,,,,,,,,,,,,ใช้ในเฟส Data Preparation,ใช้ในเฟส Modelling,ใช้ในเฟส Evaluation,,ใช้ในเฟส Business Understanding,ใช้ในเฟส Data Understanding,ใช้ในเฟส Data Preparation,ใช้ในเฟส Modelling,ใช้ในเฟส Evaluation,,,,,,,,ใช้ในเฟส Business Understanding,ใช้ในเฟส Data Understanding,ใช้ในเฟส Data Preparation,,,,,,,,,ใช้ในเฟส Deployment,,การได้รับคำแนะนำจากทีม (ในการประชุม stand-up meeting),ช่วยให้ทำตามแพลนได้ดีขึ้น,,,ลดปัญหาก่อนที่จะส่งมอบให้ลูกค้า,โค้ดอ่านง่ายและเป็นระเบียบ,ส่งต่อโครงการได้ง่าย,,All in one Framework ที่ทำทุก Process ได้ใน Framework เดียว,,
Thailand,114598051643,431174607,2024-05-11 10:48:50,2024-05-11 10:57:39,th,ยืนยัน,Thailand,น้อยกว่า 1 ปี,น้อยกว่า 1 ปี,ปริญญาตรีหรือเท่าเทียม,Machine learning engineer,,In-house data science/data team,,0 - 9,รู้จักและใช้งาน,CRISP-DM,,4 - ทำบ่อย,5 - ทำบ่อยที่สุด,4 - ทำบ่อย,5 - ทำบ่อยที่สุด,4 - ทำบ่อย,3 - ทำปานกลาง,3 - พบปัญหาปานกลาง,4 - พบปัญหาบ่อย,3 - พบปัญหาปานกลาง,4 - พบปัญหาบ่อย,4 - พบปัญหาบ่อย,4 - พบปัญหาบ่อย,2 - พบปัญหาน้อย,2 - พบปัญหาน้อย,2 - พบปัญหาน้อย,4 - พบปัญหาบ่อย,,,,การเปลี่ยนแปลง Requirements ระหว่างทาง,,ไม่มีการทำ Version control,การดูแลรักษาและการ reuse source code,,,เคยใช้ในอดีต (แต่ปัจจุบันไม่ได้ใช้),,ใช้อยู่ในปัจจุบัน,,,เคยใช้ในอดีต (แต่ปัจจุบันไม่ได้ใช้),,ใช้อยู่ในปัจจุบัน,,,,,ใช้อยู่ในปัจจุบัน,,,,ใช้อยู่ในปัจจุบัน,เคยใช้ในอดีต (แต่ปัจจุบันไม่ได้ใช้),เคยใช้ในอดีต (แต่ปัจจุบันไม่ได้ใช้),,เคยใช้ในอดีต (แต่ปัจจุบันไม่ได้ใช้),,,,เคยใช้ในอดีต (แต่ปัจจุบันไม่ได้ใช้),,,,,,,,,,,ใช้ในเฟส Data Preparation,,,ใช้ในเฟส Deployment,,,,,,,,,ใช้ในเฟส Data Preparation,ใช้ในเฟส Modelling,,,,,,,,,,,,,,,,,,,,,,,,,,,,,ใช้ในเฟส Data Preparation,ใช้ในเฟส Modelling,ใช้ในเฟส Evaluation,,,,,,,,,,,,,,,,,,,,,,,,,,,,ใช้ในเฟส Data Preparation,ใช้ในเฟส Modelling,ใช้ในเฟส Evaluation,,,,,,,,,,,,,,,,,,,,,,ใช้ในเฟส Data Preparation,ใช้ในเฟส Modelling,ใช้ในเฟส Evaluation,,,,,ใช้ในเฟส Modelling,ใช้ในเฟส Evaluation,,,,,,,,,,,,,,,,,,,,,,,,,,,,,,,,,,,,,,,,ใช้ในเฟส Data Preparation,,,,,,,,,,,,,,,,ไม่ได้ใช้งาน,ไม่ได้ใช้งาน,5,4,ไม่ได้ใช้งาน,3,4,ไม่ได้ใช้งาน,ไม่ได้ใช้งาน,4,4,4,4,,,,เคยใช้ในอดีต (แต่ปัจจุบันไม่ได้ใช้),,เคยใช้ในอดีต (แต่ปัจจุบันไม่ได้ใช้),,,,,ใช้อยู่ในปัจจุบัน,เคยใช้ในอดีต (แต่ปัจจุบันไม่ได้ใช้),เคยใช้ในอดีต (แต่ปัจจุบันไม่ได้ใช้),,เคยใช้ในอดีต (แต่ปัจจุบันไม่ได้ใช้),,,,,,,,,,,,,,,,,,,,,,,,ใช้ในเฟส Deployment,,,,,,,,,,,,ใช้ในเฟส Deployment,,,,,,,,,,,,,,,,,,,,,,,,,,,,ใช้ในเฟส Modelling,,,,,,,,ใช้ในเฟส Deployment,,,,,,ใช้ในเฟส Deployment,,,,,,,,,,,,ใช้ในเฟส Deployment,,,ช่วยให้ทำตามแพลนได้ดีขึ้น,เพิ่มประสิทธิภาพในทุกขั้นตอน,,,โค้ดอ่านง่ายและเป็นระเบียบ,ส่งต่อโครงการได้ง่าย,,เครื่องที่ช่วยให้ deploy model ได้ง่ายๆ ลดเวลา,,
Thailand,114598047506,431174607,2024-05-11 10:32:32,2024-05-11 10:33:29,th,ยืนยัน,Thailand,1-5 ปี,1-5 ปี,ปริญญาโทหรือเท่าเทียม,Data scientist,,In-house data science/data team,,"10,000 - 99,999",รู้จักและใช้งาน,CRISP-DM,,,,,,,,,,,,,,,,,,,,,,,,,,,,,,,,,,,,,,,,,,,,,,,,,,,,,,,,,,,,,,,,,,,,,,,,,,,,,,,,,,,,,,,,,,,,,,,,,,,,,,,,,,,,,,,,,,,,,,,,,,,,,,,,,,,,,,,,,,,,,,,,,,,,,,,,,,,,,,,,,,,,,,,,,,,,,,,,,,,,,,,,,,,,,,,,,,,,,,,,,,,,,,,,,,,,,,,,,,,,,,,,,,,,,,,,,,,,,,,,,,,,,,,,,,,,,,,,,,,,,,,,,,,,,,,,,,,,,,,,,,,,,,,,,,,,,,,,,,,,,,,,,,,,,,,,,,,,,,,,,,,,,,,,,,,,,,,,,,,,,,,,,,,,,,,
Thailand,114598044734,431174607,2024-05-11 10:21:51,2024-05-11 10:31:32,th,ยืนยัน,Thailand,6-10 ปี,1-5 ปี,ปริญญาโทหรือเท่าเทียม,Data scientist,,อื่นๆ (โปรดระบุ),Realeastate,"1,000 - 9,999",รู้จักและใช้งาน,CRISP-DM,,4 - ทำบ่อย,5 - ทำบ่อยที่สุด,5 - ทำบ่อยที่สุด,3 - ทำปานกลาง,3 - ทำปานกลาง,3 - ทำปานกลาง,3 - พบปัญหาปานกลาง,4 - พบปัญหาบ่อย,4 - พบปัญหาบ่อย,4 - พบปัญหาบ่อย,5 - พบปัญหาบ่อยมากที่สุด,5 - พบปัญหาบ่อยมากที่สุด,3 - พบปัญหาปานกลาง,3 - พบปัญหาปานกลาง,3 - พบปัญหาปานกลาง,3 - พบปัญหาปานกลาง,,,,,,,,ไม่มีข้อมูล ข้อมูลไม่พร้อม,ใช้อยู่ในปัจจุบัน,เคยใช้ในอดีต (แต่ปัจจุบันไม่ได้ใช้),เคยใช้ในอดีต (แต่ปัจจุบันไม่ได้ใช้),ใช้อยู่ในปัจจุบัน,วางแผนจะใช้ในอนาคต,วางแผนจะใช้ในอนาคต,วางแผนจะใช้ในอนาคต,วางแผนจะใช้ในอนาคต,วางแผนจะใช้ในอนาคต,ใช้อยู่ในปัจจุบัน,วางแผนจะใช้ในอนาคต,วางแผนจะใช้ในอนาคต,วางแผนจะใช้ในอนาคต,,วางแผนจะใช้ในอนาคต,วางแผนจะใช้ในอนาคต,,วางแผนจะใช้ในอนาคต,วางแผนจะใช้ในอนาคต,เคยใช้ในอดีต (แต่ปัจจุบันไม่ได้ใช้),เคยใช้ในอดีต (แต่ปัจจุบันไม่ได้ใช้),เคยใช้ในอดีต (แต่ปัจจุบันไม่ได้ใช้),เคยใช้ในอดีต (แต่ปัจจุบันไม่ได้ใช้),เคยใช้ในอดีต (แต่ปัจจุบันไม่ได้ใช้),เคยใช้ในอดีต (แต่ปัจจุบันไม่ได้ใช้),ใช้อยู่ในปัจจุบัน,เคยใช้ในอดีต (แต่ปัจจุบันไม่ได้ใช้),,,,ใช้ในเฟส Data Preparation,,,,,,ใช้ในเฟส Data Preparation,,,,,,ใช้ในเฟส Data Preparation,,,,,,ใช้ในเฟส Data Preparation,ใช้ในเฟส Modelling,,,,,,,,,,,,,,,,,,,,,,,,,,,,,,,,,,,ใช้ในเฟส Data Preparation,,,,,,,,,,,,,,,,,,,,,,,,,,,,,,,,,,,,,,,,,,,,,,,,,,,,,,,,,,,,,ใช้ในเฟส Modelling,,,,,ใช้ในเฟส Data Preparation,ใช้ในเฟส Modelling,ใช้ในเฟส Evaluation,,,,ใช้ในเฟส Data Preparation,,,,ใช้ในเฟส Business Understanding,,,,,,ใช้ในเฟส Business Understanding,,,,,,,,,,,,,ใช้ในเฟส Data Understanding,ใช้ในเฟส Data Preparation,,,,,,,,,,,,,,,,ไม่ได้ใช้งาน,ไม่ได้ใช้งาน,4,ไม่ได้ใช้งาน,ไม่ได้ใช้งาน,3,3,3,ไม่ได้ใช้งาน,5,2,2,3,,,,,,,,,,,,,,,,,,,,,,,,,,,,,,,,,,,,,,,,,,,,,,,,,,,,,,,,,,,,,,,,,,,,,,,,,,,,,,,,,,,,,,,,,,,,,,,,,,,,,,,,,,,,,,,,,,,Dataiku,,
Thailand,114598040240,431174607,2024-05-11 10:05:02,2024-05-11 10:12:11,th,ยืนยัน,Thailand,1-5 ปี,น้อยกว่า 1 ปี,ปริญญาตรีหรือเท่าเทียม,Data analyst,,Data consultant,,"10,000 - 99,999",ไม่รู้จัก,,,3 - ทำปานกลาง,4 - ทำบ่อย,5 - ทำบ่อยที่สุด,3 - ทำปานกลาง,5 - ทำบ่อยที่สุด,4 - ทำบ่อย,5 - พบปัญหาบ่อยมากที่สุด,5 - พบปัญหาบ่อยมากที่สุด,5 - พบปัญหาบ่อยมากที่สุด,0 - ไม่พบปัญหา,4 - พบปัญหาบ่อย,4 - พบปัญหาบ่อย,3 - พบปัญหาปานกลาง,4 - พบปัญหาบ่อย,4 - พบปัญหาบ่อย,3 - พบปัญหาปานกลาง,การที่ไม่มีเอกสารให้ศึกษาระหว่างการดูแลรักษาโครงการ,,,การเปลี่ยนแปลง Requirements ระหว่างทาง,ปัญหาในการเก็บ Requirements (เช่น Requirement ไม่สมบูรณ์ ไม่ถูกต้อง),,,,วางแผนจะใช้ในอนาคต,วางแผนจะใช้ในอนาคต,เคยใช้ในอดีต (แต่ปัจจุบันไม่ได้ใช้),วางแผนจะใช้ในอนาคต,เคยใช้ในอดีต (แต่ปัจจุบันไม่ได้ใช้),วางแผนจะใช้ในอนาคต,วางแผนจะใช้ในอนาคต,เคยใช้ในอดีต (แต่ปัจจุบันไม่ได้ใช้),ใช้อยู่ในปัจจุบัน,ใช้อยู่ในปัจจุบัน,วางแผนจะใช้ในอนาคต,วางแผนจะใช้ในอนาคต,วางแผนจะใช้ในอนาคต,ใช้อยู่ในปัจจุบัน,วางแผนจะใช้ในอนาคต,วางแผนจะใช้ในอนาคต,วางแผนจะใช้ในอนาคต,ใช้อยู่ในปัจจุบัน,เคยใช้ในอดีต (แต่ปัจจุบันไม่ได้ใช้),เคยใช้ในอดีต (แต่ปัจจุบันไม่ได้ใช้),วางแผนจะใช้ในอนาคต,ใช้อยู่ในปัจจุบัน,ใช้อยู่ในปัจจุบัน,ใช้อยู่ในปัจจุบัน,วางแผนจะใช้ในอนาคต,ใช้อยู่ในปัจจุบัน,เคยใช้ในอดีต (แต่ปัจจุบันไม่ได้ใช้),เคยใช้ในอดีต (แต่ปัจจุบันไม่ได้ใช้),,,,,,,,,,,,,,,,,,,,,,,,,,,,,,,,,,,,,,,,,,,,,,,,,,,,,,,,,,,,,,,,,,,,,,,,,,,,,,,,,,,,,,,,,,,,,,,,,,,,,,,,,,,,,,,,,,,,,,,,,,,,,,,,,,,,,,,,,,,,,,,,,,,,,,,,,,,,,,,,,,,,,,,,,,,,,,,,,,,,,,,,,,,,,,,,,,,,,,,,,,,,,,,,,,,,,,,,,,,,,,,,,,,,,,,,,,,,,,,,,,,,,,,,,,,,,,,,,,,,,,,,,,,,,,,,,,,,,,,,,,,,,,,,,,,,,,,,,,
Thailand,114598035293,431174607,2024-05-11 09:48:12,2024-05-11 09:54:53,th,ยืนยัน,Thailand,1-5 ปี,1-5 ปี,ปริญญาตรีหรือเท่าเทียม,Data analyst,,In-house data science/data team,,10 - 99,รู้จักแต่ไม่ได้ใช้งาน,CRISP-DM,,4 - ทำบ่อย,4 - ทำบ่อย,5 - ทำบ่อยที่สุด,0 - ไม่ได้ทำเลย,0 - ไม่ได้ทำเลย,0 - ไม่ได้ทำเลย,3 - พบปัญหาปานกลาง,4 - พบปัญหาบ่อย,4 - พบปัญหาบ่อย,4 - พบปัญหาบ่อย,4 - พบปัญหาบ่อย,4 - พบปัญหาบ่อย,4 - พบปัญหาบ่อย,3 - พบปัญหาปานกลาง,0 - ไม่พบปัญหา,0 - ไม่พบปัญหา,,มีผู้เกี่ยวข้องในโปรเจคท์จำนวนมาก ทำให้บริหารจัดการลำบาก,,การเปลี่ยนแปลง Requirements ระหว่างทาง,ปัญหาในการเก็บ Requirements (เช่น Requirement ไม่สมบูรณ์ ไม่ถูกต้อง),,,,ใช้อยู่ในปัจจุบัน,,,ใช้อยู่ในปัจจุบัน,ใช้อยู่ในปัจจุบัน,,,,ใช้อยู่ในปัจจุบัน,,,,,,,,,ใช้อยู่ในปัจจุบัน,,,,ใช้อยู่ในปัจจุบัน,,วางแผนจะใช้ในอนาคต,,ใช้อยู่ในปัจจุบัน,,ใช้อยู่ในปัจจุบัน,,,ใช้ในเฟส Data Preparation,,,,,,,,,,,,,,,,,,ใช้ในเฟส Data Preparation,,,,,,ใช้ในเฟส Data Preparation,,,ใช้ในเฟส Deployment,,,,,,,,,,,,,,,,,,,,ใช้ในเฟส Data Understanding,ใช้ในเฟส Data Preparation,,,,,,,,,,,,,,,,,,,,,,,,,,,,,,,,,,,,,,,,,,,,,,,,,,,,,ใช้ในเฟส Data Understanding,ใช้ในเฟส Data Preparation,,,,,,,,,,,,,,,,,,,,,,ใช้ในเฟส Business Understanding,ใช้ในเฟส Data Understanding,ใช้ในเฟส Data Preparation,,,ใช้ในเฟส Deployment,,,,,,,,,,,,,,,,,,,,ใช้ในเฟส Data Understanding,ใช้ในเฟส Data Preparation,,,,,,,,,,,ใช้ในเฟส Data Understanding,ใช้ในเฟส Data Preparation,,,,2,2,5,2,2,2,,2,3,5,5,3,4,,,,,,,,,,,,,,,,,,,,,,,,,,,,,,,,,,,,,,,,,,,,,,,,,,,,,,,,,,,,,,,,,,,,,,,,,,,,,,,,,,,,,,,,,,,,,,,,,,,,,,,,,,,,,,,,,,,sql version control,,
Thailand,114597767951,431174607,2024-05-11 00:45:49,2024-05-11 00:48:45,th,ยืนยัน,Thailand,6-10 ปี,ไม่มีประสบการณ์,ปริญญาเอกหรือเท่าเทียม,อื่นๆ (โปรดระบุ),Lecturer in Public University,Data consultant,,"1,000 - 9,999",ไม่รู้จัก,,,,,,,,,,,,,,,,,,,,,,,,,,,,,,,,,,,,,,,,,,,,,,,,,,,,,,,,,,,,,,,,,,,,,,,,,,,,,,,,,,,,,,,,,,,,,,,,,,,,,,,,,,,,,,,,,,,,,,,,,,,,,,,,,,,,,,,,,,,,,,,,,,,,,,,,,,,,,,,,,,,,,,,,,,,,,,,,,,,,,,,,,,,,,,,,,,,,,,,,,,,,,,,,,,,,,,,,,,,,,,,,,,,,,,,,,,,,,,,,,,,,,,,,,,,,,,,,,,,,,,,,,,,,,,,,,,,,,,,,,,,,,,,,,,,,,,,,,,,,,,,,,,,,,,,,,,,,,,,,,,,,,,,,,,,,,,,,,,,,,,,,,,,,,,,,
Thailand,114597664826,431174607,2024-05-10 22:29:07,2024-05-10 22:38:58,th,ยืนยัน,Thailand,1-5 ปี,1-5 ปี,ปริญญาตรีหรือเท่าเทียม,Programmer / Software developer,,Software house,,10 - 99,ไม่รู้จัก,,,1 - ทำน้อยที่สุด,4 - ทำบ่อย,4 - ทำบ่อย,5 - ทำบ่อยที่สุด,3 - ทำปานกลาง,2 - ทำน้อย,3 - พบปัญหาปานกลาง,3 - พบปัญหาปานกลาง,2 - พบปัญหาน้อย,4 - พบปัญหาบ่อย,4 - พบปัญหาบ่อย,4 - พบปัญหาบ่อย,2 - พบปัญหาน้อย,2 - พบปัญหาน้อย,2 - พบปัญหาน้อย,3 - พบปัญหาปานกลาง,การที่ไม่มีเอกสารให้ศึกษาระหว่างการดูแลรักษาโครงการ,,,,,ไม่มีการทำ Version control,การดูแลรักษาและการ reuse source code,,วางแผนจะใช้ในอนาคต,วางแผนจะใช้ในอนาคต,วางแผนจะใช้ในอนาคต,ใช้อยู่ในปัจจุบัน,วางแผนจะใช้ในอนาคต,ใช้อยู่ในปัจจุบัน,ใช้อยู่ในปัจจุบัน,วางแผนจะใช้ในอนาคต,ใช้อยู่ในปัจจุบัน,วางแผนจะใช้ในอนาคต,วางแผนจะใช้ในอนาคต,วางแผนจะใช้ในอนาคต,วางแผนจะใช้ในอนาคต,ใช้อยู่ในปัจจุบัน,วางแผนจะใช้ในอนาคต,วางแผนจะใช้ในอนาคต,วางแผนจะใช้ในอนาคต,ใช้อยู่ในปัจจุบัน,วางแผนจะใช้ในอนาคต,วางแผนจะใช้ในอนาคต,วางแผนจะใช้ในอนาคต,เคยใช้ในอดีต (แต่ปัจจุบันไม่ได้ใช้),เคยใช้ในอดีต (แต่ปัจจุบันไม่ได้ใช้),เคยใช้ในอดีต (แต่ปัจจุบันไม่ได้ใช้),วางแผนจะใช้ในอนาคต,ใช้อยู่ในปัจจุบัน,ใช้อยู่ในปัจจุบัน,ใช้อยู่ในปัจจุบัน,,,,,,,,,,,,,,,,,,,,ใช้ในเฟส Data Understanding,ใช้ในเฟส Data Preparation,ใช้ในเฟส Modelling,ใช้ในเฟส Evaluation,,,,,,,,,,,ใช้ในเฟส Modelling,ใช้ในเฟส Evaluation,ใช้ในเฟส Deployment,,,,ใช้ในเฟส Modelling,ใช้ในเฟส Evaluation,ใช้ในเฟส Deployment,,,,,,,,ใช้ในเฟส Data Understanding,ใช้ในเฟส Data Preparation,ใช้ในเฟส Modelling,ใช้ในเฟส Evaluation,,,,,,,,,,,,,,,,,,,,,,,,,,,ใช้ในเฟส Data Understanding,ใช้ในเฟส Data Preparation,ใช้ในเฟส Modelling,ใช้ในเฟส Evaluation,,,,,,,,,,,,,,,,,,,,,ใช้ในเฟส Data Understanding,ใช้ในเฟส Data Preparation,ใช้ในเฟส Modelling,ใช้ในเฟส Evaluation,,,,,,,,,,,,,,,,,,,,ใช้ในเฟส Business Understanding,ใช้ในเฟส Data Understanding,,,,,ใช้ในเฟส Business Understanding,ใช้ในเฟส Data Understanding,,,,,ใช้ในเฟส Business Understanding,,,,,,,,,,,,,ใช้ในเฟส Data Understanding,ใช้ในเฟส Data Preparation,,,,,,,,ใช้ในเฟส Evaluation,,,ใช้ในเฟส Data Understanding,ใช้ในเฟส Data Preparation,,,,ไม่ได้ใช้งาน,3,5,2,2,2,3,3,ไม่ได้ใช้งาน,5,5,4,5,ใช้อยู่ในปัจจุบัน,เคยใช้ในอดีต (แต่ปัจจุบันไม่ได้ใช้),วางแผนจะใช้ในอนาคต,ใช้อยู่ในปัจจุบัน,เคยใช้ในอดีต (แต่ปัจจุบันไม่ได้ใช้),ใช้อยู่ในปัจจุบัน,วางแผนจะใช้ในอนาคต,เคยใช้ในอดีต (แต่ปัจจุบันไม่ได้ใช้),วางแผนจะใช้ในอนาคต,ใช้อยู่ในปัจจุบัน,ใช้อยู่ในปัจจุบัน,เคยใช้ในอดีต (แต่ปัจจุบันไม่ได้ใช้),ใช้อยู่ในปัจจุบัน,เคยใช้ในอดีต (แต่ปัจจุบันไม่ได้ใช้),เคยใช้ในอดีต (แต่ปัจจุบันไม่ได้ใช้),ใช้ในเฟส Business Understanding,ใช้ในเฟส Data Understanding,ใช้ในเฟส Data Preparation,ใช้ในเฟส Modelling,ใช้ในเฟส Evaluation,ใช้ในเฟส Deployment,ใช้ในเฟส Business Understanding,ใช้ในเฟส Data Understanding,ใช้ในเฟส Data Preparation,ใช้ในเฟส Modelling,ใช้ในเฟส Evaluation,ใช้ในเฟส Deployment,ใช้ในเฟส Business Understanding,,,,,ใช้ในเฟส Deployment,,ใช้ในเฟส Data Understanding,ใช้ในเฟส Data Preparation,,,,,,,,,,,,,ใช้ในเฟส Modelling,ใช้ในเฟส Evaluation,,,,,,ใช้ในเฟส Evaluation,,ใช้ในเฟส Business Understanding,,,,,,,,,,ใช้ในเฟส Evaluation,,,ใช้ในเฟส Data Understanding,ใช้ในเฟส Data Preparation,ใช้ในเฟส Modelling,,,,,,ใช้ในเฟส Modelling,,,,,,,ใช้ในเฟส Evaluation,ใช้ในเฟส Deployment,,,,ใช้ในเฟส Modelling,ใช้ในเฟส Evaluation,ใช้ในเฟส Deployment,ใช้ในเฟส Business Understanding,,,,,,,,,,,ใช้ในเฟส Deployment,Huggingface,,ช่วยให้ทำตามแพลนได้ดีขึ้น,เพิ่มประสิทธิภาพในทุกขั้นตอน,,ลดปัญหาก่อนที่จะส่งมอบให้ลูกค้า,,ส่งต่อโครงการได้ง่าย,,Model comparing,,
Thailand,114597659028,431174607,2024-05-10 22:21:28,2024-05-10 22:24:38,th,ยืนยัน,Thailand,น้อยกว่า 1 ปี,มากกว่า 10 ปี,ปริญญาโทหรือเท่าเทียม,อื่นๆ (โปรดระบุ),System Analyst,อื่นๆ (โปรดระบุ),มหาวิทยาลัย,100 - 999,ไม่รู้จัก,,,,,,,,,,,,,,,,,,,,,,,,,,,,,,,,,,,,,,,,,,,,,,,,,,,,,,,,,,,,,,,,,,,,,,,,,,,,,,,,,,,,,,,,,,,,,,,,,,,,,,,,,,,,,,,,,,,,,,,,,,,,,,,,,,,,,,,,,,,,,,,,,,,,,,,,,,,,,,,,,,,,,,,,,,,,,,,,,,,,,,,,,,,,,,,,,,,,,,,,,,,,,,,,,,,,,,,,,,,,,,,,,,,,,,,,,,,,,,,,,,,,,,,,,,,,,,,,,,,,,,,,,,,,,,,,,,,,,,,,,,,,,,,,,,,,,,,,,,,,,,,,,,,,,,,,,,,,,,,,,,,,,,,,,,,,,,,,,,,,,,,,,,,,,,,,
Thailand,114597354703,431174607,2024-05-10 14:04:23,2024-05-10 14:14:54,th,ยืนยัน,Thailand,6-10 ปี,น้อยกว่า 1 ปี,ปริญญาโทหรือเท่าเทียม,Data engineer,,In-house data science/data team,,"1,000 - 9,999",รู้จักและใช้งาน,CRISP-DM,,3 - ทำปานกลาง,4 - ทำบ่อย,5 - ทำบ่อยที่สุด,1 - ทำน้อยที่สุด,1 - ทำน้อยที่สุด,1 - ทำน้อยที่สุด,3 - พบปัญหาปานกลาง,4 - พบปัญหาบ่อย,4 - พบปัญหาบ่อย,3 - พบปัญหาปานกลาง,4 - พบปัญหาบ่อย,3 - พบปัญหาปานกลาง,2 - พบปัญหาน้อย,1 - พบปัญหาน้อยที่สุด,1 - พบปัญหาน้อยที่สุด,1 - พบปัญหาน้อยที่สุด,การที่ไม่มีเอกสารให้ศึกษาระหว่างการดูแลรักษาโครงการ,,,การเปลี่ยนแปลง Requirements ระหว่างทาง,ปัญหาในการเก็บ Requirements (เช่น Requirement ไม่สมบูรณ์ ไม่ถูกต้อง),,การดูแลรักษาและการ reuse source code,,ใช้อยู่ในปัจจุบัน,วางแผนจะใช้ในอนาคต,,เคยใช้ในอดีต (แต่ปัจจุบันไม่ได้ใช้),,,,,ใช้อยู่ในปัจจุบัน,,,,,,ใช้อยู่ในปัจจุบัน,,ใช้อยู่ในปัจจุบัน,,,,,ใช้อยู่ในปัจจุบัน,,,,ใช้อยู่ในปัจจุบัน,,,,,ใช้ในเฟส Data Preparation,,,,,,,,,,,,,,,,,,ใช้ในเฟส Data Preparation,ใช้ในเฟส Modelling,ใช้ในเฟส Evaluation,,,,,,,,,,,,,,,,,,,,,,,,,,,ใช้ในเฟส Data Understanding,ใช้ในเฟส Data Preparation,ใช้ในเฟส Modelling,ใช้ในเฟส Evaluation,,,,,,,,,,,,,,,,,,,,,,,,,,,,,,,,,ใช้ในเฟส Data Understanding,ใช้ในเฟส Data Preparation,,,,,,,,,,,ใช้ในเฟส Data Understanding,ใช้ในเฟส Data Preparation,,,,,,,,,,,,,,,,,,,,,,,,,,,,,,,,,ใช้ในเฟส Deployment,,,,,,,,,,,,,,,,,,,,ใช้ในเฟส Data Understanding,ใช้ในเฟส Data Preparation,,,ใช้ในเฟส Deployment,,,,,,,,,,,,,ไม่ได้ใช้งาน,ไม่ได้ใช้งาน,5,5,5,5,4,ไม่ได้ใช้งาน,5,5,5,5,ไม่ได้ใช้งาน,ใช้อยู่ในปัจจุบัน,ใช้อยู่ในปัจจุบัน,ใช้อยู่ในปัจจุบัน,,,,เคยใช้ในอดีต (แต่ปัจจุบันไม่ได้ใช้),,ใช้อยู่ในปัจจุบัน,ใช้อยู่ในปัจจุบัน,,ใช้อยู่ในปัจจุบัน,ใช้อยู่ในปัจจุบัน,,,,ใช้ในเฟส Data Understanding,ใช้ในเฟส Data Preparation,,,ใช้ในเฟส Deployment,ใช้ในเฟส Business Understanding,ใช้ในเฟส Data Understanding,ใช้ในเฟส Data Preparation,,,ใช้ในเฟส Deployment,,,ใช้ในเฟส Data Preparation,,,ใช้ในเฟส Deployment,,,,,,,,,,,,,,,,,,,ใช้ในเฟส Business Understanding,ใช้ในเฟส Data Understanding,ใช้ในเฟส Data Preparation,,,ใช้ในเฟส Deployment,,,,,,,,,ใช้ในเฟส Data Preparation,,,,,,ใช้ในเฟส Data Preparation,,,,,,,,,,,,ใช้ในเฟส Data Preparation,,,,,,ใช้ในเฟส Data Preparation,,,,,,,,,,,,,,,,ไม่มี,การได้รับคำแนะนำจากทีม (ในการประชุม stand-up meeting),ช่วยให้ทำตามแพลนได้ดีขึ้น,เพิ่มประสิทธิภาพในทุกขั้นตอน,เพิ่ม test coverage,ลดปัญหาก่อนที่จะส่งมอบให้ลูกค้า,โค้ดอ่านง่ายและเป็นระเบียบ,ส่งต่อโครงการได้ง่าย,,-,,
Thailand,114597351913,431174607,2024-05-10 13:57:52,2024-05-10 13:58:51,th,ยืนยัน,United States,มากกว่า 10 ปี,มากกว่า 10 ปี,ปริญญาตรีหรือเท่าเทียม,Programmer / Software developer,,Software house,,"1,000 - 9,999",รู้จักและใช้งาน,,,,,,,,,,,,,,,,,,,,,,,,,,,,,,,,,,,,,,,,,,,,,,,,,,,,,,,,,,,,,,,,,,,,,,,,,,,,,,,,,,,,,,,,,,,,,,,,,,,,,,,,,,,,,,,,,,,,,,,,,,,,,,,,,,,,,,,,,,,,,,,,,,,,,,,,,,,,,,,,,,,,,,,,,,,,,,,,,,,,,,,,,,,,,,,,,,,,,,,,,,,,,,,,,,,,,,,,,,,,,,,,,,,,,,,,,,,,,,,,,,,,,,,,,,,,,,,,,,,,,,,,,,,,,,,,,,,,,,,,,,,,,,,,,,,,,,,,,,,,,,,,,,,,,,,,,,,,,,,,,,,,,,,,,,,,,,,,,,,,,,,,,,,,,,,,
Thailand,114597248922,431174607,2024-05-10 09:03:52,2024-05-10 13:34:21,th,ยืนยัน,Thailand,1-5 ปี,1-5 ปี,ปริญญาตรีหรือเท่าเทียม,Data scientist,,Software house,,10 - 99,รู้จักแต่ไม่ได้ใช้งาน,Microsoft TDSP,,3 - ทำปานกลาง,4 - ทำบ่อย,4 - ทำบ่อย,3 - ทำปานกลาง,5 - ทำบ่อยที่สุด,5 - ทำบ่อยที่สุด,4 - พบปัญหาบ่อย,4 - พบปัญหาบ่อย,3 - พบปัญหาปานกลาง,5 - พบปัญหาบ่อยมากที่สุด,5 - พบปัญหาบ่อยมากที่สุด,3 - พบปัญหาปานกลาง,4 - พบปัญหาบ่อย,5 - พบปัญหาบ่อยมากที่สุด,3 - พบปัญหาปานกลาง,4 - พบปัญหาบ่อย,,มีผู้เกี่ยวข้องในโปรเจคท์จำนวนมาก ทำให้บริหารจัดการลำบาก,,,ปัญหาในการเก็บ Requirements (เช่น Requirement ไม่สมบูรณ์ ไม่ถูกต้อง),,,,ใช้อยู่ในปัจจุบัน,ใช้อยู่ในปัจจุบัน,ใช้อยู่ในปัจจุบัน,เคยใช้ในอดีต (แต่ปัจจุบันไม่ได้ใช้),ใช้อยู่ในปัจจุบัน,วางแผนจะใช้ในอนาคต,ใช้อยู่ในปัจจุบัน,ใช้อยู่ในปัจจุบัน,เคยใช้ในอดีต (แต่ปัจจุบันไม่ได้ใช้),วางแผนจะใช้ในอนาคต,ใช้อยู่ในปัจจุบัน,เคยใช้ในอดีต (แต่ปัจจุบันไม่ได้ใช้),ใช้อยู่ในปัจจุบัน,วางแผนจะใช้ในอนาคต,ใช้อยู่ในปัจจุบัน,ใช้อยู่ในปัจจุบัน,เคยใช้ในอดีต (แต่ปัจจุบันไม่ได้ใช้),ใช้อยู่ในปัจจุบัน,ใช้อยู่ในปัจจุบัน,เคยใช้ในอดีต (แต่ปัจจุบันไม่ได้ใช้),ใช้อยู่ในปัจจุบัน,ใช้อยู่ในปัจจุบัน,ใช้อยู่ในปัจจุบัน,เคยใช้ในอดีต (แต่ปัจจุบันไม่ได้ใช้),วางแผนจะใช้ในอนาคต,ใช้อยู่ในปัจจุบัน,ใช้อยู่ในปัจจุบัน,วางแผนจะใช้ในอนาคต,,,,ใช้ในเฟส Modelling,,,,,,,ใช้ในเฟส Evaluation,,,,,,ใช้ในเฟส Evaluation,,,,,ใช้ในเฟส Modelling,,,,,,ใช้ในเฟส Modelling,,,,,,,,,,,,ใช้ในเฟส Modelling,,,,,,ใช้ในเฟส Modelling,,,,,,,ใช้ในเฟส Evaluation,,,,,,,,,,,,ใช้ในเฟส Evaluation,,,,,ใช้ในเฟส Modelling,,,,,,,ใช้ในเฟส Evaluation,,,,,,,,,,,ใช้ในเฟส Modelling,,,,,,,ใช้ในเฟส Evaluation,,,,,ใช้ในเฟส Modelling,,,,,,ใช้ในเฟส Modelling,,,,,ใช้ในเฟส Data Preparation,,,,,,,,ใช้ในเฟส Evaluation,,,,,,ใช้ในเฟส Evaluation,,,,,ใช้ในเฟส Modelling,,,,,,ใช้ในเฟส Modelling,,,,,ใช้ในเฟส Data Preparation,,,,,,,,,,,,,ใช้ในเฟส Modelling,,,,,,ใช้ในเฟส Modelling,,,,,,,,,5,5,5,4,5,5,5,ไม่ได้ใช้งาน,ไม่ได้ใช้งาน,5,5,ไม่ได้ใช้งาน,5,ใช้อยู่ในปัจจุบัน,ใช้อยู่ในปัจจุบัน,วางแผนจะใช้ในอนาคต,ใช้อยู่ในปัจจุบัน,ใช้อยู่ในปัจจุบัน,เคยใช้ในอดีต (แต่ปัจจุบันไม่ได้ใช้),วางแผนจะใช้ในอนาคต,ใช้อยู่ในปัจจุบัน,วางแผนจะใช้ในอนาคต,ใช้อยู่ในปัจจุบัน,ใช้อยู่ในปัจจุบัน,เคยใช้ในอดีต (แต่ปัจจุบันไม่ได้ใช้),ใช้อยู่ในปัจจุบัน,ใช้อยู่ในปัจจุบัน,วางแผนจะใช้ในอนาคต,,,,ใช้ในเฟส Modelling,,,,,,,ใช้ในเฟส Evaluation,,,,,,,ใช้ในเฟส Deployment,,,,,ใช้ในเฟส Evaluation,,,,,ใช้ในเฟส Modelling,,,,,,,,ใช้ในเฟส Deployment,,,,,,ใช้ในเฟส Deployment,,,,,ใช้ในเฟส Evaluation,,,,,ใช้ในเฟส Modelling,,,,,,ใช้ในเฟส Modelling,,,,,,ใช้ในเฟส Modelling,,,,,ใช้ในเฟส Data Preparation,,,,,,,,ใช้ในเฟส Evaluation,,,,,,,ใช้ในเฟส Deployment,,,,,,ใช้ในเฟส Deployment,,,,เพิ่มประสิทธิภาพในทุกขั้นตอน,,,โค้ดอ่านง่ายและเป็นระเบียบ,,,Present Dream,,
Thailand,114597299941,431174607,2024-05-10 11:28:52,2024-05-10 11:55:12,en,ยืนยัน,Thailand,น้อยกว่า 1 ปี,1-5 ปี,ปริญญาโทหรือเท่าเทียม,Programmer / Software developer,,Software house,,10 - 99,รู้จักแต่ไม่ได้ใช้งาน,อื่นๆ (โปรดระบุ),-,4 - ทำบ่อย,5 - ทำบ่อยที่สุด,5 - ทำบ่อยที่สุด,4 - ทำบ่อย,5 - ทำบ่อยที่สุด,3 - ทำปานกลาง,4 - พบปัญหาบ่อย,4 - พบปัญหาบ่อย,3 - พบปัญหาปานกลาง,4 - พบปัญหาบ่อย,3 - พบปัญหาปานกลาง,3 - พบปัญหาปานกลาง,3 - พบปัญหาปานกลาง,4 - พบปัญหาบ่อย,4 - พบปัญหาบ่อย,3 - พบปัญหาปานกลาง,,,,,ปัญหาในการเก็บ Requirements (เช่น Requirement ไม่สมบูรณ์ ไม่ถูกต้อง),,การดูแลรักษาและการ reuse source code,,ใช้อยู่ในปัจจุบัน,,,ใช้อยู่ในปัจจุบัน,,,,,ใช้อยู่ในปัจจุบัน,,,,,ใช้อยู่ในปัจจุบัน,,,,,,,,เคยใช้ในอดีต (แต่ปัจจุบันไม่ได้ใช้),,,,ใช้อยู่ในปัจจุบัน,,,,,,,,ใช้ในเฟส Deployment,,,,,,,,,,,,,ใช้ในเฟส Business Understanding,ใช้ในเฟส Data Understanding,ใช้ในเฟส Data Preparation,,,,,,,,,,,,,,,,,,,,,,,,,,,,,ใช้ในเฟส Data Understanding,ใช้ในเฟส Data Preparation,,,,,,,,,,,,,,,,,,,,,,,,,,,,,ใช้ในเฟส Data Understanding,ใช้ในเฟส Data Preparation,,,,,,,,,,,,,,,,,,,,,,,,,,,,,,,,,,,,,,,,,,,,,,,,,,ใช้ในเฟส Evaluation,ใช้ในเฟส Deployment,,,,,,,,,,,,,,,,,,,,,,ใช้ในเฟส Modelling,ใช้ในเฟส Evaluation,,,,,,,,,,,,,,2,4,4,3,4,3,3,4,2,3,3,5,5,ใช้อยู่ในปัจจุบัน,ใช้อยู่ในปัจจุบัน,,,,,,,,,,,,,,ใช้ในเฟส Business Understanding,ใช้ในเฟส Data Understanding,ใช้ในเฟส Data Preparation,ใช้ในเฟส Modelling,ใช้ในเฟส Evaluation,ใช้ในเฟส Deployment,ใช้ในเฟส Business Understanding,ใช้ในเฟส Data Understanding,ใช้ในเฟส Data Preparation,ใช้ในเฟส Modelling,ใช้ในเฟส Evaluation,ใช้ในเฟส Deployment,,,,,,,,,,,,,,,,,,,,,,,,,,,,,,,,,,,,,,,,,,,,,,,,,,,,,,,,,,,,,,,,,,,,,,,,,,,,,,,,,,,,,,,,-,,
Thailand,114597307044,431174607,2024-05-10 11:50:23,2024-05-10 11:53:43,th,ยืนยัน,Thailand,น้อยกว่า 1 ปี,ไม่มีประสบการณ์,ปริญญาตรีหรือเท่าเทียม,Data analyst,,In-house data science/data team,,100 - 999,รู้จักและใช้งาน,CRISP-DM,,3 - ทำปานกลาง,4 - ทำบ่อย,5 - ทำบ่อยที่สุด,4 - ทำบ่อย,5 - ทำบ่อยที่สุด,4 - ทำบ่อย,3 - พบปัญหาปานกลาง,4 - พบปัญหาบ่อย,4 - พบปัญหาบ่อย,2 - พบปัญหาน้อย,3 - พบปัญหาปานกลาง,4 - พบปัญหาบ่อย,4 - พบปัญหาบ่อย,2 - พบปัญหาน้อย,1 - พบปัญหาน้อยที่สุด,2 - พบปัญหาน้อย,,,,,,,,,,,,,,,,,,,,,,,,,,,,,,,,,,,,,,,,,,,,,,,,,,,,,,,,,,,,,,,,,,,,,,,,,,,,,,,,,,,,,,,,,,,,,,,,,,,,,,,,,,,,,,,,,,,,,,,,,,,,,,,,,,,,,,,,,,,,,,,,,,,,,,,,,,,,,,,,,,,,,,,,,,,,,,,,,,,,,,,,,,,,,,,,,,,,,,,,,,,,,,,,,,,,,,,,,,,,,,,,,,,,,,,,,,,,,,,,,,,,,,,,,,,,,,,,,,,,,,,,,,,,,,,,,,,,,,,,,,,,,,,,,,,,,,,,,,,,,,,,,,,,,,,,,,,,,,,,,,,,,,,,,,,,,,
Thailand,114597302440,431174607,2024-05-10 11:36:26,2024-05-10 11:44:22,th,ยืนยัน,Thailand,1-5 ปี,1-5 ปี,ปริญญาตรีหรือเท่าเทียม,Programmer / Software developer,,In-house data science/data team,,"10,000 - 99,999",ไม่รู้จัก,,,4 - ทำบ่อย,4 - ทำบ่อย,5 - ทำบ่อยที่สุด,3 - ทำปานกลาง,3 - ทำปานกลาง,5 - ทำบ่อยที่สุด,4 - พบปัญหาบ่อย,4 - พบปัญหาบ่อย,5 - พบปัญหาบ่อยมากที่สุด,4 - พบปัญหาบ่อย,5 - พบปัญหาบ่อยมากที่สุด,5 - พบปัญหาบ่อยมากที่สุด,1 - พบปัญหาน้อยที่สุด,2 - พบปัญหาน้อย,1 - พบปัญหาน้อยที่สุด,2 - พบปัญหาน้อย,การที่ไม่มีเอกสารให้ศึกษาระหว่างการดูแลรักษาโครงการ,มีผู้เกี่ยวข้องในโปรเจคท์จำนวนมาก ทำให้บริหารจัดการลำบาก,,การเปลี่ยนแปลง Requirements ระหว่างทาง,,,,,เคยใช้ในอดีต (แต่ปัจจุบันไม่ได้ใช้),ใช้อยู่ในปัจจุบัน,ใช้อยู่ในปัจจุบัน,เคยใช้ในอดีต (แต่ปัจจุบันไม่ได้ใช้),เคยใช้ในอดีต (แต่ปัจจุบันไม่ได้ใช้),ใช้อยู่ในปัจจุบัน,ใช้อยู่ในปัจจุบัน,เคยใช้ในอดีต (แต่ปัจจุบันไม่ได้ใช้),ใช้อยู่ในปัจจุบัน,เคยใช้ในอดีต (แต่ปัจจุบันไม่ได้ใช้),เคยใช้ในอดีต (แต่ปัจจุบันไม่ได้ใช้),เคยใช้ในอดีต (แต่ปัจจุบันไม่ได้ใช้),เคยใช้ในอดีต (แต่ปัจจุบันไม่ได้ใช้),เคยใช้ในอดีต (แต่ปัจจุบันไม่ได้ใช้),เคยใช้ในอดีต (แต่ปัจจุบันไม่ได้ใช้),เคยใช้ในอดีต (แต่ปัจจุบันไม่ได้ใช้),เคยใช้ในอดีต (แต่ปัจจุบันไม่ได้ใช้),เคยใช้ในอดีต (แต่ปัจจุบันไม่ได้ใช้),เคยใช้ในอดีต (แต่ปัจจุบันไม่ได้ใช้),เคยใช้ในอดีต (แต่ปัจจุบันไม่ได้ใช้),,เคยใช้ในอดีต (แต่ปัจจุบันไม่ได้ใช้),เคยใช้ในอดีต (แต่ปัจจุบันไม่ได้ใช้),ใช้อยู่ในปัจจุบัน,เคยใช้ในอดีต (แต่ปัจจุบันไม่ได้ใช้),ใช้อยู่ในปัจจุบัน,เคยใช้ในอดีต (แต่ปัจจุบันไม่ได้ใช้),ใช้อยู่ในปัจจุบัน,,,,,,,,,,,,,,,,,,,,,,,,,,,,,,,,,,,,,,,,,,,,,,,,,,,,,,,,,,,,,,,,,,,,,,,,,,,,,,,,,,,,,,,,,,,,,,,,,,,,,,,,,,,,,,,,,,,,,,,,,,,,,,,,,,,,,,,,,,,,,,,,,,,,,,,,,,,,,,,,,,,,,,,,,,,,,,,,,,,,,,,,,,,,,,,,,,,,,,,,,,,,,,,,,,,,,,,,,,,,,,,,,,,,,,,,,,,,,,,,,,,,,,,,,,,,,,,,,,,,,,,,,,,,,,,,,,,,,,,,,,,,,,,,,,,,,,,,,,
Thailand,114597241749,431174607,2024-05-10 08:47:44,2024-05-10 08:57:21,th,ยืนยัน,Thailand,1-5 ปี,1-5 ปี,ปริญญาโทหรือเท่าเทียม,Project manager,,Data consultant,,100 - 999,รู้จักแต่ไม่ได้ใช้งาน,Microsoft TDSP,,3 - ทำปานกลาง,3 - ทำปานกลาง,3 - ทำปานกลาง,4 - ทำบ่อย,4 - ทำบ่อย,4 - ทำบ่อย,4 - พบปัญหาบ่อย,3 - พบปัญหาปานกลาง,3 - พบปัญหาปานกลาง,2 - พบปัญหาน้อย,4 - พบปัญหาบ่อย,3 - พบปัญหาปานกลาง,3 - พบปัญหาปานกลาง,4 - พบปัญหาบ่อย,4 - พบปัญหาบ่อย,3 - พบปัญหาปานกลาง,,มีผู้เกี่ยวข้องในโปรเจคท์จำนวนมาก ทำให้บริหารจัดการลำบาก,,,ปัญหาในการเก็บ Requirements (เช่น Requirement ไม่สมบูรณ์ ไม่ถูกต้อง),,,,ใช้อยู่ในปัจจุบัน,ใช้อยู่ในปัจจุบัน,ใช้อยู่ในปัจจุบัน,เคยใช้ในอดีต (แต่ปัจจุบันไม่ได้ใช้),ใช้อยู่ในปัจจุบัน,ใช้อยู่ในปัจจุบัน,เคยใช้ในอดีต (แต่ปัจจุบันไม่ได้ใช้),เคยใช้ในอดีต (แต่ปัจจุบันไม่ได้ใช้),ใช้อยู่ในปัจจุบัน,ใช้อยู่ในปัจจุบัน,เคยใช้ในอดีต (แต่ปัจจุบันไม่ได้ใช้),เคยใช้ในอดีต (แต่ปัจจุบันไม่ได้ใช้),ใช้อยู่ในปัจจุบัน,เคยใช้ในอดีต (แต่ปัจจุบันไม่ได้ใช้),เคยใช้ในอดีต (แต่ปัจจุบันไม่ได้ใช้),เคยใช้ในอดีต (แต่ปัจจุบันไม่ได้ใช้),เคยใช้ในอดีต (แต่ปัจจุบันไม่ได้ใช้),ใช้อยู่ในปัจจุบัน,ใช้อยู่ในปัจจุบัน,ใช้อยู่ในปัจจุบัน,ใช้อยู่ในปัจจุบัน,เคยใช้ในอดีต (แต่ปัจจุบันไม่ได้ใช้),ใช้อยู่ในปัจจุบัน,เคยใช้ในอดีต (แต่ปัจจุบันไม่ได้ใช้),ใช้อยู่ในปัจจุบัน,เคยใช้ในอดีต (แต่ปัจจุบันไม่ได้ใช้),เคยใช้ในอดีต (แต่ปัจจุบันไม่ได้ใช้),เคยใช้ในอดีต (แต่ปัจจุบันไม่ได้ใช้),,ใช้ในเฟส Data Understanding,,ใช้ในเฟส Modelling,,,,ใช้ในเฟส Data Understanding,,ใช้ในเฟส Modelling,,,,,ใช้ในเฟส Data Preparation,ใช้ในเฟส Modelling,,,ใช้ในเฟส Business Understanding,ใช้ในเฟส Data Understanding,,ใช้ในเฟส Modelling,,,ใช้ในเฟส Business Understanding,,ใช้ในเฟส Data Preparation,ใช้ในเฟส Modelling,,,,,ใช้ในเฟส Data Preparation,,,,,ใช้ในเฟส Data Understanding,ใช้ในเฟส Data Preparation,,,,,ใช้ในเฟส Data Understanding,ใช้ในเฟส Data Preparation,ใช้ในเฟส Modelling,,,,ใช้ในเฟส Data Understanding,,ใช้ในเฟส Modelling,,,,ใช้ในเฟส Data Understanding,,ใช้ในเฟส Modelling,,,ใช้ในเฟส Business Understanding,ใช้ในเฟส Data Understanding,ใช้ในเฟส Data Preparation,,,,ใช้ในเฟส Business Understanding,ใช้ในเฟส Data Understanding,,ใช้ในเฟส Modelling,,,,ใช้ในเฟส Data Understanding,ใช้ในเฟส Data Preparation,,,,,ใช้ในเฟส Data Understanding,ใช้ในเฟส Data Preparation,,,,,,ใช้ในเฟส Data Preparation,ใช้ในเฟส Modelling,,,,ใช้ในเฟส Data Understanding,ใช้ในเฟส Data Preparation,,,,,ใช้ในเฟส Data Understanding,ใช้ในเฟส Data Preparation,,,,,ใช้ในเฟส Data Understanding,ใช้ในเฟส Data Preparation,,,,,ใช้ในเฟส Data Understanding,ใช้ในเฟส Data Preparation,,,,ใช้ในเฟส Business Understanding,ใช้ในเฟส Data Understanding,ใช้ในเฟส Data Preparation,,,,ใช้ในเฟส Business Understanding,ใช้ในเฟส Data Understanding,ใช้ในเฟส Data Preparation,,,,,ใช้ในเฟส Data Understanding,,ใช้ในเฟส Modelling,,,,ใช้ในเฟส Data Understanding,ใช้ในเฟส Data Preparation,,,,,,,ใช้ในเฟส Modelling,,,,ใช้ในเฟส Data Understanding,,ใช้ในเฟส Modelling,,,,ใช้ในเฟส Data Understanding,ใช้ในเฟส Data Preparation,ใช้ในเฟส Modelling,,,,ใช้ในเฟส Data Understanding,ใช้ในเฟส Data Preparation,,,,ใช้ในเฟส Business Understanding,ใช้ในเฟส Data Understanding,ใช้ในเฟส Data Preparation,,,,3,4,4,4,4,4,4,5,4,4,5,4,5,เคยใช้ในอดีต (แต่ปัจจุบันไม่ได้ใช้),เคยใช้ในอดีต (แต่ปัจจุบันไม่ได้ใช้),เคยใช้ในอดีต (แต่ปัจจุบันไม่ได้ใช้),เคยใช้ในอดีต (แต่ปัจจุบันไม่ได้ใช้),ใช้อยู่ในปัจจุบัน,ใช้อยู่ในปัจจุบัน,ใช้อยู่ในปัจจุบัน,ใช้อยู่ในปัจจุบัน,ใช้อยู่ในปัจจุบัน,ใช้อยู่ในปัจจุบัน,ใช้อยู่ในปัจจุบัน,ใช้อยู่ในปัจจุบัน,ใช้อยู่ในปัจจุบัน,ใช้อยู่ในปัจจุบัน,เคยใช้ในอดีต (แต่ปัจจุบันไม่ได้ใช้),ใช้ในเฟส Business Understanding,ใช้ในเฟส Data Understanding,,,,,ใช้ในเฟส Business Understanding,ใช้ในเฟส Data Understanding,,ใช้ในเฟส Modelling,,,,ใช้ในเฟส Data Understanding,,,,,,ใช้ในเฟส Data Understanding,ใช้ในเฟส Data Preparation,ใช้ในเฟส Modelling,,,ใช้ในเฟส Business Understanding,ใช้ในเฟส Data Understanding,,ใช้ในเฟส Modelling,ใช้ในเฟส Evaluation,,,ใช้ในเฟส Data Understanding,,ใช้ในเฟส Modelling,,,ใช้ในเฟส Business Understanding,,ใช้ในเฟส Data Preparation,,,,ใช้ในเฟส Business Understanding,ใช้ในเฟส Data Understanding,ใช้ในเฟส Data Preparation,,,,ใช้ในเฟส Business Understanding,ใช้ในเฟส Data Understanding,ใช้ในเฟส Data Preparation,,,,,ใช้ในเฟส Data Understanding,ใช้ในเฟส Data Preparation,,,,,,ใช้ในเฟส Data Preparation,ใช้ในเฟส Modelling,,,,ใช้ในเฟส Data Understanding,,ใช้ในเฟส Modelling,,,ใช้ในเฟส Business Understanding,ใช้ในเฟส Data Understanding,ใช้ในเฟส Data Preparation,,,,,,ใช้ในเฟส Data Preparation,,,ใช้ในเฟส Deployment,ใช้ในเฟส Business Understanding,,,,,,,,ช่วยให้ทำตามแพลนได้ดีขึ้น,,,ลดปัญหาก่อนที่จะส่งมอบให้ลูกค้า,,,,Dream Report,,
Thailand,114596957742,431174607,2024-05-10 01:22:54,2024-05-10 01:37:36,th,ยืนยัน,Thailand,1-5 ปี,น้อยกว่า 1 ปี,ปริญญาโทหรือเท่าเทียม,Data scientist,,In-house data science/data team,,100 - 999,รู้จักและใช้งาน,CRISP-DM,,4 - ทำบ่อย,4 - ทำบ่อย,3 - ทำปานกลาง,5 - ทำบ่อยที่สุด,3 - ทำปานกลาง,2 - ทำน้อย,5 - พบปัญหาบ่อยมากที่สุด,3 - พบปัญหาปานกลาง,4 - พบปัญหาบ่อย,2 - พบปัญหาน้อย,1 - พบปัญหาน้อยที่สุด,1 - พบปัญหาน้อยที่สุด,4 - พบปัญหาบ่อย,2 - พบปัญหาน้อย,2 - พบปัญหาน้อย,1 - พบปัญหาน้อยที่สุด,การที่ไม่มีเอกสารให้ศึกษาระหว่างการดูแลรักษาโครงการ,,ไม่มีการทำ Integration test และ Load test,การเปลี่ยนแปลง Requirements ระหว่างทาง,ปัญหาในการเก็บ Requirements (เช่น Requirement ไม่สมบูรณ์ ไม่ถูกต้อง),,,,,ใช้อยู่ในปัจจุบัน,,เคยใช้ในอดีต (แต่ปัจจุบันไม่ได้ใช้),ใช้อยู่ในปัจจุบัน,วางแผนจะใช้ในอนาคต,,,ใช้อยู่ในปัจจุบัน,,,,วางแผนจะใช้ในอนาคต,,ใช้อยู่ในปัจจุบัน,,,,ใช้อยู่ในปัจจุบัน,,,,,,,ใช้อยู่ในปัจจุบัน,,,,,,,,,,ใช้ในเฟส Data Understanding,ใช้ในเฟส Data Preparation,ใช้ในเฟส Modelling,,,,,,,,,,ใช้ในเฟส Data Understanding,ใช้ในเฟส Data Preparation,ใช้ในเฟส Modelling,,,,,,,ใช้ในเฟส Evaluation,ใช้ในเฟส Deployment,,,,,,,,,,,,,,,,,,,,ใช้ในเฟส Data Understanding,ใช้ในเฟส Data Preparation,ใช้ในเฟส Modelling,ใช้ในเฟส Evaluation,ใช้ในเฟส Deployment,,,,,,,,,,,,,,,,,,,,,,,,,,,,,,,,ใช้ในเฟส Data Understanding,ใช้ในเฟส Data Preparation,ใช้ในเฟส Modelling,ใช้ในเฟส Evaluation,ใช้ในเฟส Deployment,,,,,,,,,,,,,,,,,,,,,,ใช้ในเฟส Modelling,ใช้ในเฟส Evaluation,ใช้ในเฟส Deployment,,,,,,,,,,,,,,,,,,,,,,,,,,,,,,,,,,,,,,,,ใช้ในเฟส Modelling,ใช้ในเฟส Evaluation,ใช้ในเฟส Deployment,,,,,,,,,,,,,ไม่ได้ใช้งาน,ไม่ได้ใช้งาน,5,ไม่ได้ใช้งาน,ไม่ได้ใช้งาน,5,4,ไม่ได้ใช้งาน,ไม่ได้ใช้งาน,5,5,3,4,ใช้อยู่ในปัจจุบัน,ใช้อยู่ในปัจจุบัน,เคยใช้ในอดีต (แต่ปัจจุบันไม่ได้ใช้),เคยใช้ในอดีต (แต่ปัจจุบันไม่ได้ใช้),ใช้อยู่ในปัจจุบัน,วางแผนจะใช้ในอนาคต,วางแผนจะใช้ในอนาคต,,,ใช้อยู่ในปัจจุบัน,,ใช้อยู่ในปัจจุบัน,วางแผนจะใช้ในอนาคต,,ใช้อยู่ในปัจจุบัน,ใช้ในเฟส Business Understanding,ใช้ในเฟส Data Understanding,ใช้ในเฟส Data Preparation,ใช้ในเฟส Modelling,ใช้ในเฟส Evaluation,ใช้ในเฟส Deployment,ใช้ในเฟส Business Understanding,ใช้ในเฟส Data Understanding,ใช้ในเฟส Data Preparation,ใช้ในเฟส Modelling,ใช้ในเฟส Evaluation,ใช้ในเฟส Deployment,,,,,,ใช้ในเฟส Deployment,,,,ใช้ในเฟส Modelling,ใช้ในเฟส Evaluation,ใช้ในเฟส Deployment,,,ใช้ในเฟส Data Preparation,ใช้ในเฟส Modelling,ใช้ในเฟส Evaluation,ใช้ในเฟส Deployment,,,,ใช้ในเฟส Modelling,ใช้ในเฟส Evaluation,ใช้ในเฟส Deployment,,,ใช้ในเฟส Data Preparation,ใช้ในเฟส Modelling,,,,,,,,,,,,,,,,,,ใช้ในเฟส Modelling,ใช้ในเฟส Evaluation,ใช้ในเฟส Deployment,,,,,,,,,,,ใช้ในเฟส Evaluation,ใช้ในเฟส Deployment,,,ใช้ในเฟส Data Preparation,ใช้ในเฟส Modelling,,,,,,,,,,,,ใช้ในเฟส Modelling,ใช้ในเฟส Evaluation,ใช้ในเฟส Deployment,,การได้รับคำแนะนำจากทีม (ในการประชุม stand-up meeting),ช่วยให้ทำตามแพลนได้ดีขึ้น,เพิ่มประสิทธิภาพในทุกขั้นตอน,เพิ่ม test coverage,ลดปัญหาก่อนที่จะส่งมอบให้ลูกค้า,โค้ดอ่านง่ายและเป็นระเบียบ,ส่งต่อโครงการได้ง่าย,,คิดว่าตัวเองยังรู้สึกเครื่องมือด้าน SE ไม่มากพอมากกว่า ฟังดูมีเครื่องมือน่าลองใช้เยอะมาก แต่เพิ่งเคยได้ยินตอนที่ทำแบบสอบถาม อยากให้มีการจัดอบรมการใช้ SE ในการทำ DS,,
Thailand,114596792316,431174607,2024-05-09 22:20:56,2024-05-09 22:25:41,th,ยืนยัน,Thailand,1-5 ปี,1-5 ปี,ปริญญาตรีหรือเท่าเทียม,อื่นๆ (โปรดระบุ),Quality Assurance ,In-house data science/data team,,100 - 999,ไม่รู้จัก,,,,,,,,,,,,,,,,,,,,,,,,,,,,,,,,,,,,,,,,,,,,,,,,,,,,,,,,,,,,,,,,,,,,,,,,,,,,,,,,,,,,,,,,,,,,,,,,,,,,,,,,,,,,,,,,,,,,,,,,,,,,,,,,,,,,,,,,,,,,,,,,,,,,,,,,,,,,,,,,,,,,,,,,,,,,,,,,,,,,,,,,,,,,,,,,,,,,,,,,,,,,,,,,,,,,,,,,,,,,,,,,,,,,,,,,,,,,,,,,,,,,,,,,,,,,,,,,,,,,,,,,,,,,,,,,,,,,,,,,,,,,,,,,,,,,,,,,,,,,,,,,,,,,,,,,,,,,,,,,,,,,,,,,,,,,,,,,,,,,,,,,,,,,,,,,
Thailand,114596448053,431174607,2024-05-09 12:25:53,2024-05-09 12:27:43,th,ยืนยัน,Thailand,1-5 ปี,1-5 ปี,ปริญญาตรีหรือเท่าเทียม,Data engineer,,Data consultant,,10 - 99,รู้จักแต่ไม่ได้ใช้งาน,Microsoft TDSP,,,,,,,,,,,,,,,,,,,,,,,,,,,,,,,,,,,,,,,,,,,,,,,,,,,,,,,,,,,,,,,,,,,,,,,,,,,,,,,,,,,,,,,,,,,,,,,,,,,,,,,,,,,,,,,,,,,,,,,,,,,,,,,,,,,,,,,,,,,,,,,,,,,,,,,,,,,,,,,,,,,,,,,,,,,,,,,,,,,,,,,,,,,,,,,,,,,,,,,,,,,,,,,,,,,,,,,,,,,,,,,,,,,,,,,,,,,,,,,,,,,,,,,,,,,,,,,,,,,,,,,,,,,,,,,,,,,,,,,,,,,,,,,,,,,,,,,,,,,,,,,,,,,,,,,,,,,,,,,,,,,,,,,,,,,,,,,,,,,,,,,,,,,,,,,
Thailand,114596421448,431174607,2024-05-09 11:04:35,2024-05-09 11:19:15,th,ยืนยัน,Thailand,1-5 ปี,1-5 ปี,ปริญญาเอกหรือเท่าเทียม,อื่นๆ (โปรดระบุ),Data Engineer and Analyst,In-house data science/data team,,100 - 999,ไม่รู้จัก,,,4 - ทำบ่อย,5 - ทำบ่อยที่สุด,5 - ทำบ่อยที่สุด,2 - ทำน้อย,3 - ทำปานกลาง,1 - ทำน้อยที่สุด,3 - พบปัญหาปานกลาง,4 - พบปัญหาบ่อย,3 - พบปัญหาปานกลาง,5 - พบปัญหาบ่อยมากที่สุด,5 - พบปัญหาบ่อยมากที่สุด,5 - พบปัญหาบ่อยมากที่สุด,3 - พบปัญหาปานกลาง,3 - พบปัญหาปานกลาง,1 - พบปัญหาน้อยที่สุด,1 - พบปัญหาน้อยที่สุด,,,ไม่มีการทำ Integration test และ Load test,,ปัญหาในการเก็บ Requirements (เช่น Requirement ไม่สมบูรณ์ ไม่ถูกต้อง),ไม่มีการทำ Version control,การดูแลรักษาและการ reuse source code,,วางแผนจะใช้ในอนาคต,ใช้อยู่ในปัจจุบัน,วางแผนจะใช้ในอนาคต,เคยใช้ในอดีต (แต่ปัจจุบันไม่ได้ใช้),เคยใช้ในอดีต (แต่ปัจจุบันไม่ได้ใช้),วางแผนจะใช้ในอนาคต,วางแผนจะใช้ในอนาคต,วางแผนจะใช้ในอนาคต,ใช้อยู่ในปัจจุบัน,วางแผนจะใช้ในอนาคต,วางแผนจะใช้ในอนาคต,วางแผนจะใช้ในอนาคต,วางแผนจะใช้ในอนาคต,เคยใช้ในอดีต (แต่ปัจจุบันไม่ได้ใช้),วางแผนจะใช้ในอนาคต,วางแผนจะใช้ในอนาคต,วางแผนจะใช้ในอนาคต,วางแผนจะใช้ในอนาคต,เคยใช้ในอดีต (แต่ปัจจุบันไม่ได้ใช้),วางแผนจะใช้ในอนาคต,วางแผนจะใช้ในอนาคต,วางแผนจะใช้ในอนาคต,วางแผนจะใช้ในอนาคต,วางแผนจะใช้ในอนาคต,เคยใช้ในอดีต (แต่ปัจจุบันไม่ได้ใช้),ใช้อยู่ในปัจจุบัน,เคยใช้ในอดีต (แต่ปัจจุบันไม่ได้ใช้),วางแผนจะใช้ในอนาคต,,,,,,,,ใช้ในเฟส Data Understanding,ใช้ในเฟส Data Preparation,ใช้ในเฟส Modelling,ใช้ในเฟส Evaluation,,,,,,,,,ใช้ในเฟส Data Understanding,ใช้ในเฟส Data Preparation,ใช้ในเฟส Modelling,,,,,,,,ใช้ในเฟส Deployment,,,,,,,,,,,,,,,,,,,,ใช้ในเฟส Data Understanding,ใช้ในเฟส Data Preparation,ใช้ในเฟส Modelling,ใช้ในเฟส Evaluation,ใช้ในเฟส Deployment,,,,,,,,,,,,,,,,,,,,,,,,,,ใช้ในเฟส Data Understanding,ใช้ในเฟส Data Preparation,,,,,,,,,,,,,,,,,,,,,,,,,,,,,,,ใช้ในเฟส Modelling,ใช้ในเฟส Evaluation,,,,,,,,,,,,,,,,,,,,,,,,,,,,,,,,,ใช้ในเฟส Data Understanding,ใช้ในเฟส Data Preparation,ใช้ในเฟส Modelling,,,,ใช้ในเฟส Data Understanding,ใช้ในเฟส Data Preparation,ใช้ในเฟส Modelling,ใช้ในเฟส Evaluation,ใช้ในเฟส Deployment,,,,,,ใช้ในเฟส Deployment,,,,,,,ไม่ได้ใช้งาน,ไม่ได้ใช้งาน,5,4,ไม่ได้ใช้งาน,4,3,ไม่ได้ใช้งาน,ไม่ได้ใช้งาน,4,5,5,ไม่ได้ใช้งาน,เคยใช้ในอดีต (แต่ปัจจุบันไม่ได้ใช้),ใช้อยู่ในปัจจุบัน,วางแผนจะใช้ในอนาคต,ใช้อยู่ในปัจจุบัน,เคยใช้ในอดีต (แต่ปัจจุบันไม่ได้ใช้),เคยใช้ในอดีต (แต่ปัจจุบันไม่ได้ใช้),เคยใช้ในอดีต (แต่ปัจจุบันไม่ได้ใช้),ใช้อยู่ในปัจจุบัน,วางแผนจะใช้ในอนาคต,วางแผนจะใช้ในอนาคต,วางแผนจะใช้ในอนาคต,ใช้อยู่ในปัจจุบัน,วางแผนจะใช้ในอนาคต,ใช้อยู่ในปัจจุบัน,เคยใช้ในอดีต (แต่ปัจจุบันไม่ได้ใช้),ใช้ในเฟส Business Understanding,ใช้ในเฟส Data Understanding,ใช้ในเฟส Data Preparation,ใช้ในเฟส Modelling,ใช้ในเฟส Evaluation,ใช้ในเฟส Deployment,ใช้ในเฟส Business Understanding,ใช้ในเฟส Data Understanding,ใช้ในเฟส Data Preparation,ใช้ในเฟส Modelling,ใช้ในเฟส Evaluation,ใช้ในเฟส Deployment,,,,,ใช้ในเฟส Evaluation,ใช้ในเฟส Deployment,,ใช้ในเฟส Data Understanding,ใช้ในเฟส Data Preparation,ใช้ในเฟส Modelling,ใช้ในเฟส Evaluation,,,ใช้ในเฟส Data Understanding,ใช้ในเฟส Data Preparation,ใช้ในเฟส Modelling,ใช้ในเฟส Evaluation,,,ใช้ในเฟส Data Understanding,ใช้ในเฟส Data Preparation,ใช้ในเฟส Modelling,ใช้ในเฟส Evaluation,ใช้ในเฟส Deployment,ใช้ในเฟส Business Understanding,,,,,,ใช้ในเฟส Business Understanding,,,,,,ใช้ในเฟส Business Understanding,,,,ใช้ในเฟส Evaluation,,,,,,ใช้ในเฟส Evaluation,ใช้ในเฟส Deployment,,,,,ใช้ในเฟส Evaluation,ใช้ในเฟส Deployment,,,,,ใช้ในเฟส Evaluation,,,,,,ใช้ในเฟส Evaluation,,ใช้ในเฟส Business Understanding,,,,,,,,,,,ใช้ในเฟส Deployment,,การได้รับคำแนะนำจากทีม (ในการประชุม stand-up meeting),ช่วยให้ทำตามแพลนได้ดีขึ้น,เพิ่มประสิทธิภาพในทุกขั้นตอน,,ลดปัญหาก่อนที่จะส่งมอบให้ลูกค้า,โค้ดอ่านง่ายและเป็นระเบียบ,ส่งต่อโครงการได้ง่าย,,Message Queue ใช้ในการจัดการข้อมูลปริมาณมาก,,
Thailand,114596383449,431174607,2024-05-09 09:24:21,2024-05-09 09:44:04,th,ยืนยัน,Thailand,1-5 ปี,1-5 ปี,ปริญญาโทหรือเท่าเทียม,Data analyst,,In-house data science/data team,,100 - 999,รู้จักแต่ไม่ได้ใช้งาน,CRISP-DM,,3 - ทำปานกลาง,3 - ทำปานกลาง,5 - ทำบ่อยที่สุด,2 - ทำน้อย,4 - ทำบ่อย,3 - ทำปานกลาง,1 - พบปัญหาน้อยที่สุด,1 - พบปัญหาน้อยที่สุด,1 - พบปัญหาน้อยที่สุด,4 - พบปัญหาบ่อย,2 - พบปัญหาน้อย,4 - พบปัญหาบ่อย,3 - พบปัญหาปานกลาง,3 - พบปัญหาปานกลาง,4 - พบปัญหาบ่อย,4 - พบปัญหาบ่อย,,,,การเปลี่ยนแปลง Requirements ระหว่างทาง,ปัญหาในการเก็บ Requirements (เช่น Requirement ไม่สมบูรณ์ ไม่ถูกต้อง),,,,,,,,,,,,,,,,,,,,,,,,,ใช้อยู่ในปัจจุบัน,,,,,,,,,,,,,,,,,,,,,,,,,,,,,,,,,,,,,,,,,,,,,,,,,,,,,,,,,,,,,,,,,,,,,,,,,,,,,,,,,,,,,,,,,,,,,,,,,,,,,,,,,,,,,,,,,,,,,,,,,,,,,,,,,,,,,ใช้ในเฟส Business Understanding,ใช้ในเฟส Data Understanding,ใช้ในเฟส Data Preparation,ใช้ในเฟส Modelling,ใช้ในเฟส Evaluation,,,,,,,,,,,,,,,,,,,,,,,,,,,,,,,,,,,,,,4,4,4,4,4,4,4,4,4,4,4,4,4,ใช้อยู่ในปัจจุบัน,ใช้อยู่ในปัจจุบัน,ใช้อยู่ในปัจจุบัน,เคยใช้ในอดีต (แต่ปัจจุบันไม่ได้ใช้),เคยใช้ในอดีต (แต่ปัจจุบันไม่ได้ใช้),ใช้อยู่ในปัจจุบัน,,,,,,,,,,ใช้ในเฟส Business Understanding,,,,,,ใช้ในเฟส Business Understanding,,,,,,,ใช้ในเฟส Data Understanding,,,,,,,,ใช้ในเฟส Modelling,,,,,,,ใช้ในเฟส Evaluation,,,,,,,ใช้ในเฟส Deployment,,,,,,,,,,,,,,,,,,,,,,,,,,,,,,,,,,,,,,,,,,,,,,,,,,,,,,,,การได้รับคำแนะนำจากทีม (ในการประชุม stand-up meeting),ช่วยให้ทำตามแพลนได้ดีขึ้น,เพิ่มประสิทธิภาพในทุกขั้นตอน,เพิ่ม test coverage,ลดปัญหาก่อนที่จะส่งมอบให้ลูกค้า,โค้ดอ่านง่ายและเป็นระเบียบ,ส่งต่อโครงการได้ง่าย,,ai integration,,
Thailand,114596356310,431174607,2024-05-09 08:21:31,2024-05-09 08:41:00,th,ยืนยัน,Thailand,น้อยกว่า 1 ปี,น้อยกว่า 1 ปี,ปริญญาตรีหรือเท่าเทียม,Programmer / Software developer,,Software house,,100 - 999,ไม่รู้จัก,,,2 - ทำน้อย,4 - ทำบ่อย,2 - ทำน้อย,1 - ทำน้อยที่สุด,3 - ทำปานกลาง,3 - ทำปานกลาง,2 - พบปัญหาน้อย,2 - พบปัญหาน้อย,3 - พบปัญหาปานกลาง,3 - พบปัญหาปานกลาง,2 - พบปัญหาน้อย,3 - พบปัญหาปานกลาง,2 - พบปัญหาน้อย,4 - พบปัญหาบ่อย,3 - พบปัญหาปานกลาง,1 - พบปัญหาน้อยที่สุด,การที่ไม่มีเอกสารให้ศึกษาระหว่างการดูแลรักษาโครงการ,,,,ปัญหาในการเก็บ Requirements (เช่น Requirement ไม่สมบูรณ์ ไม่ถูกต้อง),,,,วางแผนจะใช้ในอนาคต,เคยใช้ในอดีต (แต่ปัจจุบันไม่ได้ใช้),เคยใช้ในอดีต (แต่ปัจจุบันไม่ได้ใช้),ใช้อยู่ในปัจจุบัน,วางแผนจะใช้ในอนาคต,เคยใช้ในอดีต (แต่ปัจจุบันไม่ได้ใช้),วางแผนจะใช้ในอนาคต,วางแผนจะใช้ในอนาคต,ใช้อยู่ในปัจจุบัน,ใช้อยู่ในปัจจุบัน,วางแผนจะใช้ในอนาคต,วางแผนจะใช้ในอนาคต,วางแผนจะใช้ในอนาคต,ใช้อยู่ในปัจจุบัน,วางแผนจะใช้ในอนาคต,วางแผนจะใช้ในอนาคต,วางแผนจะใช้ในอนาคต,ใช้อยู่ในปัจจุบัน,เคยใช้ในอดีต (แต่ปัจจุบันไม่ได้ใช้),วางแผนจะใช้ในอนาคต,ใช้อยู่ในปัจจุบัน,ใช้อยู่ในปัจจุบัน,ใช้อยู่ในปัจจุบัน,เคยใช้ในอดีต (แต่ปัจจุบันไม่ได้ใช้),วางแผนจะใช้ในอนาคต,ใช้อยู่ในปัจจุบัน,,ใช้อยู่ในปัจจุบัน,,,,,,,,ใช้ในเฟส Data Understanding,ใช้ในเฟส Data Preparation,,,,,,ใช้ในเฟส Data Preparation,ใช้ในเฟส Modelling,,,,,ใช้ในเฟส Data Preparation,ใช้ในเฟส Modelling,ใช้ในเฟส Evaluation,,,,,,,,,,ใช้ในเฟส Data Preparation,ใช้ในเฟส Modelling,ใช้ในเฟส Evaluation,,,,,,,,,,,,,,ใช้ในเฟส Business Understanding,ใช้ในเฟส Data Understanding,ใช้ในเฟส Data Preparation,ใช้ในเฟส Modelling,ใช้ในเฟส Evaluation,,,,ใช้ในเฟส Data Preparation,ใช้ในเฟส Modelling,,,,,,,,,,,,,,,,,,,,,,,,ใช้ในเฟส Modelling,ใช้ในเฟส Evaluation,,,,,,,,,,,,,,,,,,,,,,ใช้ในเฟส Data Preparation,ใช้ในเฟส Modelling,,,,,ใช้ในเฟส Data Preparation,ใช้ในเฟส Modelling,ใช้ในเฟส Evaluation,,,,,,,,,,ใช้ในเฟส Data Preparation,ใช้ในเฟส Modelling,ใช้ในเฟส Evaluation,,ใช้ในเฟส Business Understanding,ใช้ในเฟส Data Understanding,,,,,,ใช้ในเฟส Data Understanding,ใช้ในเฟส Data Preparation,ใช้ในเฟส Modelling,ใช้ในเฟส Evaluation,,,,,,,ใช้ในเฟส Deployment,,,,,,,,,ใช้ในเฟส Data Preparation,ใช้ในเฟส Modelling,ใช้ในเฟส Evaluation,,,,,,,,,,ใช้ในเฟส Data Preparation,ใช้ในเฟส Modelling,ใช้ในเฟส Evaluation,,2,3,4,4,4,4,5,4,4,4,5,4,2,ใช้อยู่ในปัจจุบัน,ใช้อยู่ในปัจจุบัน,ใช้อยู่ในปัจจุบัน,ใช้อยู่ในปัจจุบัน,วางแผนจะใช้ในอนาคต,ใช้อยู่ในปัจจุบัน,ใช้อยู่ในปัจจุบัน,ใช้อยู่ในปัจจุบัน,วางแผนจะใช้ในอนาคต,ใช้อยู่ในปัจจุบัน,ใช้อยู่ในปัจจุบัน,ใช้อยู่ในปัจจุบัน,ใช้อยู่ในปัจจุบัน,วางแผนจะใช้ในอนาคต,ใช้อยู่ในปัจจุบัน,ใช้ในเฟส Business Understanding,ใช้ในเฟส Data Understanding,ใช้ในเฟส Data Preparation,ใช้ในเฟส Modelling,ใช้ในเฟส Evaluation,ใช้ในเฟส Deployment,ใช้ในเฟส Business Understanding,ใช้ในเฟส Data Understanding,ใช้ในเฟส Data Preparation,ใช้ในเฟส Modelling,ใช้ในเฟส Evaluation,ใช้ในเฟส Deployment,,ใช้ในเฟส Data Understanding,ใช้ในเฟส Data Preparation,ใช้ในเฟส Modelling,ใช้ในเฟส Evaluation,ใช้ในเฟส Deployment,,,,,ใช้ในเฟส Evaluation,,,,,,ใช้ในเฟส Evaluation,,,,,,ใช้ในเฟส Evaluation,ใช้ในเฟส Deployment,ใช้ในเฟส Business Understanding,,,,,,ใช้ในเฟส Business Understanding,ใช้ในเฟส Data Understanding,,,,,,,,,ใช้ในเฟส Evaluation,ใช้ในเฟส Deployment,,,,,ใช้ในเฟส Evaluation,ใช้ในเฟส Deployment,,,,ใช้ในเฟส Modelling,,,,,,,ใช้ในเฟส Evaluation,,,,,,ใช้ในเฟส Evaluation,,ใช้ในเฟส Business Understanding,,,,,,,,,,,ใช้ในเฟส Deployment,,การได้รับคำแนะนำจากทีม (ในการประชุม stand-up meeting),ช่วยให้ทำตามแพลนได้ดีขึ้น,,,,,,,,,
Thailand,114596356100,431174607,2024-05-09 08:20:59,2024-05-09 08:28:09,th,ยืนยัน,Thailand,1-5 ปี,1-5 ปี,ปริญญาเอกหรือเท่าเทียม,Machine learning engineer,,Software house,,"1,000 - 9,999",รู้จักแต่ไม่ได้ใช้งาน,CRISP-DM,,5 - ทำบ่อยที่สุด,3 - ทำปานกลาง,4 - ทำบ่อย,5 - ทำบ่อยที่สุด,3 - ทำปานกลาง,3 - ทำปานกลาง,5 - พบปัญหาบ่อยมากที่สุด,3 - พบปัญหาปานกลาง,4 - พบปัญหาบ่อย,3 - พบปัญหาปานกลาง,4 - พบปัญหาบ่อย,5 - พบปัญหาบ่อยมากที่สุด,5 - พบปัญหาบ่อยมากที่สุด,4 - พบปัญหาบ่อย,4 - พบปัญหาบ่อย,4 - พบปัญหาบ่อย,การที่ไม่มีเอกสารให้ศึกษาระหว่างการดูแลรักษาโครงการ,,,,ปัญหาในการเก็บ Requirements (เช่น Requirement ไม่สมบูรณ์ ไม่ถูกต้อง),,การดูแลรักษาและการ reuse source code,,,,,ใช้อยู่ในปัจจุบัน,,ใช้อยู่ในปัจจุบัน,,,ใช้อยู่ในปัจจุบัน,,,,,ใช้อยู่ในปัจจุบัน,,,,ใช้อยู่ในปัจจุบัน,,,,,,,,,,,,,,,,,,,,,,,,,,,,,ใช้ในเฟส Business Understanding,ใช้ในเฟส Data Understanding,ใช้ในเฟส Data Preparation,ใช้ในเฟส Modelling,ใช้ในเฟส Evaluation,ใช้ในเฟส Deployment,,,,,,,ใช้ในเฟส Business Understanding,ใช้ในเฟส Data Understanding,,,,,,,,,,,,,,,,,ใช้ในเฟส Business Understanding,ใช้ในเฟส Data Understanding,ใช้ในเฟส Data Preparation,ใช้ในเฟส Modelling,ใช้ในเฟส Evaluation,ใช้ในเฟส Deployment,,,,,,,,,,,,,,,,,,,,,,,,,ใช้ในเฟส Business Understanding,ใช้ในเฟส Data Understanding,ใช้ในเฟส Data Preparation,ใช้ในเฟส Modelling,ใช้ในเฟส Evaluation,ใช้ในเฟส Deployment,,,,,,,,,,,,,,,,,,,ใช้ในเฟส Business Understanding,ใช้ในเฟส Data Understanding,ใช้ในเฟส Data Preparation,ใช้ในเฟส Modelling,ใช้ในเฟส Evaluation,ใช้ในเฟส Deployment,,,,,,,,,,,,,,,,,,,,,,,,,,,,,,,,,,,,,,,,,,,,,,,,,,,,,,,,,,,,,4,4,5,5,5,5,5,5,5,5,5,4,4,,,,,,,,,,,ใช้อยู่ในปัจจุบัน,,,ใช้อยู่ในปัจจุบัน,,,,,,,,,,,,,,,,,,,,,,,,,,,,,,,,,,,,,,,,,,,,,,,,,,,,,,,,,,,,,,ใช้ในเฟส Business Understanding,ใช้ในเฟส Data Understanding,ใช้ในเฟส Data Preparation,ใช้ในเฟส Modelling,,,,,,,,,,,,,,,ใช้ในเฟส Business Understanding,ใช้ในเฟส Data Understanding,ใช้ในเฟส Data Preparation,ใช้ในเฟส Modelling,,,,,,,,,ยังไม่ได้คิด,,ช่วยให้ทำตามแพลนได้ดีขึ้น,เพิ่มประสิทธิภาพในทุกขั้นตอน,,ลดปัญหาก่อนที่จะส่งมอบให้ลูกค้า,โค้ดอ่านง่ายและเป็นระเบียบ,ส่งต่อโครงการได้ง่าย,,-,,
Thailand,114596342289,431174607,2024-05-09 07:50:01,2024-05-09 08:02:09,th,ยืนยัน,Thailand,น้อยกว่า 1 ปี,น้อยกว่า 1 ปี,ปริญญาตรีหรือเท่าเทียม,Data scientist,,Data consultant,,10 - 99,รู้จักและใช้งาน,CRISP-DM,,4 - ทำบ่อย,4 - ทำบ่อย,4 - ทำบ่อย,4 - ทำบ่อย,4 - ทำบ่อย,3 - ทำปานกลาง,3 - พบปัญหาปานกลาง,3 - พบปัญหาปานกลาง,4 - พบปัญหาบ่อย,5 - พบปัญหาบ่อยมากที่สุด,4 - พบปัญหาบ่อย,4 - พบปัญหาบ่อย,3 - พบปัญหาปานกลาง,5 - พบปัญหาบ่อยมากที่สุด,4 - พบปัญหาบ่อย,3 - พบปัญหาปานกลาง,การที่ไม่มีเอกสารให้ศึกษาระหว่างการดูแลรักษาโครงการ,,,การเปลี่ยนแปลง Requirements ระหว่างทาง,ปัญหาในการเก็บ Requirements (เช่น Requirement ไม่สมบูรณ์ ไม่ถูกต้อง),,,,วางแผนจะใช้ในอนาคต,วางแผนจะใช้ในอนาคต,วางแผนจะใช้ในอนาคต,ใช้อยู่ในปัจจุบัน,ใช้อยู่ในปัจจุบัน,วางแผนจะใช้ในอนาคต,วางแผนจะใช้ในอนาคต,วางแผนจะใช้ในอนาคต,ใช้อยู่ในปัจจุบัน,วางแผนจะใช้ในอนาคต,วางแผนจะใช้ในอนาคต,วางแผนจะใช้ในอนาคต,วางแผนจะใช้ในอนาคต,ใช้อยู่ในปัจจุบัน,วางแผนจะใช้ในอนาคต,วางแผนจะใช้ในอนาคต,วางแผนจะใช้ในอนาคต,ใช้อยู่ในปัจจุบัน,เคยใช้ในอดีต (แต่ปัจจุบันไม่ได้ใช้),เคยใช้ในอดีต (แต่ปัจจุบันไม่ได้ใช้),วางแผนจะใช้ในอนาคต,วางแผนจะใช้ในอนาคต,ใช้อยู่ในปัจจุบัน,วางแผนจะใช้ในอนาคต,วางแผนจะใช้ในอนาคต,ใช้อยู่ในปัจจุบัน,ใช้อยู่ในปัจจุบัน,ใช้อยู่ในปัจจุบัน,,,,,,,,,,,,,,,,,,,,ใช้ในเฟส Data Understanding,ใช้ในเฟส Data Preparation,,,,,,,,,ใช้ในเฟส Deployment,,,,,,,,,,,,,,,,,,,,ใช้ในเฟส Data Understanding,ใช้ในเฟส Data Preparation,ใช้ในเฟส Modelling,ใช้ในเฟส Evaluation,,,,,,,,,,,,,,,,,,,,,,,,,,ใช้ในเฟส Business Understanding,ใช้ในเฟส Data Understanding,ใช้ในเฟส Data Preparation,ใช้ในเฟส Modelling,ใช้ในเฟส Evaluation,,,,,,,,,,,,,,,,,,,,,ใช้ในเฟส Data Understanding,ใช้ในเฟส Data Preparation,,,,,,,ใช้ในเฟส Modelling,ใช้ในเฟส Evaluation,,,,ใช้ในเฟส Data Preparation,ใช้ในเฟส Modelling,ใช้ในเฟส Evaluation,,,,,,,,,,,,,,,ใช้ในเฟส Data Understanding,ใช้ในเฟส Data Preparation,,,,,,,,,,,,,,,,,ใช้ในเฟส Data Understanding,ใช้ในเฟส Data Preparation,,,,,,,,,ใช้ในเฟส Deployment,,ใช้ในเฟส Data Understanding,ใช้ในเฟส Data Preparation,ใช้ในเฟส Modelling,ใช้ในเฟส Evaluation,ใช้ในเฟส Deployment,ไม่ได้ใช้งาน,ไม่ได้ใช้งาน,5,2,ไม่ได้ใช้งาน,3,3,,ไม่ได้ใช้งาน,4,4,4,ไม่ได้ใช้งาน,ใช้อยู่ในปัจจุบัน,ใช้อยู่ในปัจจุบัน,ใช้อยู่ในปัจจุบัน,เคยใช้ในอดีต (แต่ปัจจุบันไม่ได้ใช้),เคยใช้ในอดีต (แต่ปัจจุบันไม่ได้ใช้),วางแผนจะใช้ในอนาคต,ใช้อยู่ในปัจจุบัน,ใช้อยู่ในปัจจุบัน,ใช้อยู่ในปัจจุบัน,ใช้อยู่ในปัจจุบัน,ใช้อยู่ในปัจจุบัน,วางแผนจะใช้ในอนาคต,ใช้อยู่ในปัจจุบัน,ใช้อยู่ในปัจจุบัน,วางแผนจะใช้ในอนาคต,ใช้ในเฟส Business Understanding,ใช้ในเฟส Data Understanding,ใช้ในเฟส Data Preparation,ใช้ในเฟส Modelling,ใช้ในเฟส Evaluation,ใช้ในเฟส Deployment,ใช้ในเฟส Business Understanding,,,ใช้ในเฟส Modelling,,,ใช้ในเฟส Business Understanding,ใช้ในเฟส Data Understanding,ใช้ในเฟส Data Preparation,ใช้ในเฟส Modelling,ใช้ในเฟส Evaluation,ใช้ในเฟส Deployment,,ใช้ในเฟส Data Understanding,ใช้ในเฟส Data Preparation,ใช้ในเฟส Modelling,ใช้ในเฟส Evaluation,,ใช้ในเฟส Business Understanding,,,,,,,,,,,ใช้ในเฟส Deployment,ใช้ในเฟส Business Understanding,ใช้ในเฟส Data Understanding,,,,,ใช้ในเฟส Business Understanding,,,,,,,,,,ใช้ในเฟส Evaluation,ใช้ในเฟส Deployment,ใช้ในเฟส Business Understanding,,,,,,,,,ใช้ในเฟส Modelling,ใช้ในเฟส Evaluation,,ใช้ในเฟส Business Understanding,ใช้ในเฟส Data Understanding,,,,,,ใช้ในเฟส Data Understanding,ใช้ในเฟส Data Preparation,ใช้ในเฟส Modelling,ใช้ในเฟส Evaluation,,ใช้ในเฟส Business Understanding,ใช้ในเฟส Data Understanding,,,,,,,,,,ใช้ในเฟส Deployment,,การได้รับคำแนะนำจากทีม (ในการประชุม stand-up meeting),,,เพิ่ม test coverage,ลดปัญหาก่อนที่จะส่งมอบให้ลูกค้า,,,,Akkio,,
Thailand,114596340963,431174607,2024-05-09 07:47:36,2024-05-09 07:56:19,th,ยืนยัน,Thailand,น้อยกว่า 1 ปี,น้อยกว่า 1 ปี,ปริญญาตรีหรือเท่าเทียม,Programmer / Software developer,,Software house,,10 - 99,รู้จักแต่ไม่ได้ใช้งาน,Microsoft TDSP,,2 - ทำน้อย,2 - ทำน้อย,3 - ทำปานกลาง,3 - ทำปานกลาง,3 - ทำปานกลาง,2 - ทำน้อย,2 - พบปัญหาน้อย,1 - พบปัญหาน้อยที่สุด,2 - พบปัญหาน้อย,2 - พบปัญหาน้อย,2 - พบปัญหาน้อย,1 - พบปัญหาน้อยที่สุด,2 - พบปัญหาน้อย,2 - พบปัญหาน้อย,3 - พบปัญหาปานกลาง,3 - พบปัญหาปานกลาง,,,ไม่มีการทำ Integration test และ Load test,การเปลี่ยนแปลง Requirements ระหว่างทาง,ปัญหาในการเก็บ Requirements (เช่น Requirement ไม่สมบูรณ์ ไม่ถูกต้อง),,,,,,ใช้อยู่ในปัจจุบัน,ใช้อยู่ในปัจจุบัน,,,,,ใช้อยู่ในปัจจุบัน,วางแผนจะใช้ในอนาคต,,,,ใช้อยู่ในปัจจุบัน,,วางแผนจะใช้ในอนาคต,,ใช้อยู่ในปัจจุบัน,,,วางแผนจะใช้ในอนาคต,,,,,ใช้อยู่ในปัจจุบัน,,ใช้อยู่ในปัจจุบัน,,,,,,,,,,,,,ใช้ในเฟส Business Understanding,ใช้ในเฟส Data Understanding,,,,,,ใช้ในเฟส Data Understanding,,ใช้ในเฟส Modelling,,,,,,,,,,,,,,,,,,,,,,,,,,,,,,,,ใช้ในเฟส Deployment,,,,,,,,,,,,,,,,,,,,,,,,,,,ใช้ในเฟส Data Preparation,,,,,,,,,,,,,,,,,,,,,,,ใช้ในเฟส Data Understanding,,ใช้ในเฟส Modelling,ใช้ในเฟส Evaluation,,,,,,,,,,,,,,,,,,,,,,,,,,,,,,,,,,,,,,,,,,,,,,,ใช้ในเฟส Modelling,,,,,,,,,,,ใช้ในเฟส Data Preparation,,,,4,4,5,5,5,4,4,4,5,4,4,5,5,ใช้อยู่ในปัจจุบัน,,,ใช้อยู่ในปัจจุบัน,,ใช้อยู่ในปัจจุบัน,,ใช้อยู่ในปัจจุบัน,,,ใช้อยู่ในปัจจุบัน,ใช้อยู่ในปัจจุบัน,ใช้อยู่ในปัจจุบัน,ใช้อยู่ในปัจจุบัน,ใช้อยู่ในปัจจุบัน,ใช้ในเฟส Business Understanding,ใช้ในเฟส Data Understanding,ใช้ในเฟส Data Preparation,ใช้ในเฟส Modelling,ใช้ในเฟส Evaluation,,,,,,,,,,,,,,ใช้ในเฟส Business Understanding,ใช้ในเฟส Data Understanding,ใช้ในเฟส Data Preparation,ใช้ในเฟส Modelling,ใช้ในเฟส Evaluation,,,,,,,,,,,,ใช้ในเฟส Evaluation,ใช้ในเฟส Deployment,,,,,,,,ใช้ในเฟส Data Understanding,ใช้ในเฟส Data Preparation,,,,,,,,,,,,,,,,,,ใช้ในเฟส Data Preparation,ใช้ในเฟส Modelling,,,,ใช้ในเฟส Data Understanding,ใช้ในเฟส Data Preparation,,,,ใช้ในเฟส Business Understanding,ใช้ในเฟส Data Understanding,ใช้ในเฟส Data Preparation,ใช้ในเฟส Modelling,ใช้ในเฟส Evaluation,,,ใช้ในเฟส Data Understanding,ใช้ในเฟส Data Preparation,,,,,,,ใช้ในเฟส Modelling,ใช้ในเฟส Evaluation,ใช้ในเฟส Deployment,,,ช่วยให้ทำตามแพลนได้ดีขึ้น,เพิ่มประสิทธิภาพในทุกขั้นตอน,เพิ่ม test coverage,,,,,เครื่องมือที่อยากได้คือ AI assistant ที่สามารถทำการวิเคราะห์ข้อมูลอย่างเป็นอัตโนมัติ และมีความสามารถในการเรียนรู้เพื่อปรับปรุงตนเองตามการใช้งานของผู้ใช้ จะช่วยสร้างสรรค์และปรับปรุงวิธีการทำงานให้มีประสิทธิภาพมากยิ่งขึ้นตามความต้องการได้ จะเป็นเครื่องมือที่เปลี่ยนแปลงวิธีการทำงานอย่างรวดเร็วและมีประสิทธิภาพมากขึ้นในการจัดการข้อมูลและการตัดสินใจ,,
Thailand,114596200453,431174607,2024-05-09 03:34:54,2024-05-09 03:39:55,th,ยืนยัน,Thailand,มากกว่า 10 ปี,ไม่มีประสบการณ์,ปริญญาโทหรือเท่าเทียม,อื่นๆ (โปรดระบุ),ผู้อำนวยการกองนโยบายและแผน,อื่นๆ (โปรดระบุ),สถาบันอุดมศึกษา,"1,000 - 9,999",รู้จักแต่ไม่ได้ใช้งาน,อื่นๆ (โปรดระบุ),ไม่ได้ใช้,0 - ไม่ได้ทำเลย,0 - ไม่ได้ทำเลย,0 - ไม่ได้ทำเลย,0 - ไม่ได้ทำเลย,0 - ไม่ได้ทำเลย,0 - ไม่ได้ทำเลย,0 - ไม่พบปัญหา,0 - ไม่พบปัญหา,0 - ไม่พบปัญหา,0 - ไม่พบปัญหา,0 - ไม่พบปัญหา,0 - ไม่พบปัญหา,0 - ไม่พบปัญหา,0 - ไม่พบปัญหา,0 - ไม่พบปัญหา,0 - ไม่พบปัญหา,,,,,,ไม่มีการทำ Version control,,,วางแผนจะใช้ในอนาคต,วางแผนจะใช้ในอนาคต,วางแผนจะใช้ในอนาคต,วางแผนจะใช้ในอนาคต,วางแผนจะใช้ในอนาคต,วางแผนจะใช้ในอนาคต,วางแผนจะใช้ในอนาคต,วางแผนจะใช้ในอนาคต,วางแผนจะใช้ในอนาคต,วางแผนจะใช้ในอนาคต,วางแผนจะใช้ในอนาคต,วางแผนจะใช้ในอนาคต,วางแผนจะใช้ในอนาคต,วางแผนจะใช้ในอนาคต,วางแผนจะใช้ในอนาคต,วางแผนจะใช้ในอนาคต,วางแผนจะใช้ในอนาคต,วางแผนจะใช้ในอนาคต,วางแผนจะใช้ในอนาคต,วางแผนจะใช้ในอนาคต,วางแผนจะใช้ในอนาคต,วางแผนจะใช้ในอนาคต,วางแผนจะใช้ในอนาคต,วางแผนจะใช้ในอนาคต,วางแผนจะใช้ในอนาคต,วางแผนจะใช้ในอนาคต,วางแผนจะใช้ในอนาคต,วางแผนจะใช้ในอนาคต,,,,,,,,,,,,,,,,,,,,,,,,,,,,,,,,,,,,,,,,,,,,,,,,,,,,,,,,,,,,,,,,,,,,,,,,,,,,,,,,,,,,,,,,,,,,,,,,,,,,,,,,,,,,,,,,,,,,,,,,,,,,,,,,,,,,,,,,,,,,,,,,,,,,,,,,,,,,,,,,,,,,,,,,,,,,,,,,,,,,,,,,,,,,,,,,,,,,,,,,,,,,,,,,,,,,,,,,,,,,,,,,,,,,,,,,,,,,,,,,,,,,,,,,,,,,,,,,,,,,,,,,,,,,,,,,,,,,,,,,,,,,,,,,,,,,,,,,,,
Thailand,114595659877,431174607,2024-05-08 16:45:07,2024-05-08 22:29:06,th,ยืนยัน,Thailand,1-5 ปี,1-5 ปี,ต่ำกว่าปริญญาตรี,Programmer / Software developer,,In-house data science/data team,,0 - 9,รู้จักและใช้งาน,CRISP-DM,,5 - ทำบ่อยที่สุด,5 - ทำบ่อยที่สุด,5 - ทำบ่อยที่สุด,0 - ไม่ได้ทำเลย,5 - ทำบ่อยที่สุด,0 - ไม่ได้ทำเลย,3 - พบปัญหาปานกลาง,3 - พบปัญหาปานกลาง,3 - พบปัญหาปานกลาง,2 - พบปัญหาน้อย,3 - พบปัญหาปานกลาง,2 - พบปัญหาน้อย,1 - พบปัญหาน้อยที่สุด,2 - พบปัญหาน้อย,3 - พบปัญหาปานกลาง,2 - พบปัญหาน้อย,,,,,ปัญหาในการเก็บ Requirements (เช่น Requirement ไม่สมบูรณ์ ไม่ถูกต้อง),,,,วางแผนจะใช้ในอนาคต,วางแผนจะใช้ในอนาคต,ใช้อยู่ในปัจจุบัน,วางแผนจะใช้ในอนาคต,วางแผนจะใช้ในอนาคต,วางแผนจะใช้ในอนาคต,วางแผนจะใช้ในอนาคต,วางแผนจะใช้ในอนาคต,วางแผนจะใช้ในอนาคต,เคยใช้ในอดีต (แต่ปัจจุบันไม่ได้ใช้),วางแผนจะใช้ในอนาคต,วางแผนจะใช้ในอนาคต,วางแผนจะใช้ในอนาคต,เคยใช้ในอดีต (แต่ปัจจุบันไม่ได้ใช้),วางแผนจะใช้ในอนาคต,วางแผนจะใช้ในอนาคต,วางแผนจะใช้ในอนาคต,วางแผนจะใช้ในอนาคต,วางแผนจะใช้ในอนาคต,วางแผนจะใช้ในอนาคต,วางแผนจะใช้ในอนาคต,วางแผนจะใช้ในอนาคต,วางแผนจะใช้ในอนาคต,เคยใช้ในอดีต (แต่ปัจจุบันไม่ได้ใช้),วางแผนจะใช้ในอนาคต,เคยใช้ในอดีต (แต่ปัจจุบันไม่ได้ใช้),วางแผนจะใช้ในอนาคต,วางแผนจะใช้ในอนาคต,,,,,,,,,,,,,ใช้ในเฟส Business Understanding,ใช้ในเฟส Data Understanding,ใช้ในเฟส Data Preparation,,,,,,,,,,,,,,,,,,,,,,,,,,,,,,,,,,,,,,,,,ใช้ในเฟส Data Understanding,ใช้ในเฟส Data Preparation,,,,,,,,,,,,,,,,,,,,,,ใช้ในเฟส Business Understanding,,,,,,,,,,,,,,,,,,,,,,,,,,,,,,,,,,,,,,,,,,,,,,,,,,,,,,,,,,,,,ใช้ในเฟส Data Understanding,ใช้ในเฟส Data Preparation,,,,,,,,,,ใช้ในเฟส Business Understanding,ใช้ในเฟส Data Understanding,ใช้ในเฟส Data Preparation,,,ใช้ในเฟส Deployment,,,,,,,,,,,,,ไม่ได้ใช้งาน,ไม่ได้ใช้งาน,5,5,ไม่ได้ใช้งาน,5,5,ไม่ได้ใช้งาน,ไม่ได้ใช้งาน,5,5,5,5,เคยใช้ในอดีต (แต่ปัจจุบันไม่ได้ใช้),วางแผนจะใช้ในอนาคต,วางแผนจะใช้ในอนาคต,วางแผนจะใช้ในอนาคต,วางแผนจะใช้ในอนาคต,เคยใช้ในอดีต (แต่ปัจจุบันไม่ได้ใช้),วางแผนจะใช้ในอนาคต,เคยใช้ในอดีต (แต่ปัจจุบันไม่ได้ใช้),วางแผนจะใช้ในอนาคต,วางแผนจะใช้ในอนาคต,วางแผนจะใช้ในอนาคต,วางแผนจะใช้ในอนาคต,วางแผนจะใช้ในอนาคต,เคยใช้ในอดีต (แต่ปัจจุบันไม่ได้ใช้),เคยใช้ในอดีต (แต่ปัจจุบันไม่ได้ใช้),ใช้ในเฟส Business Understanding,,,,,,ใช้ในเฟส Business Understanding,,,,,,ใช้ในเฟส Business Understanding,,,,,,ใช้ในเฟส Business Understanding,,ใช้ในเฟส Data Preparation,,,,ใช้ในเฟส Business Understanding,,,,ใช้ในเฟส Evaluation,ใช้ในเฟส Deployment,ใช้ในเฟส Business Understanding,,,,,ใช้ในเฟส Deployment,ใช้ในเฟส Business Understanding,,,,,,ใช้ในเฟส Business Understanding,ใช้ในเฟส Data Understanding,ใช้ในเฟส Data Preparation,ใช้ในเฟส Modelling,ใช้ในเฟส Evaluation,,,,ใช้ในเฟส Data Preparation,,,,,,,,ใช้ในเฟส Evaluation,,,,,ใช้ในเฟส Modelling,,,,,,,ใช้ในเฟส Evaluation,,,,,,ใช้ในเฟส Evaluation,,ใช้ในเฟส Business Understanding,,,,,,,,,,,ใช้ในเฟส Deployment,ไม่มี,การได้รับคำแนะนำจากทีม (ในการประชุม stand-up meeting),ช่วยให้ทำตามแพลนได้ดีขึ้น,เพิ่มประสิทธิภาพในทุกขั้นตอน,เพิ่ม test coverage,ลดปัญหาก่อนที่จะส่งมอบให้ลูกค้า,โค้ดอ่านง่ายและเป็นระเบียบ,ส่งต่อโครงการได้ง่าย,,ไม่มี,,
Thailand,114595885605,431174607,2024-05-08 21:52:37,2024-05-08 22:03:12,th,ยืนยัน,Thailand,น้อยกว่า 1 ปี,น้อยกว่า 1 ปี,ปริญญาตรีหรือเท่าเทียม,Data engineer,,In-house data science/data team,,10 - 99,รู้จักแต่ไม่ได้ใช้งาน,อื่นๆ (โปรดระบุ),ไม่ได้ใช้,4 - ทำบ่อย,3 - ทำปานกลาง,4 - ทำบ่อย,3 - ทำปานกลาง,4 - ทำบ่อย,2 - ทำน้อย,5 - พบปัญหาบ่อยมากที่สุด,4 - พบปัญหาบ่อย,3 - พบปัญหาปานกลาง,3 - พบปัญหาปานกลาง,2 - พบปัญหาน้อย,1 - พบปัญหาน้อยที่สุด,3 - พบปัญหาปานกลาง,4 - พบปัญหาบ่อย,2 - พบปัญหาน้อย,3 - พบปัญหาปานกลาง,,,,การเปลี่ยนแปลง Requirements ระหว่างทาง,ปัญหาในการเก็บ Requirements (เช่น Requirement ไม่สมบูรณ์ ไม่ถูกต้อง),,,,เคยใช้ในอดีต (แต่ปัจจุบันไม่ได้ใช้),วางแผนจะใช้ในอนาคต,วางแผนจะใช้ในอนาคต,ใช้อยู่ในปัจจุบัน,วางแผนจะใช้ในอนาคต,วางแผนจะใช้ในอนาคต,วางแผนจะใช้ในอนาคต,วางแผนจะใช้ในอนาคต,ใช้อยู่ในปัจจุบัน,วางแผนจะใช้ในอนาคต,วางแผนจะใช้ในอนาคต,วางแผนจะใช้ในอนาคต,วางแผนจะใช้ในอนาคต,ใช้อยู่ในปัจจุบัน,วางแผนจะใช้ในอนาคต,วางแผนจะใช้ในอนาคต,วางแผนจะใช้ในอนาคต,วางแผนจะใช้ในอนาคต,วางแผนจะใช้ในอนาคต,วางแผนจะใช้ในอนาคต,วางแผนจะใช้ในอนาคต,วางแผนจะใช้ในอนาคต,วางแผนจะใช้ในอนาคต,วางแผนจะใช้ในอนาคต,วางแผนจะใช้ในอนาคต,ใช้อยู่ในปัจจุบัน,วางแผนจะใช้ในอนาคต,เคยใช้ในอดีต (แต่ปัจจุบันไม่ได้ใช้),,,ใช้ในเฟส Data Preparation,ใช้ในเฟส Modelling,,ใช้ในเฟส Deployment,,,,,,,,,,,,,,ใช้ในเฟส Data Understanding,ใช้ในเฟส Data Preparation,,,,,,,,,,,,,,,,,,,,,,,,,,,,,,ใช้ในเฟส Data Preparation,ใช้ในเฟส Modelling,ใช้ในเฟส Evaluation,,,,,,,,,,,,,,,,,,,,,,,,,,,ใช้ในเฟส Data Understanding,ใช้ในเฟส Data Preparation,ใช้ในเฟส Modelling,,,,,,,,,,,,,,,,,,,,,,,,,,,,,,,,,,,,,,,,,,,,,,,,,,,,,,,,,,,,,,,,,,,,,,,ใช้ในเฟส Data Preparation,ใช้ในเฟส Modelling,,,,,,,,,,ใช้ในเฟส Data Understanding,ใช้ในเฟส Data Preparation,ใช้ในเฟส Modelling,ใช้ในเฟส Evaluation,ใช้ในเฟส Deployment,ไม่ได้ใช้งาน,4,5,5,ไม่ได้ใช้งาน,5,4,4,ไม่ได้ใช้งาน,4,3,4,5,ใช้อยู่ในปัจจุบัน,เคยใช้ในอดีต (แต่ปัจจุบันไม่ได้ใช้),เคยใช้ในอดีต (แต่ปัจจุบันไม่ได้ใช้),ใช้อยู่ในปัจจุบัน,ใช้อยู่ในปัจจุบัน,ใช้อยู่ในปัจจุบัน,เคยใช้ในอดีต (แต่ปัจจุบันไม่ได้ใช้),ใช้อยู่ในปัจจุบัน,วางแผนจะใช้ในอนาคต,วางแผนจะใช้ในอนาคต,วางแผนจะใช้ในอนาคต,วางแผนจะใช้ในอนาคต,ใช้อยู่ในปัจจุบัน,เคยใช้ในอดีต (แต่ปัจจุบันไม่ได้ใช้),ใช้อยู่ในปัจจุบัน,,,,,,,,,,,,,,,,,,,,,,,,,,,,,,,,,,,,,,,,,,,,,,,,,,,,,,,,,,,,,,,,,,,,,,,,,,,,,,,,,,,,,,,,,,,,,,,,,,,,,,
Thailand,114595831322,431174607,2024-05-08 20:57:59,2024-05-08 20:59:55,th,ยืนยัน,Thailand,1-5 ปี,1-5 ปี,ปริญญาตรีหรือเท่าเทียม,Data analyst,,In-house data science/data team,,"1,000 - 9,999",รู้จักและใช้งาน,,,,,,,,,,,,,,,,,,,,,,,,,,,,,,,,,,,,,,,,,,,,,,,,,,,,,,,,,,,,,,,,,,,,,,,,,,,,,,,,,,,,,,,,,,,,,,,,,,,,,,,,,,,,,,,,,,,,,,,,,,,,,,,,,,,,,,,,,,,,,,,,,,,,,,,,,,,,,,,,,,,,,,,,,,,,,,,,,,,,,,,,,,,,,,,,,,,,,,,,,,,,,,,,,,,,,,,,,,,,,,,,,,,,,,,,,,,,,,,,,,,,,,,,,,,,,,,,,,,,,,,,,,,,,,,,,,,,,,,,,,,,,,,,,,,,,,,,,,,,,,,,,,,,,,,,,,,,,,,,,,,,,,,,,,,,,,,,,,,,,,,,,,,,,,,,
Thailand,114595795756,431174607,2024-05-08 20:20:18,2024-05-08 20:24:24,th,ยืนยัน,Thailand,1-5 ปี,1-5 ปี,ปริญญาเอกหรือเท่าเทียม,อื่นๆ (โปรดระบุ),Data Engineer and Analyst,In-house data science/data team,,100 - 999,ไม่รู้จัก,,,4 - ทำบ่อย,5 - ทำบ่อยที่สุด,4 - ทำบ่อย,3 - ทำปานกลาง,4 - ทำบ่อย,1 - ทำน้อยที่สุด,3 - พบปัญหาปานกลาง,2 - พบปัญหาน้อย,3 - พบปัญหาปานกลาง,5 - พบปัญหาบ่อยมากที่สุด,4 - พบปัญหาบ่อย,4 - พบปัญหาบ่อย,3 - พบปัญหาปานกลาง,4 - พบปัญหาบ่อย,2 - พบปัญหาน้อย,2 - พบปัญหาน้อย,การที่ไม่มีเอกสารให้ศึกษาระหว่างการดูแลรักษาโครงการ,,ไม่มีการทำ Integration test และ Load test,,ปัญหาในการเก็บ Requirements (เช่น Requirement ไม่สมบูรณ์ ไม่ถูกต้อง),ไม่มีการทำ Version control,การดูแลรักษาและการ reuse source code,,,,,,,,,,,,,,,,,,,,,,,,,,,,,,,,,,,,,,,,,,,,,,,,,,,,,,,,,,,,,,,,,,,,,,,,,,,,,,,,,,,,,,,,,,,,,,,,,,,,,,,,,,,,,,,,,,,,,,,,,,,,,,,,,,,,,,,,,,,,,,,,,,,,,,,,,,,,,,,,,,,,,,,,,,,,,,,,,,,,,,,,,,,,,,,,,,,,,,,,,,,,,,,,,,,,,,,,,,,,,,,,,,,,,,,,,,,,,,,,,,,,,,,,,,,,,,,,,,,,,,,,,,,,,,,,,,,,,,,,,,,,,,,,,,,,,,,,,,,,,,,,,,,,,,,,,,,,,,,,,,,,,,,
Thailand,114595732814,431174607,2024-05-08 18:59:22,2024-05-08 19:08:25,en,ยืนยัน,Thailand,1-5 ปี,1-5 ปี,ปริญญาโทหรือเท่าเทียม,Data engineer,,Data consultant,,"1,000 - 9,999",รู้จักแต่ไม่ได้ใช้งาน,CRISP-DM,,5 - ทำบ่อยที่สุด,4 - ทำบ่อย,5 - ทำบ่อยที่สุด,5 - ทำบ่อยที่สุด,4 - ทำบ่อย,4 - ทำบ่อย,3 - พบปัญหาปานกลาง,3 - พบปัญหาปานกลาง,2 - พบปัญหาน้อย,2 - พบปัญหาน้อย,3 - พบปัญหาปานกลาง,2 - พบปัญหาน้อย,2 - พบปัญหาน้อย,0 - ไม่พบปัญหา,0 - ไม่พบปัญหา,2 - พบปัญหาน้อย,การที่ไม่มีเอกสารให้ศึกษาระหว่างการดูแลรักษาโครงการ,,,,ปัญหาในการเก็บ Requirements (เช่น Requirement ไม่สมบูรณ์ ไม่ถูกต้อง),,,,วางแผนจะใช้ในอนาคต,วางแผนจะใช้ในอนาคต,วางแผนจะใช้ในอนาคต,วางแผนจะใช้ในอนาคต,วางแผนจะใช้ในอนาคต,เคยใช้ในอดีต (แต่ปัจจุบันไม่ได้ใช้),วางแผนจะใช้ในอนาคต,วางแผนจะใช้ในอนาคต,ใช้อยู่ในปัจจุบัน,วางแผนจะใช้ในอนาคต,วางแผนจะใช้ในอนาคต,วางแผนจะใช้ในอนาคต,วางแผนจะใช้ในอนาคต,วางแผนจะใช้ในอนาคต,วางแผนจะใช้ในอนาคต,วางแผนจะใช้ในอนาคต,วางแผนจะใช้ในอนาคต,วางแผนจะใช้ในอนาคต,วางแผนจะใช้ในอนาคต,วางแผนจะใช้ในอนาคต,วางแผนจะใช้ในอนาคต,ใช้อยู่ในปัจจุบัน,วางแผนจะใช้ในอนาคต,วางแผนจะใช้ในอนาคต,วางแผนจะใช้ในอนาคต,ใช้อยู่ในปัจจุบัน,วางแผนจะใช้ในอนาคต,วางแผนจะใช้ในอนาคต,,,,,,,,,,,,,,,,,,,,,,,,,,,,,,,ใช้ในเฟส Business Understanding,ใช้ในเฟส Data Understanding,,ใช้ในเฟส Modelling,ใช้ในเฟส Evaluation,,,,,,,,,,,,,,,,ใช้ในเฟส Data Preparation,ใช้ในเฟส Modelling,ใช้ในเฟส Evaluation,ใช้ในเฟส Deployment,,,,,,,,,,,,,,,,,,,,,,,,,,,,,,,,,,,,,,,,,,,,,,,,,,,,,,,,,,,,,,,,,,,,,,,,,,,,,ใช้ในเฟส Evaluation,,,,,,,,,,,,,,,,,,,,,,ใช้ในเฟส Data Preparation,ใช้ในเฟส Modelling,ใช้ในเฟส Evaluation,ใช้ในเฟส Deployment,,,,,,,,,,,,,ไม่ได้ใช้งาน,ไม่ได้ใช้งาน,5,5,ไม่ได้ใช้งาน,5,5,5,5,5,5,5,5,ใช้อยู่ในปัจจุบัน,ใช้อยู่ในปัจจุบัน,ใช้อยู่ในปัจจุบัน,ใช้อยู่ในปัจจุบัน,ใช้อยู่ในปัจจุบัน,ใช้อยู่ในปัจจุบัน,ใช้อยู่ในปัจจุบัน,ใช้อยู่ในปัจจุบัน,ใช้อยู่ในปัจจุบัน,ใช้อยู่ในปัจจุบัน,ใช้อยู่ในปัจจุบัน,ใช้อยู่ในปัจจุบัน,ใช้อยู่ในปัจจุบัน,ใช้อยู่ในปัจจุบัน,ใช้อยู่ในปัจจุบัน,ใช้ในเฟส Business Understanding,,ใช้ในเฟส Data Preparation,,ใช้ในเฟส Evaluation,ใช้ในเฟส Deployment,,ใช้ในเฟส Data Understanding,ใช้ในเฟส Data Preparation,,ใช้ในเฟส Evaluation,,,,ใช้ในเฟส Data Preparation,ใช้ในเฟส Modelling,ใช้ในเฟส Evaluation,ใช้ในเฟส Deployment,,ใช้ในเฟส Data Understanding,ใช้ในเฟส Data Preparation,,ใช้ในเฟส Evaluation,,,,ใช้ในเฟส Data Preparation,ใช้ในเฟส Modelling,ใช้ในเฟส Evaluation,ใช้ในเฟส Deployment,,,,,ใช้ในเฟส Evaluation,ใช้ในเฟส Deployment,,ใช้ในเฟส Data Understanding,ใช้ในเฟส Data Preparation,ใช้ในเฟส Modelling,ใช้ในเฟส Evaluation,ใช้ในเฟส Deployment,ใช้ในเฟส Business Understanding,ใช้ในเฟส Data Understanding,ใช้ในเฟส Data Preparation,ใช้ในเฟส Modelling,,,ใช้ในเฟส Business Understanding,ใช้ในเฟส Data Understanding,ใช้ในเฟส Data Preparation,ใช้ในเฟส Modelling,ใช้ในเฟส Evaluation,ใช้ในเฟส Deployment,,ใช้ในเฟส Data Understanding,ใช้ในเฟส Data Preparation,ใช้ในเฟส Modelling,ใช้ในเฟส Evaluation,ใช้ในเฟส Deployment,ใช้ในเฟส Business Understanding,ใช้ในเฟส Data Understanding,ใช้ในเฟส Data Preparation,ใช้ในเฟส Modelling,ใช้ในเฟส Evaluation,ใช้ในเฟส Deployment,ใช้ในเฟส Business Understanding,ใช้ในเฟส Data Understanding,ใช้ในเฟส Data Preparation,ใช้ในเฟส Modelling,ใช้ในเฟส Evaluation,ใช้ในเฟส Deployment,,ใช้ในเฟส Data Understanding,ใช้ในเฟส Data Preparation,ใช้ในเฟส Modelling,ใช้ในเฟส Evaluation,,ใช้ในเฟส Business Understanding,ใช้ในเฟส Data Understanding,,,ใช้ในเฟส Evaluation,ใช้ในเฟส Deployment,,,ใช้ในเฟส Data Preparation,ใช้ในเฟส Modelling,,ใช้ในเฟส Deployment,,การได้รับคำแนะนำจากทีม (ในการประชุม stand-up meeting),ช่วยให้ทำตามแพลนได้ดีขึ้น,เพิ่มประสิทธิภาพในทุกขั้นตอน,เพิ่ม test coverage,ลดปัญหาก่อนที่จะส่งมอบให้ลูกค้า,โค้ดอ่านง่ายและเป็นระเบียบ,ส่งต่อโครงการได้ง่าย,,-,,
Thailand,114595733198,431174607,2024-05-08 18:59:47,2024-05-08 19:03:50,th,ยืนยัน,Thailand,1-5 ปี,1-5 ปี,ต่ำกว่าปริญญาตรี,Data engineer,,In-house data science/data team,,"10,000 - 99,999",รู้จักแต่ไม่ได้ใช้งาน,Microsoft TDSP,,1 - ทำน้อยที่สุด,5 - ทำบ่อยที่สุด,5 - ทำบ่อยที่สุด,5 - ทำบ่อยที่สุด,4 - ทำบ่อย,1 - ทำน้อยที่สุด,3 - พบปัญหาปานกลาง,3 - พบปัญหาปานกลาง,5 - พบปัญหาบ่อยมากที่สุด,5 - พบปัญหาบ่อยมากที่สุด,2 - พบปัญหาน้อย,5 - พบปัญหาบ่อยมากที่สุด,2 - พบปัญหาน้อย,2 - พบปัญหาน้อย,4 - พบปัญหาบ่อย,4 - พบปัญหาบ่อย,,,,การเปลี่ยนแปลง Requirements ระหว่างทาง,ปัญหาในการเก็บ Requirements (เช่น Requirement ไม่สมบูรณ์ ไม่ถูกต้อง),,การดูแลรักษาและการ reuse source code,,,,,,,,,,,,,,,,,,,,,,,,,,,,,,,,,,,,,,,,,,,,,,,,,,,,,,,,,,,,,,,,,,,,,,,,,,,,,,,,,,,,,,,,,,,,,,,,,,,,,,,,,,,,,,,,,,,,,,,,,,,,,,,,,,,,,,,,,,,,,,,,,,,,,,,,,,,,,,,,,,,,,,,,,,,,,,,,,,,,,,,,,,,,,,,,,,,,,,,,,,,,,,,,,,,,,,,,,,,,,,,,,,,,,,,,,,,,,,,,,,,,,,,,,,,,,,,,,,,,,,,,,,,,,,,,,,,,,,,,,,,,,,,,,,,,,,,,,,,,,,,,,,,,,,,,,,,,,,,,,,,,,,,
Thailand,114595674091,431174607,2024-05-08 17:12:25,2024-05-08 17:22:11,th,ยืนยัน,Thailand,1-5 ปี,น้อยกว่า 1 ปี,ปริญญาตรีหรือเท่าเทียม,Project manager,,Software house,,"10,000 - 99,999",ไม่รู้จัก,,,5 - ทำบ่อยที่สุด,4 - ทำบ่อย,3 - ทำปานกลาง,2 - ทำน้อย,2 - ทำน้อย,2 - ทำน้อย,3 - พบปัญหาปานกลาง,4 - พบปัญหาบ่อย,4 - พบปัญหาบ่อย,5 - พบปัญหาบ่อยมากที่สุด,4 - พบปัญหาบ่อย,4 - พบปัญหาบ่อย,3 - พบปัญหาปานกลาง,3 - พบปัญหาปานกลาง,2 - พบปัญหาน้อย,2 - พบปัญหาน้อย,,มีผู้เกี่ยวข้องในโปรเจคท์จำนวนมาก ทำให้บริหารจัดการลำบาก,,การเปลี่ยนแปลง Requirements ระหว่างทาง,,ไม่มีการทำ Version control,การดูแลรักษาและการ reuse source code,,เคยใช้ในอดีต (แต่ปัจจุบันไม่ได้ใช้),เคยใช้ในอดีต (แต่ปัจจุบันไม่ได้ใช้),เคยใช้ในอดีต (แต่ปัจจุบันไม่ได้ใช้),เคยใช้ในอดีต (แต่ปัจจุบันไม่ได้ใช้),วางแผนจะใช้ในอนาคต,วางแผนจะใช้ในอนาคต,วางแผนจะใช้ในอนาคต,วางแผนจะใช้ในอนาคต,ใช้อยู่ในปัจจุบัน,วางแผนจะใช้ในอนาคต,วางแผนจะใช้ในอนาคต,วางแผนจะใช้ในอนาคต,วางแผนจะใช้ในอนาคต,วางแผนจะใช้ในอนาคต,วางแผนจะใช้ในอนาคต,วางแผนจะใช้ในอนาคต,วางแผนจะใช้ในอนาคต,วางแผนจะใช้ในอนาคต,วางแผนจะใช้ในอนาคต,วางแผนจะใช้ในอนาคต,วางแผนจะใช้ในอนาคต,ใช้อยู่ในปัจจุบัน,ใช้อยู่ในปัจจุบัน,วางแผนจะใช้ในอนาคต,วางแผนจะใช้ในอนาคต,ใช้อยู่ในปัจจุบัน,วางแผนจะใช้ในอนาคต,วางแผนจะใช้ในอนาคต,,,,,,,,,,,,,,,,,,,,,,,,,,,,,,,,,,,,,,,,,,,,,,,,,,,,,,,,,,,,,,,,,,,,,,,,,,,,,,,,,,,,,,,,,,,,,,,,,,,,,,,,,,,,,,,,,,,,,,,,,,,,,,,,,,,,,,,,,,,,,,,,,,,,,,,,,,,,,,,,,,,,,,,,,,,,,,,,,,,,,,,,,,,,,,,,,,,,,,,,,,,,,,,,,,,,,,,,,,,,,,,,,,,,,,,,,,,,,,,,,,,,,,,,,,,,,,,,,,,,,,,,,,,,,,,,,,,,,,,,,,,,,,,,,,,,,,,,,,
Thailand,114595659444,431174607,2024-05-08 16:44:39,2024-05-08 17:03:00,en,ยืนยัน,Australia,6-10 ปี,6-10 ปี,ปริญญาโทหรือเท่าเทียม,อื่นๆ (โปรดระบุ),Data Lead,In-house data science/data team,,10 - 99,รู้จักและใช้งาน,อื่นๆ (โปรดระบุ),In-house solution,5 - ทำบ่อยที่สุด,5 - ทำบ่อยที่สุด,4 - ทำบ่อย,3 - ทำปานกลาง,5 - ทำบ่อยที่สุด,5 - ทำบ่อยที่สุด,5 - พบปัญหาบ่อยมากที่สุด,2 - พบปัญหาน้อย,5 - พบปัญหาบ่อยมากที่สุด,4 - พบปัญหาบ่อย,5 - พบปัญหาบ่อยมากที่สุด,4 - พบปัญหาบ่อย,3 - พบปัญหาปานกลาง,5 - พบปัญหาบ่อยมากที่สุด,5 - พบปัญหาบ่อยมากที่สุด,4 - พบปัญหาบ่อย,การที่ไม่มีเอกสารให้ศึกษาระหว่างการดูแลรักษาโครงการ,มีผู้เกี่ยวข้องในโปรเจคท์จำนวนมาก ทำให้บริหารจัดการลำบาก,ไม่มีการทำ Integration test และ Load test,การเปลี่ยนแปลง Requirements ระหว่างทาง,,,,,เคยใช้ในอดีต (แต่ปัจจุบันไม่ได้ใช้),ใช้อยู่ในปัจจุบัน,เคยใช้ในอดีต (แต่ปัจจุบันไม่ได้ใช้),ใช้อยู่ในปัจจุบัน,วางแผนจะใช้ในอนาคต,วางแผนจะใช้ในอนาคต,ใช้อยู่ในปัจจุบัน,วางแผนจะใช้ในอนาคต,ใช้อยู่ในปัจจุบัน,ใช้อยู่ในปัจจุบัน,วางแผนจะใช้ในอนาคต,วางแผนจะใช้ในอนาคต,ใช้อยู่ในปัจจุบัน,วางแผนจะใช้ในอนาคต,ใช้อยู่ในปัจจุบัน,วางแผนจะใช้ในอนาคต,วางแผนจะใช้ในอนาคต,ใช้อยู่ในปัจจุบัน,ใช้อยู่ในปัจจุบัน,วางแผนจะใช้ในอนาคต,ใช้อยู่ในปัจจุบัน,ใช้อยู่ในปัจจุบัน,เคยใช้ในอดีต (แต่ปัจจุบันไม่ได้ใช้),เคยใช้ในอดีต (แต่ปัจจุบันไม่ได้ใช้),ใช้อยู่ในปัจจุบัน,ใช้อยู่ในปัจจุบัน,เคยใช้ในอดีต (แต่ปัจจุบันไม่ได้ใช้),เคยใช้ในอดีต (แต่ปัจจุบันไม่ได้ใช้),,,,ใช้ในเฟส Modelling,ใช้ในเฟส Evaluation,ใช้ในเฟส Deployment,ใช้ในเฟส Business Understanding,ใช้ในเฟส Data Understanding,ใช้ในเฟส Data Preparation,ใช้ในเฟส Modelling,ใช้ในเฟส Evaluation,ใช้ในเฟส Deployment,,,,ใช้ในเฟส Modelling,ใช้ในเฟส Evaluation,ใช้ในเฟส Deployment,,,,ใช้ในเฟส Modelling,ใช้ในเฟส Evaluation,,,,,,,,,,,,,,,,,,,ใช้ในเฟส Deployment,,,,,,,,ใช้ในเฟส Data Understanding,ใช้ในเฟส Data Preparation,ใช้ในเฟส Modelling,ใช้ในเฟส Evaluation,ใช้ในเฟส Deployment,,ใช้ในเฟส Data Understanding,ใช้ในเฟส Data Preparation,ใช้ในเฟส Modelling,ใช้ในเฟส Evaluation,,,,,,,,,,,,,,,ใช้ในเฟส Data Understanding,ใช้ในเฟส Data Preparation,ใช้ในเฟส Modelling,ใช้ในเฟส Evaluation,,,,,,,,,ใช้ในเฟส Data Understanding,ใช้ในเฟส Data Preparation,ใช้ในเฟส Modelling,ใช้ในเฟส Evaluation,,,,,,,,,,,,,,,ใช้ในเฟส Data Understanding,ใช้ในเฟส Data Preparation,ใช้ในเฟส Modelling,ใช้ในเฟส Evaluation,,,,,,ใช้ในเฟส Evaluation,ใช้ในเฟส Deployment,,,,,,,,ใช้ในเฟส Data Understanding,ใช้ในเฟส Data Preparation,ใช้ในเฟส Modelling,ใช้ในเฟส Evaluation,ใช้ในเฟส Deployment,,ใช้ในเฟส Data Understanding,,,,,,,,,,,,,,,,,,,ใช้ในเฟส Data Preparation,ใช้ในเฟส Modelling,ใช้ในเฟส Evaluation,ใช้ในเฟส Deployment,,ใช้ในเฟส Data Understanding,ใช้ในเฟส Data Preparation,ใช้ในเฟส Modelling,ใช้ในเฟส Evaluation,ใช้ในเฟส Deployment,,,,,,,,,,,,,ไม่ได้ใช้งาน,ไม่ได้ใช้งาน,5,5,5,5,5,ไม่ได้ใช้งาน,5,5,5,5,5,ใช้อยู่ในปัจจุบัน,ใช้อยู่ในปัจจุบัน,ใช้อยู่ในปัจจุบัน,ใช้อยู่ในปัจจุบัน,ใช้อยู่ในปัจจุบัน,ใช้อยู่ในปัจจุบัน,ใช้อยู่ในปัจจุบัน,ใช้อยู่ในปัจจุบัน,ใช้อยู่ในปัจจุบัน,ใช้อยู่ในปัจจุบัน,ใช้อยู่ในปัจจุบัน,ใช้อยู่ในปัจจุบัน,ใช้อยู่ในปัจจุบัน,ใช้อยู่ในปัจจุบัน,ใช้อยู่ในปัจจุบัน,ใช้ในเฟส Business Understanding,ใช้ในเฟส Data Understanding,ใช้ในเฟส Data Preparation,ใช้ในเฟส Modelling,ใช้ในเฟส Evaluation,ใช้ในเฟส Deployment,ใช้ในเฟส Business Understanding,ใช้ในเฟส Data Understanding,ใช้ในเฟส Data Preparation,ใช้ในเฟส Modelling,ใช้ในเฟส Evaluation,ใช้ในเฟส Deployment,ใช้ในเฟส Business Understanding,ใช้ในเฟส Data Understanding,ใช้ในเฟส Data Preparation,ใช้ในเฟส Modelling,ใช้ในเฟส Evaluation,ใช้ในเฟส Deployment,,,,ใช้ในเฟส Modelling,ใช้ในเฟส Evaluation,ใช้ในเฟส Deployment,,ใช้ในเฟส Data Understanding,ใช้ในเฟส Data Preparation,ใช้ในเฟส Modelling,ใช้ในเฟส Evaluation,ใช้ในเฟส Deployment,,,,,ใช้ในเฟส Evaluation,ใช้ในเฟส Deployment,ใช้ในเฟส Business Understanding,ใช้ในเฟส Data Understanding,ใช้ในเฟส Data Preparation,ใช้ในเฟส Modelling,ใช้ในเฟส Evaluation,ใช้ในเฟส Deployment,ใช้ในเฟส Business Understanding,ใช้ในเฟส Data Understanding,ใช้ในเฟส Data Preparation,ใช้ในเฟส Modelling,,,,,,ใช้ในเฟส Modelling,ใช้ในเฟส Evaluation,ใช้ในเฟส Deployment,,,ใช้ในเฟส Data Preparation,,ใช้ในเฟส Evaluation,ใช้ในเฟส Deployment,,,,ใช้ในเฟส Modelling,ใช้ในเฟส Evaluation,ใช้ในเฟส Deployment,ใช้ในเฟส Business Understanding,,,,,ใช้ในเฟส Deployment,,,,ใช้ในเฟส Modelling,ใช้ในเฟส Evaluation,ใช้ในเฟส Deployment,ใช้ในเฟส Business Understanding,ใช้ในเฟส Data Understanding,,,,,,,,,ใช้ในเฟส Evaluation,ใช้ในเฟส Deployment,library dependency management,,,,เพิ่ม test coverage,,โค้ดอ่านง่ายและเป็นระเบียบ,ส่งต่อโครงการได้ง่าย,,Auto discovery hidden data relationship and deduplicate finding,,
Thailand,114595613122,431174607,2024-05-08 15:06:52,2024-05-08 15:12:32,th,ยืนยัน,Thailand,น้อยกว่า 1 ปี,1-5 ปี,ปริญญาตรีหรือเท่าเทียม,Data analyst,,Software house,,10 - 99,รู้จักและใช้งาน,CRISP-DM,,5 - ทำบ่อยที่สุด,4 - ทำบ่อย,4 - ทำบ่อย,4 - ทำบ่อย,4 - ทำบ่อย,4 - ทำบ่อย,4 - พบปัญหาบ่อย,4 - พบปัญหาบ่อย,5 - พบปัญหาบ่อยมากที่สุด,4 - พบปัญหาบ่อย,4 - พบปัญหาบ่อย,5 - พบปัญหาบ่อยมากที่สุด,4 - พบปัญหาบ่อย,4 - พบปัญหาบ่อย,4 - พบปัญหาบ่อย,4 - พบปัญหาบ่อย,การที่ไม่มีเอกสารให้ศึกษาระหว่างการดูแลรักษาโครงการ,มีผู้เกี่ยวข้องในโปรเจคท์จำนวนมาก ทำให้บริหารจัดการลำบาก,,การเปลี่ยนแปลง Requirements ระหว่างทาง,,,,,วางแผนจะใช้ในอนาคต,เคยใช้ในอดีต (แต่ปัจจุบันไม่ได้ใช้),ใช้อยู่ในปัจจุบัน,ใช้อยู่ในปัจจุบัน,เคยใช้ในอดีต (แต่ปัจจุบันไม่ได้ใช้),,เคยใช้ในอดีต (แต่ปัจจุบันไม่ได้ใช้),เคยใช้ในอดีต (แต่ปัจจุบันไม่ได้ใช้),เคยใช้ในอดีต (แต่ปัจจุบันไม่ได้ใช้),ใช้อยู่ในปัจจุบัน,ใช้อยู่ในปัจจุบัน,ใช้อยู่ในปัจจุบัน,วางแผนจะใช้ในอนาคต,ใช้อยู่ในปัจจุบัน,เคยใช้ในอดีต (แต่ปัจจุบันไม่ได้ใช้),วางแผนจะใช้ในอนาคต,เคยใช้ในอดีต (แต่ปัจจุบันไม่ได้ใช้),ใช้อยู่ในปัจจุบัน,ใช้อยู่ในปัจจุบัน,ใช้อยู่ในปัจจุบัน,ใช้อยู่ในปัจจุบัน,ใช้อยู่ในปัจจุบัน,เคยใช้ในอดีต (แต่ปัจจุบันไม่ได้ใช้),ใช้อยู่ในปัจจุบัน,ใช้อยู่ในปัจจุบัน,วางแผนจะใช้ในอนาคต,วางแผนจะใช้ในอนาคต,วางแผนจะใช้ในอนาคต,,,,,,,,,,ใช้ในเฟส Modelling,,,,,ใช้ในเฟส Data Preparation,,,,,,ใช้ในเฟส Data Preparation,,,,,,ใช้ในเฟส Data Preparation,,,,,,,,,,ใช้ในเฟส Business Understanding,,,,,,ใช้ในเฟส Business Understanding,,,,,,,,,ใช้ในเฟส Modelling,,,ใช้ในเฟส Business Understanding,,,,,,,ใช้ในเฟส Data Understanding,,,,,,ใช้ในเฟส Data Understanding,,,,,,,,,,,,ใช้ในเฟส Data Understanding,,,,,ใช้ในเฟส Business Understanding,,,,,,,,,,,,,,ใช้ในเฟส Data Preparation,,,,,,,ใช้ในเฟส Modelling,,,,,,,ใช้ในเฟส Evaluation,,,,,,,,,,,,ใช้ในเฟส Evaluation,,,,,,,ใช้ในเฟส Deployment,,,,,ใช้ในเฟส Evaluation,,,,,,,,,,,,ใช้ในเฟส Evaluation,,,,,,,,,,,,,,,,,,,,5,5,5,ไม่ได้ใช้งาน,5,4,5,5,4,3,4,4,4,วางแผนจะใช้ในอนาคต,วางแผนจะใช้ในอนาคต,วางแผนจะใช้ในอนาคต,วางแผนจะใช้ในอนาคต,ใช้อยู่ในปัจจุบัน,ใช้อยู่ในปัจจุบัน,ใช้อยู่ในปัจจุบัน,ใช้อยู่ในปัจจุบัน,เคยใช้ในอดีต (แต่ปัจจุบันไม่ได้ใช้),เคยใช้ในอดีต (แต่ปัจจุบันไม่ได้ใช้),ใช้อยู่ในปัจจุบัน,เคยใช้ในอดีต (แต่ปัจจุบันไม่ได้ใช้),ใช้อยู่ในปัจจุบัน,ใช้อยู่ในปัจจุบัน,ใช้อยู่ในปัจจุบัน,,,ใช้ในเฟส Data Preparation,,,,,,ใช้ในเฟส Data Preparation,,,,,,,ใช้ในเฟส Modelling,,,,,ใช้ในเฟส Data Preparation,,,,,,,,,,,,ใช้ในเฟส Data Preparation,,,,,,,,,ใช้ในเฟส Deployment,,,,,ใช้ในเฟส Evaluation,,,,,ใช้ในเฟส Modelling,,,,ใช้ในเฟส Data Understanding,,,,,,,,,ใช้ในเฟส Evaluation,,,,ใช้ในเฟส Data Preparation,,,,,,,ใช้ในเฟส Modelling,,,,,ใช้ในเฟส Data Preparation,,,,,,ใช้ในเฟส Data Preparation,,,,,การได้รับคำแนะนำจากทีม (ในการประชุม stand-up meeting),ช่วยให้ทำตามแพลนได้ดีขึ้น,เพิ่มประสิทธิภาพในทุกขั้นตอน,,,โค้ดอ่านง่ายและเป็นระเบียบ,ส่งต่อโครงการได้ง่าย,, dream tool ที่สามารถจัดการข้อมูลด้านการขายสินค้าและบริการของธุรกิจต่างๆ,,
Thailand,114595570938,431174607,2024-05-08 13:36:10,2024-05-08 13:48:00,th,ยืนยัน,Thailand,1-5 ปี,น้อยกว่า 1 ปี,ปริญญาโทหรือเท่าเทียม,อื่นๆ (โปรดระบุ),Researcher,อื่นๆ (โปรดระบุ),Institution,10 - 99,รู้จักแต่ไม่ได้ใช้งาน,CRISP-DM,,4 - ทำบ่อย,5 - ทำบ่อยที่สุด,5 - ทำบ่อยที่สุด,5 - ทำบ่อยที่สุด,5 - ทำบ่อยที่สุด,3 - ทำปานกลาง,3 - พบปัญหาปานกลาง,2 - พบปัญหาน้อย,4 - พบปัญหาบ่อย,4 - พบปัญหาบ่อย,3 - พบปัญหาปานกลาง,4 - พบปัญหาบ่อย,4 - พบปัญหาบ่อย,3 - พบปัญหาปานกลาง,4 - พบปัญหาบ่อย,4 - พบปัญหาบ่อย,,,,,,,การดูแลรักษาและการ reuse source code,,วางแผนจะใช้ในอนาคต,วางแผนจะใช้ในอนาคต,วางแผนจะใช้ในอนาคต,ใช้อยู่ในปัจจุบัน,วางแผนจะใช้ในอนาคต,วางแผนจะใช้ในอนาคต,วางแผนจะใช้ในอนาคต,วางแผนจะใช้ในอนาคต,ใช้อยู่ในปัจจุบัน,เคยใช้ในอดีต (แต่ปัจจุบันไม่ได้ใช้),วางแผนจะใช้ในอนาคต,วางแผนจะใช้ในอนาคต,วางแผนจะใช้ในอนาคต,ใช้อยู่ในปัจจุบัน,เคยใช้ในอดีต (แต่ปัจจุบันไม่ได้ใช้),วางแผนจะใช้ในอนาคต,วางแผนจะใช้ในอนาคต,ใช้อยู่ในปัจจุบัน,วางแผนจะใช้ในอนาคต,ใช้อยู่ในปัจจุบัน,วางแผนจะใช้ในอนาคต,เคยใช้ในอดีต (แต่ปัจจุบันไม่ได้ใช้),ใช้อยู่ในปัจจุบัน,เคยใช้ในอดีต (แต่ปัจจุบันไม่ได้ใช้),วางแผนจะใช้ในอนาคต,ใช้อยู่ในปัจจุบัน,ใช้อยู่ในปัจจุบัน,ใช้อยู่ในปัจจุบัน,,,,,,,,,,,,,,,,,,,,ใช้ในเฟส Data Understanding,ใช้ในเฟส Data Preparation,ใช้ในเฟส Modelling,ใช้ในเฟส Evaluation,,,,,,,,,,,,,,,,,,,,,,,,,,,ใช้ในเฟส Data Understanding,ใช้ในเฟส Data Preparation,ใช้ในเฟส Modelling,ใช้ในเฟส Evaluation,ใช้ในเฟส Deployment,,ใช้ในเฟส Data Understanding,ใช้ในเฟส Data Preparation,,,,,,,,,,,,,,,,,,,,,,,ใช้ในเฟส Data Understanding,ใช้ในเฟส Data Preparation,ใช้ในเฟส Modelling,ใช้ในเฟส Evaluation,,,ใช้ในเฟส Data Understanding,ใช้ในเฟส Data Preparation,ใช้ในเฟส Modelling,,,,,,,,,,,,,,,,ใช้ในเฟส Data Understanding,ใช้ในเฟส Data Preparation,ใช้ในเฟส Modelling,ใช้ในเฟส Evaluation,,,,,,,,,ใช้ในเฟส Data Understanding,ใช้ในเฟส Data Preparation,ใช้ในเฟส Modelling,,,,,,,,,,ใช้ในเฟส Data Understanding,,,,,,ใช้ในเฟส Data Understanding,ใช้ในเฟส Data Preparation,ใช้ในเฟส Modelling,,,,ใช้ในเฟส Data Understanding,ใช้ในเฟส Data Preparation,,,,,,,,,,,ใช้ในเฟส Data Understanding,ใช้ในเฟส Data Preparation,,,,,,,,,ใช้ในเฟส Deployment,,ใช้ในเฟส Data Understanding,ใช้ในเฟส Data Preparation,ใช้ในเฟส Modelling,ใช้ในเฟส Evaluation,ใช้ในเฟส Deployment,ไม่ได้ใช้งาน,ไม่ได้ใช้งาน,5,4,ไม่ได้ใช้งาน,5,4,ไม่ได้ใช้งาน,ไม่ได้ใช้งาน,5,5,4,4,เคยใช้ในอดีต (แต่ปัจจุบันไม่ได้ใช้),วางแผนจะใช้ในอนาคต,วางแผนจะใช้ในอนาคต,วางแผนจะใช้ในอนาคต,วางแผนจะใช้ในอนาคต,วางแผนจะใช้ในอนาคต,วางแผนจะใช้ในอนาคต,เคยใช้ในอดีต (แต่ปัจจุบันไม่ได้ใช้),วางแผนจะใช้ในอนาคต,วางแผนจะใช้ในอนาคต,ใช้อยู่ในปัจจุบัน,วางแผนจะใช้ในอนาคต,เคยใช้ในอดีต (แต่ปัจจุบันไม่ได้ใช้),วางแผนจะใช้ในอนาคต,วางแผนจะใช้ในอนาคต,ใช้ในเฟส Business Understanding,,,,,,ใช้ในเฟส Business Understanding,,,,,,ใช้ในเฟส Business Understanding,,,,,,,,,ใช้ในเฟส Modelling,ใช้ในเฟส Evaluation,,,ใช้ในเฟส Data Understanding,ใช้ในเฟส Data Preparation,ใช้ในเฟส Modelling,ใช้ในเฟส Evaluation,,,ใช้ในเฟส Data Understanding,ใช้ในเฟส Data Preparation,ใช้ในเฟส Modelling,ใช้ในเฟส Evaluation,ใช้ในเฟส Deployment,ใช้ในเฟส Business Understanding,ใช้ในเฟส Data Understanding,ใช้ในเฟส Data Preparation,ใช้ในเฟส Modelling,ใช้ในเฟส Evaluation,ใช้ในเฟส Deployment,ใช้ในเฟส Business Understanding,,,,,,ใช้ในเฟส Business Understanding,,,,,,,,,,,ใช้ในเฟส Deployment,,,,ใช้ในเฟส Modelling,ใช้ในเฟส Evaluation,,,,,,ใช้ในเฟส Evaluation,ใช้ในเฟส Deployment,,,,ใช้ในเฟส Modelling,ใช้ในเฟส Evaluation,ใช้ในเฟส Deployment,ใช้ในเฟส Business Understanding,,,ใช้ในเฟส Modelling,ใช้ในเฟส Evaluation,ใช้ในเฟส Deployment,ใช้ในเฟส Business Understanding,,,,,,,,ช่วยให้ทำตามแพลนได้ดีขึ้น,เพิ่มประสิทธิภาพในทุกขั้นตอน,,,โค้ดอ่านง่ายและเป็นระเบียบ,,,เครื่องมือที่สามารถทำการตรวจสอบและประเมินความน่าเชื่อถือของข้อมูลได้อย่างอัตโนมัติ โดยเกี่ยวกับ consistency ใน database,,
Thailand,114595565920,431174607,2024-05-08 13:24:53,2024-05-08 13:34:57,th,ยืนยัน,Thailand,1-5 ปี,6-10 ปี,ปริญญาโทหรือเท่าเทียม,Programmer / Software developer,,In-house data science/data team,,"1,000 - 9,999",ไม่รู้จัก,,,1 - ทำน้อยที่สุด,1 - ทำน้อยที่สุด,1 - ทำน้อยที่สุด,1 - ทำน้อยที่สุด,1 - ทำน้อยที่สุด,5 - ทำบ่อยที่สุด,2 - พบปัญหาน้อย,2 - พบปัญหาน้อย,4 - พบปัญหาบ่อย,3 - พบปัญหาปานกลาง,4 - พบปัญหาบ่อย,3 - พบปัญหาปานกลาง,2 - พบปัญหาน้อย,2 - พบปัญหาน้อย,3 - พบปัญหาปานกลาง,0 - ไม่พบปัญหา,การที่ไม่มีเอกสารให้ศึกษาระหว่างการดูแลรักษาโครงการ,มีผู้เกี่ยวข้องในโปรเจคท์จำนวนมาก ทำให้บริหารจัดการลำบาก,ไม่มีการทำ Integration test และ Load test,การเปลี่ยนแปลง Requirements ระหว่างทาง,ปัญหาในการเก็บ Requirements (เช่น Requirement ไม่สมบูรณ์ ไม่ถูกต้อง),ไม่มีการทำ Version control,การดูแลรักษาและการ reuse source code,,ใช้อยู่ในปัจจุบัน,ใช้อยู่ในปัจจุบัน,ใช้อยู่ในปัจจุบัน,ใช้อยู่ในปัจจุบัน,เคยใช้ในอดีต (แต่ปัจจุบันไม่ได้ใช้),ใช้อยู่ในปัจจุบัน,ใช้อยู่ในปัจจุบัน,ใช้อยู่ในปัจจุบัน,ใช้อยู่ในปัจจุบัน,ใช้อยู่ในปัจจุบัน,ใช้อยู่ในปัจจุบัน,ใช้อยู่ในปัจจุบัน,เคยใช้ในอดีต (แต่ปัจจุบันไม่ได้ใช้),ใช้อยู่ในปัจจุบัน,ใช้อยู่ในปัจจุบัน,,ใช้อยู่ในปัจจุบัน,ใช้อยู่ในปัจจุบัน,เคยใช้ในอดีต (แต่ปัจจุบันไม่ได้ใช้),ใช้อยู่ในปัจจุบัน,ใช้อยู่ในปัจจุบัน,ใช้อยู่ในปัจจุบัน,ใช้อยู่ในปัจจุบัน,เคยใช้ในอดีต (แต่ปัจจุบันไม่ได้ใช้),เคยใช้ในอดีต (แต่ปัจจุบันไม่ได้ใช้),ใช้อยู่ในปัจจุบัน,ใช้อยู่ในปัจจุบัน,วางแผนจะใช้ในอนาคต,ใช้ในเฟส Business Understanding,,,,,,ใช้ในเฟส Business Understanding,ใช้ในเฟส Data Understanding,,,,,ใช้ในเฟส Business Understanding,ใช้ในเฟส Data Understanding,,,,,,,,,ใช้ในเฟส Evaluation,,,,,,ใช้ในเฟส Evaluation,,,,,,ใช้ในเฟส Evaluation,,,,,,ใช้ในเฟส Evaluation,,,,,ใช้ในเฟส Modelling,,,,,ใช้ในเฟส Data Preparation,ใช้ในเฟส Modelling,,,,ใช้ในเฟส Data Understanding,ใช้ในเฟส Data Preparation,,,,,ใช้ในเฟส Data Understanding,ใช้ในเฟส Data Preparation,ใช้ในเฟส Modelling,,,,,ใช้ในเฟส Data Preparation,ใช้ในเฟส Modelling,,,,,,ใช้ในเฟส Modelling,,,,,,ใช้ในเฟส Modelling,ใช้ในเฟส Evaluation,,,,,ใช้ในเฟส Modelling,,,,,,,,,,,ใช้ในเฟส Data Preparation,,,,,,ใช้ในเฟส Data Preparation,ใช้ในเฟส Modelling,,,,ใช้ในเฟส Data Understanding,,,,,,ใช้ในเฟส Data Understanding,ใช้ในเฟส Data Preparation,,,,,ใช้ในเฟส Data Understanding,ใช้ในเฟส Data Preparation,,,,,ใช้ในเฟส Data Understanding,ใช้ในเฟส Data Preparation,,,,,ใช้ในเฟส Data Understanding,,,,,,ใช้ในเฟส Data Understanding,ใช้ในเฟส Data Preparation,,,,,ใช้ในเฟส Data Understanding,ใช้ในเฟส Data Preparation,,,,,,,,ใช้ในเฟส Evaluation,,,,,,ใช้ในเฟส Evaluation,,,,,,,,4,5,3,3,2,2,5,3,3,3,5,1,4,ใช้อยู่ในปัจจุบัน,ใช้อยู่ในปัจจุบัน,ใช้อยู่ในปัจจุบัน,ใช้อยู่ในปัจจุบัน,ใช้อยู่ในปัจจุบัน,วางแผนจะใช้ในอนาคต,ใช้อยู่ในปัจจุบัน,ใช้อยู่ในปัจจุบัน,ใช้อยู่ในปัจจุบัน,ใช้อยู่ในปัจจุบัน,ใช้อยู่ในปัจจุบัน,ใช้อยู่ในปัจจุบัน,ใช้อยู่ในปัจจุบัน,ใช้อยู่ในปัจจุบัน,ใช้อยู่ในปัจจุบัน,ใช้ในเฟส Business Understanding,ใช้ในเฟส Data Understanding,ใช้ในเฟส Data Preparation,ใช้ในเฟส Modelling,ใช้ในเฟส Evaluation,ใช้ในเฟส Deployment,ใช้ในเฟส Business Understanding,ใช้ในเฟส Data Understanding,ใช้ในเฟส Data Preparation,ใช้ในเฟส Modelling,ใช้ในเฟส Evaluation,,ใช้ในเฟส Business Understanding,ใช้ในเฟส Data Understanding,ใช้ในเฟส Data Preparation,ใช้ในเฟส Modelling,ใช้ในเฟส Evaluation,,,,,ใช้ในเฟส Modelling,ใช้ในเฟส Evaluation,,,,,ใช้ในเฟส Modelling,ใช้ในเฟส Evaluation,,ใช้ในเฟส Business Understanding,ใช้ในเฟส Data Understanding,ใช้ในเฟส Data Preparation,ใช้ในเฟส Modelling,ใช้ในเฟส Evaluation,ใช้ในเฟส Deployment,,,,,ใช้ในเฟส Evaluation,ใช้ในเฟส Deployment,ใช้ในเฟส Business Understanding,,,,,,ใช้ในเฟส Business Understanding,ใช้ในเฟส Data Understanding,,,,,,,,ใช้ในเฟส Modelling,ใช้ในเฟส Evaluation,,,,ใช้ในเฟส Data Preparation,ใช้ในเฟส Modelling,ใช้ในเฟส Evaluation,ใช้ในเฟส Deployment,,,,,,ใช้ในเฟส Deployment,,,,ใช้ในเฟส Modelling,,,ใช้ในเฟส Business Understanding,ใช้ในเฟส Data Understanding,,,,,,,,,,ใช้ในเฟส Deployment,,การได้รับคำแนะนำจากทีม (ในการประชุม stand-up meeting),,เพิ่มประสิทธิภาพในทุกขั้นตอน,,,,,,Elk,,
Thailand,114595554050,431174607,2024-05-08 12:58:27,2024-05-08 12:59:48,th,ยืนยัน,Australia,1-5 ปี,1-5 ปี,ปริญญาเอกหรือเท่าเทียม,Data scientist,,In-house data science/data team,,"10,000 - 99,999",ไม่รู้จัก,,,,,,,,,,,,,,,,,,,,,,,,,,,,,,,,,,,,,,,,,,,,,,,,,,,,,,,,,,,,,,,,,,,,,,,,,,,,,,,,,,,,,,,,,,,,,,,,,,,,,,,,,,,,,,,,,,,,,,,,,,,,,,,,,,,,,,,,,,,,,,,,,,,,,,,,,,,,,,,,,,,,,,,,,,,,,,,,,,,,,,,,,,,,,,,,,,,,,,,,,,,,,,,,,,,,,,,,,,,,,,,,,,,,,,,,,,,,,,,,,,,,,,,,,,,,,,,,,,,,,,,,,,,,,,,,,,,,,,,,,,,,,,,,,,,,,,,,,,,,,,,,,,,,,,,,,,,,,,,,,,,,,,,,,,,,,,,,,,,,,,,,,,,,,,,,
Thailand,114503298117,429203255,2024-01-09 21:49:19,2024-01-09 21:57:28,th,,Thailand,มากกว่า 10 ปี,มากกว่า 10 ปี,ปริญญาโทหรือเท่าเทียม,Data engineer,,In-house data science/data team,,"10,000 - 99,999",รู้จักแต่ไม่ได้ใช้งาน,Microsoft TDSP,,4 - ทำบ่อย,3 - ทำปานกลาง,4 - ทำบ่อย,2 - ทำน้อย,2 - ทำน้อย,2 - ทำน้อย,4 - พบปัญหาบ่อย,3 - พบปัญหาปานกลาง,4 - พบปัญหาบ่อย,4 - พบปัญหาบ่อย,3 - พบปัญหาปานกลาง,3 - พบปัญหาปานกลาง,3 - พบปัญหาปานกลาง,3 - พบปัญหาปานกลาง,4 - พบปัญหาบ่อย,4 - พบปัญหาบ่อย,,มีผู้เกี่ยวข้องในโปรเจคท์จำนวนมาก ทำให้บริหารจัดการลำบาก,,การเปลี่ยนแปลง Requirements ระหว่างทาง,ปัญหาในการเก็บ Requirements (เช่น Requirement ไม่สมบูรณ์ ไม่ถูกต้อง),,,,ใช้อยู่ในปัจจุบัน,เคยใช้ในอดีต (แต่ปัจจุบันไม่ได้ใช้),วางแผนจะใช้ในอนาคต,ใช้อยู่ในปัจจุบัน,วางแผนจะใช้ในอนาคต,ใช้อยู่ในปัจจุบัน,ใช้อยู่ในปัจจุบัน,เคยใช้ในอดีต (แต่ปัจจุบันไม่ได้ใช้),ใช้อยู่ในปัจจุบัน,เคยใช้ในอดีต (แต่ปัจจุบันไม่ได้ใช้),วางแผนจะใช้ในอนาคต,วางแผนจะใช้ในอนาคต,เคยใช้ในอดีต (แต่ปัจจุบันไม่ได้ใช้),ใช้อยู่ในปัจจุบัน,ใช้อยู่ในปัจจุบัน,วางแผนจะใช้ในอนาคต,ใช้อยู่ในปัจจุบัน,ใช้อยู่ในปัจจุบัน,ใช้อยู่ในปัจจุบัน,เคยใช้ในอดีต (แต่ปัจจุบันไม่ได้ใช้),วางแผนจะใช้ในอนาคต,ใช้อยู่ในปัจจุบัน,เคยใช้ในอดีต (แต่ปัจจุบันไม่ได้ใช้),วางแผนจะใช้ในอนาคต,เคยใช้ในอดีต (แต่ปัจจุบันไม่ได้ใช้),ใช้อยู่ในปัจจุบัน,เคยใช้ในอดีต (แต่ปัจจุบันไม่ได้ใช้),ใช้อยู่ในปัจจุบัน,,,ใช้ในเฟส Data Preparation,,,,,,ใช้ในเฟส Data Preparation,,,,,,,,,,,,,ใช้ในเฟส Modelling,,,,,,,,,,,,ใช้ในเฟส Modelling,ใช้ในเฟส Evaluation,,,,ใช้ในเฟส Data Preparation,,,,,,ใช้ในเฟส Data Preparation,,,,,,,ใช้ในเฟส Modelling,ใช้ในเฟส Evaluation,,,ใช้ในเฟส Data Understanding,,,,,,,,,,,,,,,,,,,ใช้ในเฟส Data Preparation,,,ใช้ในเฟส Deployment,,,ใช้ในเฟส Data Preparation,ใช้ในเฟส Modelling,ใช้ในเฟส Evaluation,,,ใช้ในเฟส Data Understanding,,,,,,,,,,,,ใช้ในเฟส Data Understanding,,,,,,ใช้ในเฟส Data Understanding,ใช้ในเฟส Data Preparation,ใช้ในเฟส Modelling,,,,,,ใช้ในเฟส Modelling,ใช้ในเฟส Evaluation,,,,ใช้ในเฟส Data Preparation,,,,,,,,,,ใช้ในเฟส Business Understanding,ใช้ในเฟส Data Understanding,,,,,,,,ใช้ในเฟส Modelling,,,,,,,,,,,,ใช้ในเฟส Modelling,,,ใช้ในเฟส Business Understanding,ใช้ในเฟส Data Understanding,,,,,,,,ใช้ในเฟส Modelling,,,,,,ใช้ในเฟส Modelling,,,ไม่ได้ใช้งาน,ไม่ได้ใช้งาน,4,4,ไม่ได้ใช้งาน,4,4,5,3,4,5,4,4,วางแผนจะใช้ในอนาคต,ใช้อยู่ในปัจจุบัน,ใช้อยู่ในปัจจุบัน,ใช้อยู่ในปัจจุบัน,วางแผนจะใช้ในอนาคต,วางแผนจะใช้ในอนาคต,วางแผนจะใช้ในอนาคต,วางแผนจะใช้ในอนาคต,ใช้อยู่ในปัจจุบัน,ใช้อยู่ในปัจจุบัน,ใช้อยู่ในปัจจุบัน,ใช้อยู่ในปัจจุบัน,ใช้อยู่ในปัจจุบัน,ใช้อยู่ในปัจจุบัน,ใช้อยู่ในปัจจุบัน,ใช้ในเฟส Business Understanding,ใช้ในเฟส Data Understanding,,,,,ใช้ในเฟส Business Understanding,,,,,,ใช้ในเฟส Business Understanding,,,,,,,,,,,ใช้ในเฟส Deployment,ใช้ในเฟส Business Understanding,,,,,,,,,,,ใช้ในเฟส Deployment,,,,ใช้ในเฟส Modelling,,,,,,ใช้ในเฟส Modelling,,,,,,,,ใช้ในเฟส Deployment,,,,,ใช้ในเฟส Evaluation,,,,,ใช้ในเฟส Modelling,,,,,,,ใช้ในเฟส Evaluation,,,,,,ใช้ในเฟส Evaluation,,ใช้ในเฟส Business Understanding,,,,,,,,,,,ใช้ในเฟส Deployment,,,,,,,โค้ดอ่านง่ายและเป็นระเบียบ,,,Airflow,,
Thailand,114445802423,426838483,2023-10-25 17:08:04,2023-10-27 12:58:08,th,,Thailand,6-10 ปี,1-5 ปี,ปริญญาโทหรือเท่าเทียม,Project manager,,อื่นๆ (โปรดระบุ),Financial / Compliance,"1,000 - 9,999",รู้จักและใช้งาน,CRISP-DM,,4 - ทำบ่อย,5 - ทำบ่อยที่สุด,5 - ทำบ่อยที่สุด,5 - ทำบ่อยที่สุด,5 - ทำบ่อยที่สุด,3 - ทำปานกลาง,4 - พบปัญหาบ่อย,4 - พบปัญหาบ่อย,3 - พบปัญหาปานกลาง,2 - พบปัญหาน้อย,2 - พบปัญหาน้อย,2 - พบปัญหาน้อย,1 - พบปัญหาน้อยที่สุด,1 - พบปัญหาน้อยที่สุด,2 - พบปัญหาน้อย,2 - พบปัญหาน้อย,,มีผู้เกี่ยวข้องในโปรเจคท์จำนวนมาก ทำให้บริหารจัดการลำบาก,,การเปลี่ยนแปลง Requirements ระหว่างทาง,ปัญหาในการเก็บ Requirements (เช่น Requirement ไม่สมบูรณ์ ไม่ถูกต้อง),,,,ใช้อยู่ในปัจจุบัน,วางแผนจะใช้ในอนาคต,,ใช้อยู่ในปัจจุบัน,ใช้อยู่ในปัจจุบัน,เคยใช้ในอดีต (แต่ปัจจุบันไม่ได้ใช้),เคยใช้ในอดีต (แต่ปัจจุบันไม่ได้ใช้),,ใช้อยู่ในปัจจุบัน,,,วางแผนจะใช้ในอนาคต,วางแผนจะใช้ในอนาคต,,ใช้อยู่ในปัจจุบัน,,ใช้อยู่ในปัจจุบัน,ใช้อยู่ในปัจจุบัน,ใช้อยู่ในปัจจุบัน,เคยใช้ในอดีต (แต่ปัจจุบันไม่ได้ใช้),วางแผนจะใช้ในอนาคต,ใช้อยู่ในปัจจุบัน,เคยใช้ในอดีต (แต่ปัจจุบันไม่ได้ใช้),,ใช้อยู่ในปัจจุบัน,ใช้อยู่ในปัจจุบัน,,,,,,,,ใช้ในเฟส Deployment,,,,,,,,,,,,,,ใช้ในเฟส Data Understanding,ใช้ในเฟส Data Preparation,ใช้ในเฟส Modelling,ใช้ในเฟส Evaluation,ใช้ในเฟส Deployment,,,,,,ใช้ในเฟส Deployment,,,,,,ใช้ในเฟส Deployment,,,,,,ใช้ในเฟส Deployment,,,,,,,,ใช้ในเฟส Data Understanding,ใช้ในเฟส Data Preparation,ใช้ในเฟส Modelling,ใช้ในเฟส Evaluation,,,,,,,,,,,,,,,,,,,,,,,,,,,,,,,,,ใช้ในเฟส Data Understanding,ใช้ในเฟส Data Preparation,,,ใช้ในเฟส Deployment,,,,,,,,ใช้ในเฟส Data Understanding,ใช้ในเฟส Data Preparation,,,ใช้ในเฟส Deployment,,ใช้ในเฟส Data Understanding,ใช้ในเฟส Data Preparation,ใช้ในเฟส Modelling,ใช้ในเฟส Evaluation,,,,,ใช้ในเฟส Modelling,,,,ใช้ในเฟส Data Understanding,ใช้ในเฟส Data Preparation,ใช้ในเฟส Modelling,ใช้ในเฟส Evaluation,,,,,,,,,ใช้ในเฟส Data Understanding,,,ใช้ในเฟส Evaluation,ใช้ในเฟส Deployment,,ใช้ในเฟส Data Understanding,ใช้ในเฟส Data Preparation,ใช้ในเฟส Modelling,ใช้ในเฟส Evaluation,,,,,,,,,ใช้ในเฟส Data Understanding,ใช้ในเฟส Data Preparation,ใช้ในเฟส Modelling,ใช้ในเฟส Evaluation,,,ใช้ในเฟส Data Understanding,ใช้ในเฟส Data Preparation,,,ใช้ในเฟส Deployment,,,,,,,,,,,,,ไม่ได้ใช้งาน,ไม่ได้ใช้งาน,3,ไม่ได้ใช้งาน,ไม่ได้ใช้งาน,4,3,ไม่ได้ใช้งาน,ไม่ได้ใช้งาน,4,5,ไม่ได้ใช้งาน,ไม่ได้ใช้งาน,ใช้อยู่ในปัจจุบัน,ใช้อยู่ในปัจจุบัน,ใช้อยู่ในปัจจุบัน,ใช้อยู่ในปัจจุบัน,วางแผนจะใช้ในอนาคต,วางแผนจะใช้ในอนาคต,เคยใช้ในอดีต (แต่ปัจจุบันไม่ได้ใช้),,วางแผนจะใช้ในอนาคต,,ใช้อยู่ในปัจจุบัน,ใช้อยู่ในปัจจุบัน,,,ใช้อยู่ในปัจจุบัน,ใช้ในเฟส Business Understanding,ใช้ในเฟส Data Understanding,ใช้ในเฟส Data Preparation,ใช้ในเฟส Modelling,ใช้ในเฟส Evaluation,ใช้ในเฟส Deployment,ใช้ในเฟส Business Understanding,ใช้ในเฟส Data Understanding,ใช้ในเฟส Data Preparation,ใช้ในเฟส Modelling,ใช้ในเฟส Evaluation,ใช้ในเฟส Deployment,,ใช้ในเฟส Data Understanding,ใช้ในเฟส Data Preparation,ใช้ในเฟส Modelling,ใช้ในเฟส Evaluation,ใช้ในเฟส Deployment,,,,,,ใช้ในเฟส Deployment,,,,,,ใช้ในเฟส Deployment,,,ใช้ในเฟส Data Preparation,ใช้ในเฟส Modelling,ใช้ในเฟส Evaluation,ใช้ในเฟส Deployment,ใช้ในเฟส Business Understanding,,,,,,,,,,,,,,,,,ใช้ในเฟส Deployment,,,,,,,,,,ใช้ในเฟส Modelling,ใช้ในเฟส Evaluation,ใช้ในเฟส Deployment,,,ใช้ในเฟส Data Preparation,,ใช้ในเฟส Evaluation,ใช้ในเฟส Deployment,,,,,,,,,,,,,,,,,,ใช้ในเฟส Deployment,,การได้รับคำแนะนำจากทีม (ในการประชุม stand-up meeting),ช่วยให้ทำตามแพลนได้ดีขึ้น,,,,,ส่งต่อโครงการได้ง่าย,,1) Auto convert prototype to production: data scientists สามารถสร้าง prototype app ขึ้นมาได้แต่อาจไม่ถูกต้องตามหลักการพัฒนา software และมีช่องโหว่ด้าน security การหาบุคลากร ML engineer การสื่อสารกับ IT การต้อง reimplement ใช้เวลา  2) Auto summary data quality problems and root causes: สามารถ capture ความผิดปกติแบบ multivariate ได้ (ไม่ใช่แค่ univariate outlier) และสามารถสรุป root cause ของ data quality problem ได้,,
Thailand,114438570024,426838483,2023-10-17 12:37:02,2023-10-17 12:46:47,en,,Thailand,6-10 ปี,1-5 ปี,ปริญญาโทหรือเท่าเทียม,Data scientist,,In-house data science/data team,,"1,000 - 9,999",ไม่รู้จัก,,,4 - ทำบ่อย,5 - ทำบ่อยที่สุด,5 - ทำบ่อยที่สุด,5 - ทำบ่อยที่สุด,,3 - ทำปานกลาง,2 - พบปัญหาน้อย,1 - พบปัญหาน้อยที่สุด,4 - พบปัญหาบ่อย,3 - พบปัญหาปานกลาง,1 - พบปัญหาน้อยที่สุด,2 - พบปัญหาน้อย,3 - พบปัญหาปานกลาง,4 - พบปัญหาบ่อย,4 - พบปัญหาบ่อย,2 - พบปัญหาน้อย,,มีผู้เกี่ยวข้องในโปรเจคท์จำนวนมาก ทำให้บริหารจัดการลำบาก,,การเปลี่ยนแปลง Requirements ระหว่างทาง,,,,,เคยใช้ในอดีต (แต่ปัจจุบันไม่ได้ใช้),,,ใช้อยู่ในปัจจุบัน,,วางแผนจะใช้ในอนาคต,,,ใช้อยู่ในปัจจุบัน,,,,,,ใช้อยู่ในปัจจุบัน,,ใช้อยู่ในปัจจุบัน,ใช้อยู่ในปัจจุบัน,ใช้อยู่ในปัจจุบัน,,,,,,ใช้อยู่ในปัจจุบัน,ใช้อยู่ในปัจจุบัน,,ใช้อยู่ในปัจจุบัน,,,,,,,,,,,,,,,,,,,,ใช้ในเฟส Data Understanding,,,,,,,,,,,,,,,,,,,,,,,,,,,,,,,,,,,,,,,,,,,,,,,,,,,,,,,,,,,,,,,,,,ใช้ในเฟส Data Understanding,ใช้ในเฟส Data Preparation,,,,,,,,,,,,,,,,,ใช้ในเฟส Data Understanding,,,ใช้ในเฟส Evaluation,,,,ใช้ในเฟส Data Preparation,,ใช้ในเฟส Evaluation,,,,,,,,,,,,,,,,,,,,,,,,,,,,,,,,,,ใช้ในเฟส Data Preparation,,ใช้ในเฟส Evaluation,ใช้ในเฟส Deployment,,ใช้ในเฟส Data Understanding,,,,,,,,,,,,,,ใช้ในเฟส Modelling,,,ไม่ได้ใช้งาน,ไม่ได้ใช้งาน,5,3,ไม่ได้ใช้งาน,,,,,4,3,,,ใช้อยู่ในปัจจุบัน,ใช้อยู่ในปัจจุบัน,,ใช้อยู่ในปัจจุบัน,,ใช้อยู่ในปัจจุบัน,ใช้อยู่ในปัจจุบัน,,,,ใช้อยู่ในปัจจุบัน,,เคยใช้ในอดีต (แต่ปัจจุบันไม่ได้ใช้),,ใช้อยู่ในปัจจุบัน,,ใช้ในเฟส Data Understanding,,,,,,,ใช้ในเฟส Data Preparation,,,,,,,,,,,ใช้ในเฟส Data Understanding,,,,,,,,,,,,,,ใช้ในเฟส Modelling,,,,,,,ใช้ในเฟส Evaluation,,,,,,,,,,,,,,,,,,,,,,ใช้ในเฟส Data Preparation,,,,,,,,,,,,,ใช้ในเฟส Modelling,,,,,,,,,,,,,ใช้ในเฟส Evaluation,,,,,,,ลดปัญหาก่อนที่จะส่งมอบให้ลูกค้า,โค้ดอ่านง่ายและเป็นระเบียบ,ส่งต่อโครงการได้ง่าย,,-,,
Thailand,114432746050,426838483,2023-10-10 08:17:22,2023-10-10 08:20:33,th,,Thailand,6-10 ปี,6-10 ปี,ปริญญาตรีหรือเท่าเทียม,อื่นๆ (โปรดระบุ),Recruitor,อื่นๆ (โปรดระบุ),Banking,"1,000 - 9,999",รู้จักและใช้งาน,CRISP-DM,,,,,,,,,,,,,,,,,,,,,,,,,,,,,,,,,,,,,,,,,,,,,,,,,,,,,,,,,,,,,,,,,,,,,,,,,,,,,,,,,,,,,,,,,,,,,,,,,,,,,,,,,,,,,,,,,,,,,,,,,,,,,,,,,,,,,,,,,,,,,,,,,,,,,,,,,,,,,,,,,,,,,,,,,,,,,,,,,,,,,,,,,,,,,,,,,,,,,,,,,,,,,,,,,,,,,,,,,,,,,,,,,,,,,,,,,,,,,,,,,,,,,,,,,,,,,,,,,,,,,,,,,,,,,,,,,,,,,,,,,,,,,,,,,,,,,,,,,,,,,,,,,,,,,,,,,,,,,,,,,,,,,,,,,,,,,,,,,,,,,,,,,,,,,,,
Thailand,114428313014,426838483,2023-10-04 17:37:37,2023-10-04 17:40:20,th,,Thailand,1-5 ปี,1-5 ปี,ปริญญาตรีหรือเท่าเทียม,Data scientist,,In-house data science/data team,,"1,000 - 9,999",รู้จักและใช้งาน,Microsoft TDSP,,,,,,,,,,,,,,,,,,,,,,,,,,,,,,,,,,,,,,,,,,,,,,,,,,,,,,,,,,,,,,,,,,,,,,,,,,,,,,,,,,,,,,,,,,,,,,,,,,,,,,,,,,,,,,,,,,,,,,,,,,,,,,,,,,,,,,,,,,,,,,,,,,,,,,,,,,,,,,,,,,,,,,,,,,,,,,,,,,,,,,,,,,,,,,,,,,,,,,,,,,,,,,,,,,,,,,,,,,,,,,,,,,,,,,,,,,,,,,,,,,,,,,,,,,,,,,,,,,,,,,,,,,,,,,,,,,,,,,,,,,,,,,,,,,,,,,,,,,,,,,,,,,,,,,,,,,,,,,,,,,,,,,,,,,,,,,,,,,,,,,,,,,,,,,,
Thailand,114426850115,426838483,2023-10-03 03:31:35,2023-10-03 03:50:46,th,,United Arab Emirates,1-5 ปี,6-10 ปี,ปริญญาโทหรือเท่าเทียม,อื่นๆ (โปรดระบุ),Data Architect,In-house data science/data team,,"10,000 - 99,999",ไม่รู้จัก,,,5 - ทำบ่อยที่สุด,5 - ทำบ่อยที่สุด,5 - ทำบ่อยที่สุด,2 - ทำน้อย,2 - ทำน้อย,5 - ทำบ่อยที่สุด,4 - พบปัญหาบ่อย,0 - ไม่พบปัญหา,3 - พบปัญหาปานกลาง,5 - พบปัญหาบ่อยมากที่สุด,5 - พบปัญหาบ่อยมากที่สุด,5 - พบปัญหาบ่อยมากที่สุด,4 - พบปัญหาบ่อย,5 - พบปัญหาบ่อยมากที่สุด,4 - พบปัญหาบ่อย,4 - พบปัญหาบ่อย,การที่ไม่มีเอกสารให้ศึกษาระหว่างการดูแลรักษาโครงการ,มีผู้เกี่ยวข้องในโปรเจคท์จำนวนมาก ทำให้บริหารจัดการลำบาก,,การเปลี่ยนแปลง Requirements ระหว่างทาง,ปัญหาในการเก็บ Requirements (เช่น Requirement ไม่สมบูรณ์ ไม่ถูกต้อง),,การดูแลรักษาและการ reuse source code,,ใช้อยู่ในปัจจุบัน,เคยใช้ในอดีต (แต่ปัจจุบันไม่ได้ใช้),ใช้อยู่ในปัจจุบัน,ใช้อยู่ในปัจจุบัน,เคยใช้ในอดีต (แต่ปัจจุบันไม่ได้ใช้),ใช้อยู่ในปัจจุบัน,เคยใช้ในอดีต (แต่ปัจจุบันไม่ได้ใช้),เคยใช้ในอดีต (แต่ปัจจุบันไม่ได้ใช้),ใช้อยู่ในปัจจุบัน,ใช้อยู่ในปัจจุบัน,เคยใช้ในอดีต (แต่ปัจจุบันไม่ได้ใช้),เคยใช้ในอดีต (แต่ปัจจุบันไม่ได้ใช้),ใช้อยู่ในปัจจุบัน,ใช้อยู่ในปัจจุบัน,เคยใช้ในอดีต (แต่ปัจจุบันไม่ได้ใช้),เคยใช้ในอดีต (แต่ปัจจุบันไม่ได้ใช้),เคยใช้ในอดีต (แต่ปัจจุบันไม่ได้ใช้),ใช้อยู่ในปัจจุบัน,วางแผนจะใช้ในอนาคต,เคยใช้ในอดีต (แต่ปัจจุบันไม่ได้ใช้),วางแผนจะใช้ในอนาคต,เคยใช้ในอดีต (แต่ปัจจุบันไม่ได้ใช้),เคยใช้ในอดีต (แต่ปัจจุบันไม่ได้ใช้),เคยใช้ในอดีต (แต่ปัจจุบันไม่ได้ใช้),เคยใช้ในอดีต (แต่ปัจจุบันไม่ได้ใช้),ใช้อยู่ในปัจจุบัน,เคยใช้ในอดีต (แต่ปัจจุบันไม่ได้ใช้),ใช้อยู่ในปัจจุบัน,,,ใช้ในเฟส Data Preparation,ใช้ในเฟส Modelling,ใช้ในเฟส Evaluation,,,,,,,,,,ใช้ในเฟส Data Preparation,ใช้ในเฟส Modelling,ใช้ในเฟส Evaluation,ใช้ในเฟส Deployment,,ใช้ในเฟส Data Understanding,ใช้ในเฟส Data Preparation,ใช้ในเฟส Modelling,ใช้ในเฟส Evaluation,ใช้ในเฟส Deployment,,,,,,,,,,ใช้ในเฟส Modelling,ใช้ในเฟส Evaluation,ใช้ในเฟส Deployment,,,,,,,,,,,,,,,,ใช้ในเฟส Modelling,ใช้ในเฟส Evaluation,ใช้ในเฟส Deployment,,ใช้ในเฟส Data Understanding,ใช้ในเฟส Data Preparation,ใช้ในเฟส Modelling,ใช้ในเฟส Evaluation,ใช้ในเฟส Deployment,,,,,,,,,,,,,,,ใช้ในเฟส Data Preparation,,,,,ใช้ในเฟส Data Understanding,ใช้ในเฟส Data Preparation,ใช้ในเฟส Modelling,ใช้ในเฟส Evaluation,ใช้ในเฟส Deployment,,,,,,,,,,,,,,,,,,,,ใช้ในเฟส Data Understanding,ใช้ในเฟส Data Preparation,ใช้ในเฟส Modelling,ใช้ในเฟส Evaluation,ใช้ในเฟส Deployment,,,,,,,,,,,,,,,,,,,,,,,,,,ใช้ในเฟส Data Understanding,ใช้ในเฟส Data Preparation,,,,,,,,,,,,,,,,,ใช้ในเฟส Data Understanding,ใช้ในเฟส Data Preparation,,,,,,,,,,,ใช้ในเฟส Data Understanding,ใช้ในเฟส Data Preparation,ใช้ในเฟส Modelling,ใช้ในเฟส Evaluation,ใช้ในเฟส Deployment,ไม่ได้ใช้งาน,ไม่ได้ใช้งาน,5,5,ไม่ได้ใช้งาน,5,5,ไม่ได้ใช้งาน,ไม่ได้ใช้งาน,5,5,5,5,ใช้อยู่ในปัจจุบัน,ใช้อยู่ในปัจจุบัน,วางแผนจะใช้ในอนาคต,ใช้อยู่ในปัจจุบัน,วางแผนจะใช้ในอนาคต,ใช้อยู่ในปัจจุบัน,ใช้อยู่ในปัจจุบัน,ใช้อยู่ในปัจจุบัน,ใช้อยู่ในปัจจุบัน,ใช้อยู่ในปัจจุบัน,ใช้อยู่ในปัจจุบัน,ใช้อยู่ในปัจจุบัน,ใช้อยู่ในปัจจุบัน,ใช้อยู่ในปัจจุบัน,ใช้อยู่ในปัจจุบัน,ใช้ในเฟส Business Understanding,,,,,,ใช้ในเฟส Business Understanding,ใช้ในเฟส Data Understanding,,,,,,,ใช้ในเฟส Data Preparation,ใช้ในเฟส Modelling,ใช้ในเฟส Evaluation,ใช้ในเฟส Deployment,,,ใช้ในเฟส Data Preparation,ใช้ในเฟส Modelling,ใช้ในเฟส Evaluation,ใช้ในเฟส Deployment,,,,,,,,ใช้ในเฟส Data Understanding,ใช้ในเฟส Data Preparation,ใช้ในเฟส Modelling,ใช้ในเฟส Evaluation,ใช้ในเฟส Deployment,,,,,,,ใช้ในเฟส Business Understanding,,,,,,ใช้ในเฟส Business Understanding,ใช้ในเฟส Data Understanding,,,,,ใช้ในเฟส Business Understanding,ใช้ในเฟส Data Understanding,,,,,ใช้ในเฟส Business Understanding,ใช้ในเฟส Data Understanding,,,ใช้ในเฟส Evaluation,,ใช้ในเฟส Business Understanding,ใช้ในเฟส Data Understanding,,,,,ใช้ในเฟส Business Understanding,ใช้ในเฟส Data Understanding,,,,,ใช้ในเฟส Business Understanding,ใช้ในเฟส Data Understanding,,,,,,,ใช้ในเฟส Data Preparation,ใช้ในเฟส Modelling,ใช้ในเฟส Evaluation,ใช้ในเฟส Deployment,,การได้รับคำแนะนำจากทีม (ในการประชุม stand-up meeting),ช่วยให้ทำตามแพลนได้ดีขึ้น,เพิ่มประสิทธิภาพในทุกขั้นตอน,เพิ่ม test coverage,ลดปัญหาก่อนที่จะส่งมอบให้ลูกค้า,โค้ดอ่านง่ายและเป็นระเบียบ,ส่งต่อโครงการได้ง่าย,,"Thinking about the generative AI that supports the engineers in automatically provisioning the infrastructure and pipelines with cost|time efficiency, for example converting prompts to the scripts of Infrastructure as Code (IAC).",,
Thailand,114426176904,426838483,2023-10-02 14:01:18,2023-10-02 14:02:34,th,,Thailand,1-5 ปี,ไม่มีประสบการณ์,ปริญญาตรีหรือเท่าเทียม,Data scientist,,In-house data science/data team,,"1,000 - 9,999",รู้จักและใช้งาน,CRISP-DM,,,,,,,,,,,,,,,,,,,,,,,,,,,,,,,,,,,,,,,,,,,,,,,,,,,,,,,,,,,,,,,,,,,,,,,,,,,,,,,,,,,,,,,,,,,,,,,,,,,,,,,,,,,,,,,,,,,,,,,,,,,,,,,,,,,,,,,,,,,,,,,,,,,,,,,,,,,,,,,,,,,,,,,,,,,,,,,,,,,,,,,,,,,,,,,,,,,,,,,,,,,,,,,,,,,,,,,,,,,,,,,,,,,,,,,,,,,,,,,,,,,,,,,,,,,,,,,,,,,,,,,,,,,,,,,,,,,,,,,,,,,,,,,,,,,,,,,,,,,,,,,,,,,,,,,,,,,,,,,,,,,,,,,,,,,,,,,,,,,,,,,,,,,,,,,
Thailand,114426157897,426838483,2023-10-02 13:10:58,2023-10-02 13:20:45,th,,Thailand,1-5 ปี,น้อยกว่า 1 ปี,ปริญญาตรีหรือเท่าเทียม,Machine learning engineer,,In-house data science/data team,,"1,000 - 9,999",รู้จักแต่ไม่ได้ใช้งาน,อื่นๆ (โปรดระบุ),ไม่ได้ใช้งาน,3 - ทำปานกลาง,4 - ทำบ่อย,5 - ทำบ่อยที่สุด,2 - ทำน้อย,3 - ทำปานกลาง,5 - ทำบ่อยที่สุด,4 - พบปัญหาบ่อย,3 - พบปัญหาปานกลาง,3 - พบปัญหาปานกลาง,5 - พบปัญหาบ่อยมากที่สุด,4 - พบปัญหาบ่อย,2 - พบปัญหาน้อย,4 - พบปัญหาบ่อย,4 - พบปัญหาบ่อย,4 - พบปัญหาบ่อย,4 - พบปัญหาบ่อย,การที่ไม่มีเอกสารให้ศึกษาระหว่างการดูแลรักษาโครงการ,,ไม่มีการทำ Integration test และ Load test,การเปลี่ยนแปลง Requirements ระหว่างทาง,ปัญหาในการเก็บ Requirements (เช่น Requirement ไม่สมบูรณ์ ไม่ถูกต้อง),,การดูแลรักษาและการ reuse source code,,ใช้อยู่ในปัจจุบัน,,,ใช้อยู่ในปัจจุบัน,,ใช้อยู่ในปัจจุบัน,ใช้อยู่ในปัจจุบัน,,ใช้อยู่ในปัจจุบัน,เคยใช้ในอดีต (แต่ปัจจุบันไม่ได้ใช้),,,,,ใช้อยู่ในปัจจุบัน,,,ใช้อยู่ในปัจจุบัน,ใช้อยู่ในปัจจุบัน,,,ใช้อยู่ในปัจจุบัน,,,,ใช้อยู่ในปัจจุบัน,,,,,,,,ใช้ในเฟส Deployment,,,,,,,,,,,,,,ใช้ในเฟส Data Understanding,ใช้ในเฟส Data Preparation,ใช้ในเฟส Modelling,ใช้ในเฟส Evaluation,,,,,,,,,,,,,ใช้ในเฟส Deployment,,,,,,ใช้ในเฟส Deployment,,,,,,,ใช้ในเฟส Business Understanding,ใช้ในเฟส Data Understanding,ใช้ในเฟส Data Preparation,ใช้ในเฟส Modelling,ใช้ในเฟส Evaluation,ใช้ในเฟส Deployment,ใช้ในเฟส Business Understanding,ใช้ในเฟส Data Understanding,ใช้ในเฟส Data Preparation,,,,,,,,,,,,,,,,,,,,,,,,,,,,ใช้ในเฟส Business Understanding,ใช้ในเฟส Data Understanding,ใช้ในเฟส Data Preparation,ใช้ในเฟส Modelling,ใช้ในเฟส Evaluation,ใช้ในเฟส Deployment,,,,,,,,,,,,,ใช้ในเฟส Business Understanding,ใช้ในเฟส Data Understanding,ใช้ในเฟส Data Preparation,ใช้ในเฟส Modelling,ใช้ในเฟส Evaluation,,,,,ใช้ในเฟส Modelling,ใช้ในเฟส Evaluation,ใช้ในเฟส Deployment,,,,,,,,,,,,,ใช้ในเฟส Business Understanding,ใช้ในเฟส Data Understanding,,,,,,,,,,,,,,,,,,,,,,,ใช้ในเฟส Business Understanding,ใช้ในเฟส Data Understanding,ใช้ในเฟส Data Preparation,ใช้ในเฟส Modelling,ใช้ในเฟส Evaluation,ใช้ในเฟส Deployment,,,,,,,,,,,,,ไม่ได้ใช้งาน,ไม่ได้ใช้งาน,5,5,5,5,4,ไม่ได้ใช้งาน,4,5,5,4,5,,,,,,,,,,,,,,,,,,,,,,,,,,,,,,,,,,,,,,,,,,,,,,,,,,,,,,,,,,,,,,,,,,,,,,,,,,,,,,,,,,,,,,,,,,,,,,,,,,,,,,,,,,,,,,,,,,,,,
Thailand,114426154557,426838483,2023-10-02 13:01:15,2023-10-02 13:12:11,en,,Thailand,1-5 ปี,1-5 ปี,ปริญญาตรีหรือเท่าเทียม,Data engineer,,In-house data science/data team,,"1,000 - 9,999",รู้จักแต่ไม่ได้ใช้งาน,CRISP-DM,,4 - ทำบ่อย,4 - ทำบ่อย,4 - ทำบ่อย,0 - ไม่ได้ทำเลย,0 - ไม่ได้ทำเลย,0 - ไม่ได้ทำเลย,2 - พบปัญหาน้อย,3 - พบปัญหาปานกลาง,4 - พบปัญหาบ่อย,4 - พบปัญหาบ่อย,4 - พบปัญหาบ่อย,4 - พบปัญหาบ่อย,1 - พบปัญหาน้อยที่สุด,1 - พบปัญหาน้อยที่สุด,0 - ไม่พบปัญหา,0 - ไม่พบปัญหา,การที่ไม่มีเอกสารให้ศึกษาระหว่างการดูแลรักษาโครงการ,,ไม่มีการทำ Integration test และ Load test,การเปลี่ยนแปลง Requirements ระหว่างทาง,,,,,ใช้อยู่ในปัจจุบัน,,,ใช้อยู่ในปัจจุบัน,,,,,ใช้อยู่ในปัจจุบัน,,,,ใช้อยู่ในปัจจุบัน,,ใช้อยู่ในปัจจุบัน,,,ใช้อยู่ในปัจจุบัน,,,,,,,,ใช้อยู่ในปัจจุบัน,,,,,ใช้ในเฟส Data Preparation,ใช้ในเฟส Modelling,ใช้ในเฟส Evaluation,ใช้ในเฟส Deployment,,,,,,,,,,,,,ใช้ในเฟส Business Understanding,ใช้ในเฟส Data Understanding,,,,,,,,,,,,,,,,,,,,,,,,,,,,,ใช้ในเฟส Business Understanding,ใช้ในเฟส Data Understanding,ใช้ในเฟส Data Preparation,ใช้ในเฟส Modelling,ใช้ในเฟส Evaluation,ใช้ในเฟส Deployment,,,,,,,,,,,,,,,,,,,,,ใช้ในเฟส Data Preparation,ใช้ในเฟส Modelling,ใช้ในเฟส Evaluation,ใช้ในเฟส Deployment,,,,,,,ใช้ในเฟส Business Understanding,ใช้ในเฟส Data Understanding,ใช้ในเฟส Data Preparation,ใช้ในเฟส Modelling,ใช้ในเฟส Evaluation,ใช้ในเฟส Deployment,,,,,,,,,,,,,ใช้ในเฟส Business Understanding,ใช้ในเฟส Data Understanding,ใช้ในเฟส Data Preparation,ใช้ในเฟส Modelling,ใช้ในเฟส Evaluation,ใช้ในเฟส Deployment,,,,,,,,,,,,,,,,,,,,,,,,,,,,,,,,,,,,,,,,,,,ใช้ในเฟส Business Understanding,ใช้ในเฟส Data Understanding,ใช้ในเฟส Data Preparation,ใช้ในเฟส Modelling,ใช้ในเฟส Evaluation,ใช้ในเฟส Deployment,,,,,,,,,,,,,ไม่ได้ใช้งาน,ไม่ได้ใช้งาน,5,3,2,5,5,ไม่ได้ใช้งาน,1,5,5,1,5,ใช้อยู่ในปัจจุบัน,ใช้อยู่ในปัจจุบัน,ใช้อยู่ในปัจจุบัน,ใช้อยู่ในปัจจุบัน,ใช้อยู่ในปัจจุบัน,ใช้อยู่ในปัจจุบัน,ใช้อยู่ในปัจจุบัน,ใช้อยู่ในปัจจุบัน,,ใช้อยู่ในปัจจุบัน,,,,,ใช้อยู่ในปัจจุบัน,ใช้ในเฟส Business Understanding,ใช้ในเฟส Data Understanding,ใช้ในเฟส Data Preparation,ใช้ในเฟส Modelling,ใช้ในเฟส Evaluation,ใช้ในเฟส Deployment,ใช้ในเฟส Business Understanding,ใช้ในเฟส Data Understanding,ใช้ในเฟส Data Preparation,ใช้ในเฟส Modelling,ใช้ในเฟส Evaluation,ใช้ในเฟส Deployment,ใช้ในเฟส Business Understanding,ใช้ในเฟส Data Understanding,ใช้ในเฟส Data Preparation,ใช้ในเฟส Modelling,ใช้ในเฟส Evaluation,ใช้ในเฟส Deployment,,,,ใช้ในเฟส Modelling,ใช้ในเฟส Evaluation,ใช้ในเฟส Deployment,,,ใช้ในเฟส Data Preparation,ใช้ในเฟส Modelling,ใช้ในเฟส Evaluation,ใช้ในเฟส Deployment,,,,,,ใช้ในเฟส Deployment,ใช้ในเฟส Business Understanding,ใช้ในเฟส Data Understanding,ใช้ในเฟส Data Preparation,ใช้ในเฟส Modelling,ใช้ในเฟส Evaluation,ใช้ในเฟส Deployment,,,ใช้ในเฟส Data Preparation,ใช้ในเฟส Modelling,ใช้ในเฟส Evaluation,ใช้ในเฟส Deployment,,,,,,,,,,ใช้ในเฟส Modelling,ใช้ในเฟส Evaluation,ใช้ในเฟส Deployment,,,,,,,,,,,,,,,,,,,,,,,,,,,,ใช้ในเฟส Modelling,ใช้ในเฟส Evaluation,ใช้ในเฟส Deployment,ยังไม่มี,การได้รับคำแนะนำจากทีม (ในการประชุม stand-up meeting),ช่วยให้ทำตามแพลนได้ดีขึ้น,เพิ่มประสิทธิภาพในทุกขั้นตอน,เพิ่ม test coverage,ลดปัญหาก่อนที่จะส่งมอบให้ลูกค้า,โค้ดอ่านง่ายและเป็นระเบียบ,ส่งต่อโครงการได้ง่าย,,เครื่องมือด้าน Data Observability,,
Thailand,114425232365,426838483,2023-09-30 15:52:29,2023-09-30 16:02:41,th,,Thailand,น้อยกว่า 1 ปี,น้อยกว่า 1 ปี,ปริญญาโทหรือเท่าเทียม,Data scientist,,Data consultant,,10 - 99,รู้จักแต่ไม่ได้ใช้งาน,อื่นๆ (โปรดระบุ),วิเคราะห์ในฝ่ายงาน,1 - ทำน้อยที่สุด,1 - ทำน้อยที่สุด,1 - ทำน้อยที่สุด,1 - ทำน้อยที่สุด,1 - ทำน้อยที่สุด,1 - ทำน้อยที่สุด,1 - พบปัญหาน้อยที่สุด,1 - พบปัญหาน้อยที่สุด,4 - พบปัญหาบ่อย,3 - พบปัญหาปานกลาง,3 - พบปัญหาปานกลาง,3 - พบปัญหาปานกลาง,3 - พบปัญหาปานกลาง,3 - พบปัญหาปานกลาง,2 - พบปัญหาน้อย,2 - พบปัญหาน้อย,การที่ไม่มีเอกสารให้ศึกษาระหว่างการดูแลรักษาโครงการ,มีผู้เกี่ยวข้องในโปรเจคท์จำนวนมาก ทำให้บริหารจัดการลำบาก,ไม่มีการทำ Integration test และ Load test,การเปลี่ยนแปลง Requirements ระหว่างทาง,ปัญหาในการเก็บ Requirements (เช่น Requirement ไม่สมบูรณ์ ไม่ถูกต้อง),,,,เคยใช้ในอดีต (แต่ปัจจุบันไม่ได้ใช้),เคยใช้ในอดีต (แต่ปัจจุบันไม่ได้ใช้),เคยใช้ในอดีต (แต่ปัจจุบันไม่ได้ใช้),เคยใช้ในอดีต (แต่ปัจจุบันไม่ได้ใช้),เคยใช้ในอดีต (แต่ปัจจุบันไม่ได้ใช้),เคยใช้ในอดีต (แต่ปัจจุบันไม่ได้ใช้),เคยใช้ในอดีต (แต่ปัจจุบันไม่ได้ใช้),เคยใช้ในอดีต (แต่ปัจจุบันไม่ได้ใช้),เคยใช้ในอดีต (แต่ปัจจุบันไม่ได้ใช้),เคยใช้ในอดีต (แต่ปัจจุบันไม่ได้ใช้),เคยใช้ในอดีต (แต่ปัจจุบันไม่ได้ใช้),เคยใช้ในอดีต (แต่ปัจจุบันไม่ได้ใช้),เคยใช้ในอดีต (แต่ปัจจุบันไม่ได้ใช้),เคยใช้ในอดีต (แต่ปัจจุบันไม่ได้ใช้),เคยใช้ในอดีต (แต่ปัจจุบันไม่ได้ใช้),เคยใช้ในอดีต (แต่ปัจจุบันไม่ได้ใช้),เคยใช้ในอดีต (แต่ปัจจุบันไม่ได้ใช้),เคยใช้ในอดีต (แต่ปัจจุบันไม่ได้ใช้),เคยใช้ในอดีต (แต่ปัจจุบันไม่ได้ใช้),เคยใช้ในอดีต (แต่ปัจจุบันไม่ได้ใช้),เคยใช้ในอดีต (แต่ปัจจุบันไม่ได้ใช้),เคยใช้ในอดีต (แต่ปัจจุบันไม่ได้ใช้),เคยใช้ในอดีต (แต่ปัจจุบันไม่ได้ใช้),เคยใช้ในอดีต (แต่ปัจจุบันไม่ได้ใช้),เคยใช้ในอดีต (แต่ปัจจุบันไม่ได้ใช้),เคยใช้ในอดีต (แต่ปัจจุบันไม่ได้ใช้),เคยใช้ในอดีต (แต่ปัจจุบันไม่ได้ใช้),เคยใช้ในอดีต (แต่ปัจจุบันไม่ได้ใช้),ใช้ในเฟส Business Understanding,,,,,,ใช้ในเฟส Business Understanding,,,,,,ใช้ในเฟส Business Understanding,,,,,,ใช้ในเฟส Business Understanding,,,,,,ใช้ในเฟส Business Understanding,,,,,,ใช้ในเฟส Business Understanding,,,,,,ใช้ในเฟส Business Understanding,,,,,,ใช้ในเฟส Business Understanding,,,,,,ใช้ในเฟส Business Understanding,,,,,,ใช้ในเฟส Business Understanding,,,,,,ใช้ในเฟส Business Understanding,,,,,,ใช้ในเฟส Business Understanding,,,,,,ใช้ในเฟส Business Understanding,,,,,,ใช้ในเฟส Business Understanding,,,,,,ใช้ในเฟส Business Understanding,,,,,,ใช้ในเฟส Business Understanding,,,,,,ใช้ในเฟส Business Understanding,,,,,,ใช้ในเฟส Business Understanding,,,,,,ใช้ในเฟส Business Understanding,,,,,,ใช้ในเฟส Business Understanding,,,,,,ใช้ในเฟส Business Understanding,,,,,,ใช้ในเฟส Business Understanding,,,,,,ใช้ในเฟส Business Understanding,,,,,,ใช้ในเฟส Business Understanding,,,,,,ใช้ในเฟส Business Understanding,,,,,,ใช้ในเฟส Business Understanding,,,,,,ใช้ในเฟส Business Understanding,,,,,,ใช้ในเฟส Business Understanding,,,,,,1,1,1,1,1,1,1,1,1,1,1,1,1,เคยใช้ในอดีต (แต่ปัจจุบันไม่ได้ใช้),เคยใช้ในอดีต (แต่ปัจจุบันไม่ได้ใช้),เคยใช้ในอดีต (แต่ปัจจุบันไม่ได้ใช้),เคยใช้ในอดีต (แต่ปัจจุบันไม่ได้ใช้),เคยใช้ในอดีต (แต่ปัจจุบันไม่ได้ใช้),เคยใช้ในอดีต (แต่ปัจจุบันไม่ได้ใช้),เคยใช้ในอดีต (แต่ปัจจุบันไม่ได้ใช้),เคยใช้ในอดีต (แต่ปัจจุบันไม่ได้ใช้),เคยใช้ในอดีต (แต่ปัจจุบันไม่ได้ใช้),เคยใช้ในอดีต (แต่ปัจจุบันไม่ได้ใช้),เคยใช้ในอดีต (แต่ปัจจุบันไม่ได้ใช้),เคยใช้ในอดีต (แต่ปัจจุบันไม่ได้ใช้),เคยใช้ในอดีต (แต่ปัจจุบันไม่ได้ใช้),เคยใช้ในอดีต (แต่ปัจจุบันไม่ได้ใช้),เคยใช้ในอดีต (แต่ปัจจุบันไม่ได้ใช้),ใช้ในเฟส Business Understanding,,,,,,ใช้ในเฟส Business Understanding,,,,,,ใช้ในเฟส Business Understanding,,,,,,ใช้ในเฟส Business Understanding,,,,,,ใช้ในเฟส Business Understanding,,,,,,ใช้ในเฟส Business Understanding,,,,,,ใช้ในเฟส Business Understanding,,,,,,ใช้ในเฟส Business Understanding,,,,,,ใช้ในเฟส Business Understanding,,,,,,ใช้ในเฟส Business Understanding,,,,,,ใช้ในเฟส Business Understanding,,,,,,ใช้ในเฟส Business Understanding,,,,,,ใช้ในเฟส Business Understanding,,,,,,ใช้ในเฟส Business Understanding,,,,,,ใช้ในเฟส Business Understanding,,,,,,มี,การได้รับคำแนะนำจากทีม (ในการประชุม stand-up meeting),,,,,,,,ไม่ทราบ,,
Thailand,114425189316,426838483,2023-09-30 13:24:27,2023-09-30 13:44:45,th,,Thailand,1-5 ปี,มากกว่า 10 ปี,ปริญญาตรีหรือเท่าเทียม,อื่นๆ (โปรดระบุ),Head of digital analytics,อื่นๆ (โปรดระบุ),การเงิน การธนาคาร,"1,000 - 9,999",รู้จักและใช้งาน,CRISP-DM,,5 - ทำบ่อยที่สุด,5 - ทำบ่อยที่สุด,5 - ทำบ่อยที่สุด,5 - ทำบ่อยที่สุด,5 - ทำบ่อยที่สุด,5 - ทำบ่อยที่สุด,2 - พบปัญหาน้อย,3 - พบปัญหาปานกลาง,4 - พบปัญหาบ่อย,5 - พบปัญหาบ่อยมากที่สุด,5 - พบปัญหาบ่อยมากที่สุด,4 - พบปัญหาบ่อย,3 - พบปัญหาปานกลาง,3 - พบปัญหาปานกลาง,2 - พบปัญหาน้อย,2 - พบปัญหาน้อย,,,,การเปลี่ยนแปลง Requirements ระหว่างทาง,ปัญหาในการเก็บ Requirements (เช่น Requirement ไม่สมบูรณ์ ไม่ถูกต้อง),,,,ใช้อยู่ในปัจจุบัน,วางแผนจะใช้ในอนาคต,วางแผนจะใช้ในอนาคต,ใช้อยู่ในปัจจุบัน,ใช้อยู่ในปัจจุบัน,วางแผนจะใช้ในอนาคต,วางแผนจะใช้ในอนาคต,วางแผนจะใช้ในอนาคต,ใช้อยู่ในปัจจุบัน,ใช้อยู่ในปัจจุบัน,วางแผนจะใช้ในอนาคต,วางแผนจะใช้ในอนาคต,ใช้อยู่ในปัจจุบัน,ใช้อยู่ในปัจจุบัน,วางแผนจะใช้ในอนาคต,วางแผนจะใช้ในอนาคต,วางแผนจะใช้ในอนาคต,วางแผนจะใช้ในอนาคต,วางแผนจะใช้ในอนาคต,ใช้อยู่ในปัจจุบัน,วางแผนจะใช้ในอนาคต,ใช้อยู่ในปัจจุบัน,วางแผนจะใช้ในอนาคต,วางแผนจะใช้ในอนาคต,วางแผนจะใช้ในอนาคต,ใช้อยู่ในปัจจุบัน,วางแผนจะใช้ในอนาคต,เคยใช้ในอดีต (แต่ปัจจุบันไม่ได้ใช้),,,ใช้ในเฟส Data Preparation,,,,,,,,,,,,,,,,ใช้ในเฟส Business Understanding,ใช้ในเฟส Data Understanding,ใช้ในเฟส Data Preparation,ใช้ในเฟส Modelling,ใช้ในเฟส Evaluation,,ใช้ในเฟส Business Understanding,ใช้ในเฟส Data Understanding,,,,,,,,,,,,,,,,,,,,,,,ใช้ในเฟส Business Understanding,ใช้ในเฟส Data Understanding,ใช้ในเฟส Data Preparation,ใช้ในเฟส Modelling,ใช้ในเฟส Evaluation,,ใช้ในเฟส Business Understanding,ใช้ในเฟส Data Understanding,ใช้ในเฟส Data Preparation,,,,,,,,,,,,,,,,ใช้ในเฟส Business Understanding,ใช้ในเฟส Data Understanding,,ใช้ในเฟส Modelling,,,ใช้ในเฟส Business Understanding,ใช้ในเฟส Data Understanding,ใช้ในเฟส Data Preparation,ใช้ในเฟส Modelling,ใช้ในเฟส Evaluation,,,,,,,,,,,,,,,,,,,,,,,,,,,,,,,,,,,ใช้ในเฟส Modelling,ใช้ในเฟส Evaluation,,,,,,,,ใช้ในเฟส Business Understanding,ใช้ในเฟส Data Understanding,,,,,,,,,,,,,,,,,,,,,,,ใช้ในเฟส Business Understanding,ใช้ในเฟส Data Understanding,ใช้ในเฟส Data Preparation,ใช้ในเฟส Modelling,ใช้ในเฟส Evaluation,,,,,,,,ใช้ในเฟส Business Understanding,ใช้ในเฟส Data Understanding,ใช้ในเฟส Data Preparation,ใช้ในเฟส Modelling,ใช้ในเฟส Evaluation,ใช้ในเฟส Deployment,ไม่ได้ใช้งาน,ไม่ได้ใช้งาน,5,2,2,5,3,ไม่ได้ใช้งาน,2,3,5,5,5,ใช้อยู่ในปัจจุบัน,ใช้อยู่ในปัจจุบัน,ใช้อยู่ในปัจจุบัน,ใช้อยู่ในปัจจุบัน,ใช้อยู่ในปัจจุบัน,ใช้อยู่ในปัจจุบัน,วางแผนจะใช้ในอนาคต,ใช้อยู่ในปัจจุบัน,วางแผนจะใช้ในอนาคต,ใช้อยู่ในปัจจุบัน,ใช้อยู่ในปัจจุบัน,ใช้อยู่ในปัจจุบัน,ใช้อยู่ในปัจจุบัน,ใช้อยู่ในปัจจุบัน,ใช้อยู่ในปัจจุบัน,ใช้ในเฟส Business Understanding,ใช้ในเฟส Data Understanding,ใช้ในเฟส Data Preparation,ใช้ในเฟส Modelling,ใช้ในเฟส Evaluation,ใช้ในเฟส Deployment,ใช้ในเฟส Business Understanding,ใช้ในเฟส Data Understanding,ใช้ในเฟส Data Preparation,ใช้ในเฟส Modelling,ใช้ในเฟส Evaluation,ใช้ในเฟส Deployment,,,,,,ใช้ในเฟส Deployment,,,ใช้ในเฟส Data Preparation,ใช้ในเฟส Modelling,,,,,ใช้ในเฟส Data Preparation,ใช้ในเฟส Modelling,,,,,,,,ใช้ในเฟส Deployment,ใช้ในเฟส Business Understanding,ใช้ในเฟส Data Understanding,ใช้ในเฟส Data Preparation,ใช้ในเฟส Modelling,ใช้ในเฟส Evaluation,ใช้ในเฟส Deployment,ใช้ในเฟส Business Understanding,ใช้ในเฟส Data Understanding,,,,,ใช้ในเฟส Business Understanding,,,,ใช้ในเฟส Evaluation,,,,,,,ใช้ในเฟส Deployment,,,,ใช้ในเฟส Modelling,ใช้ในเฟส Evaluation,,,,,,,ใช้ในเฟส Deployment,,,,ใช้ในเฟส Modelling,,,,,,,,,,,,,,ใช้ในเฟส Deployment,,,,เพิ่มประสิทธิภาพในทุกขั้นตอน,,,,,,ยังไม่มี,,
Thailand,114425171730,426838483,2023-09-30 12:22:37,2023-09-30 12:35:46,th,,Thailand,1-5 ปี,ไม่มีประสบการณ์,ปริญญาโทหรือเท่าเทียม,Data scientist,,In-house data science/data team,,100 - 999,ไม่รู้จัก,Microsoft TDSP,,,,,,,,,,,,,,,,,,,,,,,,,,,,,,,,,,,,,,,,,,,,,,,,,,,,,,,,,,,,,,,,,,,,,,,,,,,,,,,,,,,,,,,,,,,,,,,,,,,,,,,,,,,,,,,,,,,,,,,,,,,,,,,,,,,,,,,,,,,,,,,,,,,,,,,,,,,,,,,,,,,,,,,,,,,,,,,,,,,,,,,,,,,,,,,,,,,,,,,,,,,,,,,,,,,,,,,,,,,,,,,,,,,,,,,,,,,,,,,,,,,,,,,,,,,,,,,,,,,,,,,,,,,,,,,,,,,,,,,,,,,,,,,,,,,,,,,,,,,,,,,,,,,,,,,,,,,,,,,,,,,,,,,,,,,,,,,,,,,,,,,,,,,,,,,
Thailand,114425167080,426838483,2023-09-30 12:06:42,2023-09-30 12:12:23,th,,Thailand,1-5 ปี,ไม่มีประสบการณ์,ปริญญาตรีหรือเท่าเทียม,Data scientist,,In-house data science/data team,,100 - 999,ไม่รู้จัก,,,5 - ทำบ่อยที่สุด,5 - ทำบ่อยที่สุด,4 - ทำบ่อย,2 - ทำน้อย,4 - ทำบ่อย,4 - ทำบ่อย,2 - พบปัญหาน้อย,3 - พบปัญหาปานกลาง,3 - พบปัญหาปานกลาง,4 - พบปัญหาบ่อย,4 - พบปัญหาบ่อย,4 - พบปัญหาบ่อย,4 - พบปัญหาบ่อย,2 - พบปัญหาน้อย,3 - พบปัญหาปานกลาง,2 - พบปัญหาน้อย,,,ไม่มีการทำ Integration test และ Load test,,,,,,วางแผนจะใช้ในอนาคต,วางแผนจะใช้ในอนาคต,วางแผนจะใช้ในอนาคต,ใช้อยู่ในปัจจุบัน,ใช้อยู่ในปัจจุบัน,วางแผนจะใช้ในอนาคต,วางแผนจะใช้ในอนาคต,วางแผนจะใช้ในอนาคต,ใช้อยู่ในปัจจุบัน,วางแผนจะใช้ในอนาคต,วางแผนจะใช้ในอนาคต,วางแผนจะใช้ในอนาคต,วางแผนจะใช้ในอนาคต,ใช้อยู่ในปัจจุบัน,วางแผนจะใช้ในอนาคต,วางแผนจะใช้ในอนาคต,วางแผนจะใช้ในอนาคต,วางแผนจะใช้ในอนาคต,ใช้อยู่ในปัจจุบัน,เคยใช้ในอดีต (แต่ปัจจุบันไม่ได้ใช้),เคยใช้ในอดีต (แต่ปัจจุบันไม่ได้ใช้),ใช้อยู่ในปัจจุบัน,เคยใช้ในอดีต (แต่ปัจจุบันไม่ได้ใช้),เคยใช้ในอดีต (แต่ปัจจุบันไม่ได้ใช้),เคยใช้ในอดีต (แต่ปัจจุบันไม่ได้ใช้),ใช้อยู่ในปัจจุบัน,เคยใช้ในอดีต (แต่ปัจจุบันไม่ได้ใช้),เคยใช้ในอดีต (แต่ปัจจุบันไม่ได้ใช้),,,,,,,,,,,,,,,,,,,ใช้ในเฟส Business Understanding,ใช้ในเฟส Data Understanding,ใช้ในเฟส Data Preparation,ใช้ในเฟส Modelling,ใช้ในเฟส Evaluation,,,,,,,ใช้ในเฟส Deployment,,,,,,,,,,,,,,,,,,,,,,,,ใช้ในเฟส Deployment,,,,,,,,,,,,,,,,,,,,,,,,,,,,,,ใช้ในเฟส Deployment,,,,,,,,,,,,,,,,,,,,,,,,,,,,ใช้ในเฟส Modelling,ใช้ในเฟส Evaluation,,ใช้ในเฟส Business Understanding,ใช้ในเฟส Data Understanding,ใช้ในเฟส Data Preparation,,,,ใช้ในเฟส Business Understanding,ใช้ในเฟส Data Understanding,ใช้ในเฟส Data Preparation,,,,,,ใช้ในเฟส Data Preparation,,,,,,ใช้ในเฟส Data Preparation,ใช้ในเฟส Modelling,,,,,,,ใช้ในเฟส Evaluation,,,,ใช้ในเฟส Data Preparation,ใช้ในเฟส Modelling,,,,,ใช้ในเฟส Data Preparation,,,ใช้ในเฟส Deployment,,,,ใช้ในเฟส Modelling,ใช้ในเฟส Evaluation,,,,ใช้ในเฟส Data Preparation,ใช้ในเฟส Modelling,,,2,2,4,2,2,2,2,3,3,4,2,3,2,วางแผนจะใช้ในอนาคต,ใช้อยู่ในปัจจุบัน,ใช้อยู่ในปัจจุบัน,วางแผนจะใช้ในอนาคต,เคยใช้ในอดีต (แต่ปัจจุบันไม่ได้ใช้),เคยใช้ในอดีต (แต่ปัจจุบันไม่ได้ใช้),ใช้อยู่ในปัจจุบัน,วางแผนจะใช้ในอนาคต,ใช้อยู่ในปัจจุบัน,เคยใช้ในอดีต (แต่ปัจจุบันไม่ได้ใช้),เคยใช้ในอดีต (แต่ปัจจุบันไม่ได้ใช้),เคยใช้ในอดีต (แต่ปัจจุบันไม่ได้ใช้),เคยใช้ในอดีต (แต่ปัจจุบันไม่ได้ใช้),ใช้อยู่ในปัจจุบัน,ใช้อยู่ในปัจจุบัน,,,ใช้ในเฟส Data Preparation,,,,,,,,,ใช้ในเฟส Deployment,,ใช้ในเฟส Data Understanding,,,,,,,,ใช้ในเฟส Modelling,,,,ใช้ในเฟส Data Understanding,,,,,,ใช้ในเฟส Data Understanding,,,,,,,ใช้ในเฟส Data Preparation,,,,,,,ใช้ในเฟส Modelling,,,,,ใช้ในเฟส Data Preparation,,,,,,ใช้ในเฟส Data Preparation,,,,,,ใช้ในเฟส Data Preparation,,,,,,,ใช้ในเฟส Modelling,,,,,,ใช้ในเฟส Modelling,,,,,,,ใช้ในเฟส Evaluation,,,ใช้ในเฟส Data Understanding,,,,,,,,,,,,,,-,,
Thailand,114422829211,426838483,2023-09-27 22:58:11,2023-09-27 23:22:46,th,,Thailand,น้อยกว่า 1 ปี,ไม่มีประสบการณ์,ปริญญาตรีหรือเท่าเทียม,Data scientist,,Data consultant,,10 - 99,รู้จักแต่ไม่ได้ใช้งาน,อื่นๆ (โปรดระบุ),ไม่ได้ใช้,4 - ทำบ่อย,5 - ทำบ่อยที่สุด,5 - ทำบ่อยที่สุด,5 - ทำบ่อยที่สุด,5 - ทำบ่อยที่สุด,3 - ทำปานกลาง,4 - พบปัญหาบ่อย,3 - พบปัญหาปานกลาง,2 - พบปัญหาน้อย,3 - พบปัญหาปานกลาง,4 - พบปัญหาบ่อย,3 - พบปัญหาปานกลาง,2 - พบปัญหาน้อย,2 - พบปัญหาน้อย,2 - พบปัญหาน้อย,3 - พบปัญหาปานกลาง,การที่ไม่มีเอกสารให้ศึกษาระหว่างการดูแลรักษาโครงการ,,ไม่มีการทำ Integration test และ Load test,การเปลี่ยนแปลง Requirements ระหว่างทาง,,ไม่มีการทำ Version control,การดูแลรักษาและการ reuse source code,,วางแผนจะใช้ในอนาคต,วางแผนจะใช้ในอนาคต,วางแผนจะใช้ในอนาคต,เคยใช้ในอดีต (แต่ปัจจุบันไม่ได้ใช้),วางแผนจะใช้ในอนาคต,วางแผนจะใช้ในอนาคต,วางแผนจะใช้ในอนาคต,วางแผนจะใช้ในอนาคต,ใช้อยู่ในปัจจุบัน,วางแผนจะใช้ในอนาคต,วางแผนจะใช้ในอนาคต,วางแผนจะใช้ในอนาคต,วางแผนจะใช้ในอนาคต,ใช้อยู่ในปัจจุบัน,วางแผนจะใช้ในอนาคต,วางแผนจะใช้ในอนาคต,วางแผนจะใช้ในอนาคต,วางแผนจะใช้ในอนาคต,วางแผนจะใช้ในอนาคต,วางแผนจะใช้ในอนาคต,วางแผนจะใช้ในอนาคต,เคยใช้ในอดีต (แต่ปัจจุบันไม่ได้ใช้),วางแผนจะใช้ในอนาคต,วางแผนจะใช้ในอนาคต,วางแผนจะใช้ในอนาคต,ใช้อยู่ในปัจจุบัน,วางแผนจะใช้ในอนาคต,เคยใช้ในอดีต (แต่ปัจจุบันไม่ได้ใช้),,,,,,,,,,,,,,,,,,,ใช้ในเฟส Business Understanding,ใช้ในเฟส Data Understanding,ใช้ในเฟส Data Preparation,ใช้ในเฟส Modelling,ใช้ในเฟส Evaluation,ใช้ในเฟส Deployment,,,,,,,,,,,,,,,,,,,,,,,,,ใช้ในเฟส Business Understanding,ใช้ในเฟส Data Understanding,ใช้ในเฟส Data Preparation,ใช้ในเฟส Modelling,ใช้ในเฟส Evaluation,ใช้ในเฟส Deployment,,,,,,,,,,,,,,,,,,,,,,,,,ใช้ในเฟส Business Understanding,ใช้ในเฟส Data Understanding,ใช้ในเฟส Data Preparation,ใช้ในเฟส Modelling,ใช้ในเฟส Evaluation,ใช้ในเฟส Deployment,,,,,,,,,,,,,,,,,,,,,,,,,,,,,,,,,,,,,,,,,,,ใช้ในเฟส Business Understanding,ใช้ในเฟส Data Understanding,,,,,,,,,,,,,,,,,,,,,,,,,ใช้ในเฟส Data Preparation,,,,,,,,,,,,ใช้ในเฟส Data Preparation,,,,ไม่ได้ใช้งาน,ไม่ได้ใช้งาน,1,ไม่ได้ใช้งาน,ไม่ได้ใช้งาน,4,ไม่ได้ใช้งาน,ไม่ได้ใช้งาน,ไม่ได้ใช้งาน,4,5,5,ไม่ได้ใช้งาน,ใช้อยู่ในปัจจุบัน,ใช้อยู่ในปัจจุบัน,ใช้อยู่ในปัจจุบัน,ใช้อยู่ในปัจจุบัน,ใช้อยู่ในปัจจุบัน,ใช้อยู่ในปัจจุบัน,วางแผนจะใช้ในอนาคต,วางแผนจะใช้ในอนาคต,วางแผนจะใช้ในอนาคต,วางแผนจะใช้ในอนาคต,ใช้อยู่ในปัจจุบัน,วางแผนจะใช้ในอนาคต,วางแผนจะใช้ในอนาคต,วางแผนจะใช้ในอนาคต,วางแผนจะใช้ในอนาคต,ใช้ในเฟส Business Understanding,ใช้ในเฟส Data Understanding,ใช้ในเฟส Data Preparation,ใช้ในเฟส Modelling,ใช้ในเฟส Evaluation,ใช้ในเฟส Deployment,ใช้ในเฟส Business Understanding,ใช้ในเฟส Data Understanding,ใช้ในเฟส Data Preparation,ใช้ในเฟส Modelling,ใช้ในเฟส Evaluation,ใช้ในเฟส Deployment,ใช้ในเฟส Business Understanding,ใช้ในเฟส Data Understanding,ใช้ในเฟส Data Preparation,ใช้ในเฟส Modelling,ใช้ในเฟส Evaluation,ใช้ในเฟส Deployment,,,ใช้ในเฟส Data Preparation,,,,,,ใช้ในเฟส Data Preparation,,,,,,ใช้ในเฟส Data Preparation,ใช้ในเฟส Modelling,,ใช้ในเฟส Deployment,,,,,,,,,,,,,,,,,,,,,,,,,,,,,ใช้ในเฟส Evaluation,,,,,,,,,,,,,,,,,,,,,,,,,,,การได้รับคำแนะนำจากทีม (ในการประชุม stand-up meeting),ช่วยให้ทำตามแพลนได้ดีขึ้น,เพิ่มประสิทธิภาพในทุกขั้นตอน,เพิ่ม test coverage,ลดปัญหาก่อนที่จะส่งมอบให้ลูกค้า,โค้ดอ่านง่ายและเป็นระเบียบ,ส่งต่อโครงการได้ง่าย,,open-source tool ที่เราสามารถ customize component ได้เองว่าจะใช้ tool ตัวไหนกับ data science process ต่างๆ (เช่น เราสามารถกำหนดโปรเจคขึ้นมา แล้วเลือกให้มี tableau สำหรับขั้นตอน visualization / dashboard และมี jupyter notebook สำหรับการสร้าง ML model แบบที่เราสามารถ customize เองได้),,
Thailand,114422640950,426838483,2023-09-27 19:44:05,2023-09-27 20:32:01,th,,Thailand,1-5 ปี,มากกว่า 10 ปี,ปริญญาเอกหรือเท่าเทียม,อื่นๆ (โปรดระบุ),Researcher,อื่นๆ (โปรดระบุ),Research Institute,100 - 999,ไม่รู้จัก,,,5 - ทำบ่อยที่สุด,5 - ทำบ่อยที่สุด,4 - ทำบ่อย,2 - ทำน้อย,3 - ทำปานกลาง,3 - ทำปานกลาง,5 - พบปัญหาบ่อยมากที่สุด,4 - พบปัญหาบ่อย,4 - พบปัญหาบ่อย,5 - พบปัญหาบ่อยมากที่สุด,4 - พบปัญหาบ่อย,4 - พบปัญหาบ่อย,3 - พบปัญหาปานกลาง,3 - พบปัญหาปานกลาง,2 - พบปัญหาน้อย,2 - พบปัญหาน้อย,การที่ไม่มีเอกสารให้ศึกษาระหว่างการดูแลรักษาโครงการ,,,การเปลี่ยนแปลง Requirements ระหว่างทาง,ปัญหาในการเก็บ Requirements (เช่น Requirement ไม่สมบูรณ์ ไม่ถูกต้อง),,,,,เคยใช้ในอดีต (แต่ปัจจุบันไม่ได้ใช้),,ใช้อยู่ในปัจจุบัน,วางแผนจะใช้ในอนาคต,,,,ใช้อยู่ในปัจจุบัน,,,,,,เคยใช้ในอดีต (แต่ปัจจุบันไม่ได้ใช้),,,,,,,,เคยใช้ในอดีต (แต่ปัจจุบันไม่ได้ใช้),,เคยใช้ในอดีต (แต่ปัจจุบันไม่ได้ใช้),ใช้อยู่ในปัจจุบัน,,,,,,,,,,ใช้ในเฟส Data Understanding,ใช้ในเฟส Data Preparation,ใช้ในเฟส Modelling,,,,,,,,,,ใช้ในเฟส Data Understanding,ใช้ในเฟส Data Preparation,ใช้ในเฟส Modelling,ใช้ในเฟส Evaluation,,,,,,,,,,,,,,,,,,,,,,,,,,,ใช้ในเฟส Data Understanding,ใช้ในเฟส Data Preparation,ใช้ในเฟส Modelling,ใช้ในเฟส Evaluation,ใช้ในเฟส Deployment,,,,,,,,,,,,,,,,,,,,,,,,,,,,,,,,ใช้ในเฟส Data Understanding,ใช้ในเฟส Data Preparation,ใช้ในเฟส Modelling,,,,,,,,,,,,,,,,,,,,,,,,,,,,,,,,,,,,,,,,,,,,,,ใช้ในเฟส Data Understanding,ใช้ในเฟส Data Preparation,ใช้ในเฟส Modelling,ใช้ในเฟส Evaluation,ใช้ในเฟส Deployment,,,,,,,,,ใช้ในเฟส Data Preparation,,,,,ใช้ในเฟส Data Understanding,ใช้ในเฟส Data Preparation,ใช้ในเฟส Modelling,ใช้ในเฟส Evaluation,ใช้ในเฟส Deployment,,,,,,,,,,,,,ไม่ได้ใช้งาน,5,5,4,ไม่ได้ใช้งาน,5,4,ไม่ได้ใช้งาน,ไม่ได้ใช้งาน,5,5,5,ไม่ได้ใช้งาน,ใช้อยู่ในปัจจุบัน,,,,ใช้อยู่ในปัจจุบัน,,,,,ใช้อยู่ในปัจจุบัน,,ใช้อยู่ในปัจจุบัน,ใช้อยู่ในปัจจุบัน,,ใช้อยู่ในปัจจุบัน,ใช้ในเฟส Business Understanding,ใช้ในเฟส Data Understanding,ใช้ในเฟส Data Preparation,ใช้ในเฟส Modelling,ใช้ในเฟส Evaluation,ใช้ในเฟส Deployment,,,,,,,,,,,,,,,,,,,,,ใช้ในเฟส Data Preparation,,,ใช้ในเฟส Deployment,,,,,,,,,,,,,,,,,,,,,,,,,,,,,,ใช้ในเฟส Deployment,,,,,,,,,,,,ใช้ในเฟส Deployment,,,,,,ใช้ในเฟส Deployment,,,,,,,,,,,,ใช้ในเฟส Deployment,,,,,,ลดปัญหาก่อนที่จะส่งมอบให้ลูกค้า,โค้ดอ่านง่ายและเป็นระเบียบ,ส่งต่อโครงการได้ง่าย,,แปลง business requirement เป็น code,,
Thailand,114422613219,426838483,2023-09-27 19:09:57,2023-09-27 19:33:24,th,,Thailand,มากกว่า 10 ปี,มากกว่า 10 ปี,ปริญญาตรีหรือเท่าเทียม,อื่นๆ (โปรดระบุ),All of the above,อื่นๆ (โปรดระบุ),Banking,"10,000 - 99,999",ไม่รู้จัก,,,5 - ทำบ่อยที่สุด,5 - ทำบ่อยที่สุด,5 - ทำบ่อยที่สุด,3 - ทำปานกลาง,4 - ทำบ่อย,3 - ทำปานกลาง,5 - พบปัญหาบ่อยมากที่สุด,5 - พบปัญหาบ่อยมากที่สุด,5 - พบปัญหาบ่อยมากที่สุด,2 - พบปัญหาน้อย,4 - พบปัญหาบ่อย,4 - พบปัญหาบ่อย,2 - พบปัญหาน้อย,2 - พบปัญหาน้อย,2 - พบปัญหาน้อย,2 - พบปัญหาน้อย,การที่ไม่มีเอกสารให้ศึกษาระหว่างการดูแลรักษาโครงการ,,,การเปลี่ยนแปลง Requirements ระหว่างทาง,ปัญหาในการเก็บ Requirements (เช่น Requirement ไม่สมบูรณ์ ไม่ถูกต้อง),,,,,,,,,,,,,,,,,,,,,,,,,,,,,ใช้อยู่ในปัจจุบัน,,,,,,,,,,,,,,,,,,,,,,,,,,,,,,,,,,,,,,,,,,,,,,,,,,,,,,,,,,,,,,,,,,,,,,,,,,,,,,,,,,,,,,,,,,,,,,,,,,,,,,,,,,,,,,,,,,,,,,,,,,,,,,,,,,,,,,,,,,,,,,,,,,,,,,,,,,ใช้ในเฟส Data Understanding,ใช้ในเฟส Data Preparation,ใช้ในเฟส Modelling,,,,,,,,,,,,,,,ไม่ได้ใช้งาน,ไม่ได้ใช้งาน,,ไม่ได้ใช้งาน,ไม่ได้ใช้งาน,ไม่ได้ใช้งาน,ไม่ได้ใช้งาน,ไม่ได้ใช้งาน,ไม่ได้ใช้งาน,5,5,5,ไม่ได้ใช้งาน,,,,,,,,,,,,ใช้อยู่ในปัจจุบัน,,,,,,,,,,,,,,,,,,,,,,,,,,,,,,,,,,,,,,,,,,,,,,,,,,,,,,,,,,,,,,,,,,,,,,,,,ใช้ในเฟส Modelling,ใช้ในเฟส Evaluation,ใช้ในเฟส Deployment,,,,,,,,,,,,,,,,,,,,,,เพิ่มประสิทธิภาพในทุกขั้นตอน,,,,,,,,
Thailand,114422529328,426838483,2023-09-27 17:13:17,2023-09-27 17:26:24,th,,Thailand,1-5 ปี,1-5 ปี,ปริญญาเอกหรือเท่าเทียม,Data scientist,,In-house data science/data team,,0 - 9,รู้จักและใช้งาน,CRISP-DM,,5 - ทำบ่อยที่สุด,5 - ทำบ่อยที่สุด,5 - ทำบ่อยที่สุด,5 - ทำบ่อยที่สุด,5 - ทำบ่อยที่สุด,2 - ทำน้อย,5 - พบปัญหาบ่อยมากที่สุด,5 - พบปัญหาบ่อยมากที่สุด,5 - พบปัญหาบ่อยมากที่สุด,5 - พบปัญหาบ่อยมากที่สุด,5 - พบปัญหาบ่อยมากที่สุด,5 - พบปัญหาบ่อยมากที่สุด,5 - พบปัญหาบ่อยมากที่สุด,5 - พบปัญหาบ่อยมากที่สุด,5 - พบปัญหาบ่อยมากที่สุด,5 - พบปัญหาบ่อยมากที่สุด,,มีผู้เกี่ยวข้องในโปรเจคท์จำนวนมาก ทำให้บริหารจัดการลำบาก,ไม่มีการทำ Integration test และ Load test,การเปลี่ยนแปลง Requirements ระหว่างทาง,ปัญหาในการเก็บ Requirements (เช่น Requirement ไม่สมบูรณ์ ไม่ถูกต้อง),ไม่มีการทำ Version control,การดูแลรักษาและการ reuse source code,,เคยใช้ในอดีต (แต่ปัจจุบันไม่ได้ใช้),เคยใช้ในอดีต (แต่ปัจจุบันไม่ได้ใช้),เคยใช้ในอดีต (แต่ปัจจุบันไม่ได้ใช้),ใช้อยู่ในปัจจุบัน,เคยใช้ในอดีต (แต่ปัจจุบันไม่ได้ใช้),ใช้อยู่ในปัจจุบัน,ใช้อยู่ในปัจจุบัน,เคยใช้ในอดีต (แต่ปัจจุบันไม่ได้ใช้),ใช้อยู่ในปัจจุบัน,เคยใช้ในอดีต (แต่ปัจจุบันไม่ได้ใช้),เคยใช้ในอดีต (แต่ปัจจุบันไม่ได้ใช้),เคยใช้ในอดีต (แต่ปัจจุบันไม่ได้ใช้),เคยใช้ในอดีต (แต่ปัจจุบันไม่ได้ใช้),ใช้อยู่ในปัจจุบัน,เคยใช้ในอดีต (แต่ปัจจุบันไม่ได้ใช้),เคยใช้ในอดีต (แต่ปัจจุบันไม่ได้ใช้),เคยใช้ในอดีต (แต่ปัจจุบันไม่ได้ใช้),วางแผนจะใช้ในอนาคต,เคยใช้ในอดีต (แต่ปัจจุบันไม่ได้ใช้),เคยใช้ในอดีต (แต่ปัจจุบันไม่ได้ใช้),เคยใช้ในอดีต (แต่ปัจจุบันไม่ได้ใช้),เคยใช้ในอดีต (แต่ปัจจุบันไม่ได้ใช้),เคยใช้ในอดีต (แต่ปัจจุบันไม่ได้ใช้),เคยใช้ในอดีต (แต่ปัจจุบันไม่ได้ใช้),เคยใช้ในอดีต (แต่ปัจจุบันไม่ได้ใช้),ใช้อยู่ในปัจจุบัน,เคยใช้ในอดีต (แต่ปัจจุบันไม่ได้ใช้),เคยใช้ในอดีต (แต่ปัจจุบันไม่ได้ใช้),,,,ใช้ในเฟส Modelling,,,,,,,,ใช้ในเฟส Deployment,,,ใช้ในเฟส Data Preparation,,,,,,,ใช้ในเฟส Modelling,ใช้ในเฟส Evaluation,,,,,ใช้ในเฟส Modelling,ใช้ในเฟส Evaluation,,,,,ใช้ในเฟส Modelling,ใช้ในเฟส Evaluation,,,,ใช้ในเฟส Data Preparation,,,,,,ใช้ในเฟส Data Preparation,,,,,,,ใช้ในเฟส Modelling,ใช้ในเฟส Evaluation,,,,ใช้ในเฟส Data Preparation,,,,,,ใช้ในเฟส Data Preparation,,,,,,ใช้ในเฟส Data Preparation,,,,,,,ใช้ในเฟส Modelling,,,,ใช้ในเฟส Data Understanding,ใช้ในเฟส Data Preparation,ใช้ในเฟส Modelling,ใช้ในเฟส Evaluation,,,ใช้ในเฟส Data Understanding,ใช้ในเฟส Data Preparation,,,,,,ใช้ในเฟส Data Preparation,ใช้ในเฟส Modelling,,,,ใช้ในเฟส Data Understanding,ใช้ในเฟส Data Preparation,,,,,,,,,,ใช้ในเฟส Business Understanding,,,,,,ใช้ในเฟส Business Understanding,,,,,,ใช้ในเฟส Business Understanding,,,,,,,,ใช้ในเฟส Data Preparation,ใช้ในเฟส Modelling,,,,,ใช้ในเฟส Data Preparation,ใช้ในเฟส Modelling,,,,,,,ใช้ในเฟส Evaluation,,,,,ใช้ในเฟส Modelling,,,,ใช้ในเฟส Data Understanding,ใช้ในเฟส Data Preparation,,,,,,,ใช้ในเฟส Modelling,,,ใช้ในเฟส Business Understanding,ใช้ในเฟส Data Understanding,ใช้ในเฟส Data Preparation,ใช้ในเฟส Modelling,ใช้ในเฟส Evaluation,ใช้ในเฟส Deployment,ไม่ได้ใช้งาน,5,5,5,ไม่ได้ใช้งาน,4,4,4,3,2,4,4,5,วางแผนจะใช้ในอนาคต,ใช้อยู่ในปัจจุบัน,วางแผนจะใช้ในอนาคต,วางแผนจะใช้ในอนาคต,ใช้อยู่ในปัจจุบัน,เคยใช้ในอดีต (แต่ปัจจุบันไม่ได้ใช้),ใช้อยู่ในปัจจุบัน,ใช้อยู่ในปัจจุบัน,วางแผนจะใช้ในอนาคต,วางแผนจะใช้ในอนาคต,วางแผนจะใช้ในอนาคต,ใช้อยู่ในปัจจุบัน,ใช้อยู่ในปัจจุบัน,ใช้อยู่ในปัจจุบัน,ใช้อยู่ในปัจจุบัน,ใช้ในเฟส Business Understanding,ใช้ในเฟส Data Understanding,ใช้ในเฟส Data Preparation,,ใช้ในเฟส Evaluation,,ใช้ในเฟส Business Understanding,,ใช้ในเฟส Data Preparation,,,,ใช้ในเฟส Business Understanding,,,,ใช้ในเฟส Evaluation,,ใช้ในเฟส Business Understanding,,ใช้ในเฟส Data Preparation,ใช้ในเฟส Modelling,,,ใช้ในเฟส Business Understanding,,,ใช้ในเฟส Modelling,ใช้ในเฟส Evaluation,,,,,,,ใช้ในเฟส Deployment,ใช้ในเฟส Business Understanding,ใช้ในเฟส Data Understanding,,,,,ใช้ในเฟส Business Understanding,ใช้ในเฟส Data Understanding,,,,,,,,,ใช้ในเฟส Evaluation,,,,,,ใช้ในเฟส Evaluation,,,,,,ใช้ในเฟส Evaluation,,,,,,ใช้ในเฟส Evaluation,,,,,,ใช้ในเฟส Evaluation,,,,,,ใช้ในเฟส Evaluation,,,,,,,ใช้ในเฟส Deployment,,การได้รับคำแนะนำจากทีม (ในการประชุม stand-up meeting),,,,ลดปัญหาก่อนที่จะส่งมอบให้ลูกค้า,โค้ดอ่านง่ายและเป็นระเบียบ,ส่งต่อโครงการได้ง่าย,,-,,
Thailand,114422327696,426838483,2023-09-27 10:49:27,2023-09-27 10:56:21,th,,Australia,1-5 ปี,6-10 ปี,ปริญญาเอกหรือเท่าเทียม,Data scientist,,In-house data science/data team,,"10,000 - 99,999",ไม่รู้จัก,,,5 - ทำบ่อยที่สุด,4 - ทำบ่อย,5 - ทำบ่อยที่สุด,3 - ทำปานกลาง,4 - ทำบ่อย,0 - ไม่ได้ทำเลย,2 - พบปัญหาน้อย,2 - พบปัญหาน้อย,2 - พบปัญหาน้อย,4 - พบปัญหาบ่อย,2 - พบปัญหาน้อย,4 - พบปัญหาบ่อย,3 - พบปัญหาปานกลาง,3 - พบปัญหาปานกลาง,3 - พบปัญหาปานกลาง,4 - พบปัญหาบ่อย,การที่ไม่มีเอกสารให้ศึกษาระหว่างการดูแลรักษาโครงการ,,ไม่มีการทำ Integration test และ Load test,,,ไม่มีการทำ Version control,,,,ใช้อยู่ในปัจจุบัน,,ใช้อยู่ในปัจจุบัน,,,,,ใช้อยู่ในปัจจุบัน,,,,,,,,,,,,,,เคยใช้ในอดีต (แต่ปัจจุบันไม่ได้ใช้),,,ใช้อยู่ในปัจจุบัน,,เคยใช้ในอดีต (แต่ปัจจุบันไม่ได้ใช้),,,,,,,ใช้ในเฟส Business Understanding,ใช้ในเฟส Data Understanding,ใช้ในเฟส Data Preparation,ใช้ในเฟส Modelling,ใช้ในเฟส Evaluation,ใช้ในเฟส Deployment,,,,,,,,,ใช้ในเฟส Data Preparation,,,,,,,,,,,,,,,,,,,,,,,,,,,,ใช้ในเฟส Business Understanding,ใช้ในเฟส Data Understanding,ใช้ในเฟส Data Preparation,ใช้ในเฟส Modelling,ใช้ในเฟส Evaluation,ใช้ในเฟส Deployment,,,,,,,,,,,,,,,,,,,,,,,,,,,,,,,,,,,,,,,,,,,,,,,,,,,,,,,,,,,,,,,,,,,,,,,,,,,,,,,ใช้ในเฟส Business Understanding,ใช้ในเฟส Data Understanding,ใช้ในเฟส Data Preparation,ใช้ในเฟส Modelling,ใช้ในเฟส Evaluation,ใช้ในเฟส Deployment,,,,,,,,,,,,,ใช้ในเฟส Business Understanding,ใช้ในเฟส Data Understanding,ใช้ในเฟส Data Preparation,,,,,,,,,,ใช้ในเฟส Business Understanding,ใช้ในเฟส Data Understanding,ใช้ในเฟส Data Preparation,ใช้ในเฟส Modelling,ใช้ในเฟส Evaluation,ใช้ในเฟส Deployment,ไม่ได้ใช้งาน,ไม่ได้ใช้งาน,5,ไม่ได้ใช้งาน,ไม่ได้ใช้งาน,5,5,ไม่ได้ใช้งาน,ไม่ได้ใช้งาน,5,5,ไม่ได้ใช้งาน,ไม่ได้ใช้งาน,ใช้อยู่ในปัจจุบัน,ใช้อยู่ในปัจจุบัน,ใช้อยู่ในปัจจุบัน,ใช้อยู่ในปัจจุบัน,ใช้อยู่ในปัจจุบัน,วางแผนจะใช้ในอนาคต,ใช้อยู่ในปัจจุบัน,เคยใช้ในอดีต (แต่ปัจจุบันไม่ได้ใช้),ใช้อยู่ในปัจจุบัน,วางแผนจะใช้ในอนาคต,วางแผนจะใช้ในอนาคต,วางแผนจะใช้ในอนาคต,เคยใช้ในอดีต (แต่ปัจจุบันไม่ได้ใช้),ใช้อยู่ในปัจจุบัน,วางแผนจะใช้ในอนาคต,ใช้ในเฟส Business Understanding,,,,,,ใช้ในเฟส Business Understanding,ใช้ในเฟส Data Understanding,ใช้ในเฟส Data Preparation,ใช้ในเฟส Modelling,ใช้ในเฟส Evaluation,ใช้ในเฟส Deployment,,,,,,ใช้ในเฟส Deployment,,,ใช้ในเฟส Data Preparation,ใช้ในเฟส Modelling,ใช้ในเฟส Evaluation,,,,ใช้ในเฟส Data Preparation,ใช้ในเฟส Modelling,ใช้ในเฟส Evaluation,,,,ใช้ในเฟส Data Preparation,ใช้ในเฟส Modelling,ใช้ในเฟส Evaluation,ใช้ในเฟส Deployment,ใช้ในเฟส Business Understanding,,,,,,ใช้ในเฟส Business Understanding,,,,,,ใช้ในเฟส Business Understanding,,,,,,ใช้ในเฟส Business Understanding,,,,,,,,,,ใช้ในเฟส Evaluation,ใช้ในเฟส Deployment,,,,,ใช้ในเฟส Evaluation,ใช้ในเฟส Deployment,,,,,ใช้ในเฟส Evaluation,ใช้ในเฟส Deployment,ใช้ในเฟส Business Understanding,,,,,,,,,,,,,,,,,,,,,Intellij but on web like databricks,,
Thailand,114422326324,426838483,2023-09-27 10:46:17,2023-09-27 10:49:10,th,,Thailand,1-5 ปี,น้อยกว่า 1 ปี,ปริญญาโทหรือเท่าเทียม,Programmer / Software developer,,อื่นๆ (โปรดระบุ),Research Organization,"1,000 - 9,999",ไม่รู้จัก,,,,,,,,,,,,,,,,,,,,,,,,,,,,,,,,,,,,,,,,,,,,,,,,,,,,,,,,,,,,,,,,,,,,,,,,,,,,,,,,,,,,,,,,,,,,,,,,,,,,,,,,,,,,,,,,,,,,,,,,,,,,,,,,,,,,,,,,,,,,,,,,,,,,,,,,,,,,,,,,,,,,,,,,,,,,,,,,,,,,,,,,,,,,,,,,,,,,,,,,,,,,,,,,,,,,,,,,,,,,,,,,,,,,,,,,,,,,,,,,,,,,,,,,,,,,,,,,,,,,,,,,,,,,,,,,,,,,,,,,,,,,,,,,,,,,,,,,,,,,,,,,,,,,,,,,,,,,,,,,,,,,,,,,,,,,,,,,,,,,,,,,,,,,,,,,
TDP,114496702842,428971457,2023-12-27 22:05:55,2023-12-27 22:15:37,th,,Thailand,น้อยกว่า 1 ปี,น้อยกว่า 1 ปี,ปริญญาตรีหรือเท่าเทียม,Data engineer,,Software house,,10 - 99,ไม่รู้จัก,,,4 - ทำบ่อย,3 - ทำปานกลาง,4 - ทำบ่อย,4 - ทำบ่อย,3 - ทำปานกลาง,3 - ทำปานกลาง,4 - พบปัญหาบ่อย,3 - พบปัญหาปานกลาง,3 - พบปัญหาปานกลาง,2 - พบปัญหาน้อย,2 - พบปัญหาน้อย,3 - พบปัญหาปานกลาง,4 - พบปัญหาบ่อย,2 - พบปัญหาน้อย,3 - พบปัญหาปานกลาง,3 - พบปัญหาปานกลาง,การที่ไม่มีเอกสารให้ศึกษาระหว่างการดูแลรักษาโครงการ,,,การเปลี่ยนแปลง Requirements ระหว่างทาง,ปัญหาในการเก็บ Requirements (เช่น Requirement ไม่สมบูรณ์ ไม่ถูกต้อง),,,,ใช้อยู่ในปัจจุบัน,ใช้อยู่ในปัจจุบัน,ใช้อยู่ในปัจจุบัน,ใช้อยู่ในปัจจุบัน,ใช้อยู่ในปัจจุบัน,ใช้อยู่ในปัจจุบัน,ใช้อยู่ในปัจจุบัน,ใช้อยู่ในปัจจุบัน,ใช้อยู่ในปัจจุบัน,วางแผนจะใช้ในอนาคต,วางแผนจะใช้ในอนาคต,ใช้อยู่ในปัจจุบัน,ใช้อยู่ในปัจจุบัน,ใช้อยู่ในปัจจุบัน,ใช้อยู่ในปัจจุบัน,ใช้ในเฟส Business Understanding,ใช้ในเฟส Data Understanding,,,,,ใช้ในเฟส Business Understanding,ใช้ในเฟส Data Understanding,ใช้ในเฟส Data Preparation,ใช้ในเฟส Modelling,ใช้ในเฟส Evaluation,ใช้ในเฟส Deployment,,,,,,ใช้ในเฟส Deployment,,,ใช้ในเฟส Data Preparation,ใช้ในเฟส Modelling,,,,,ใช้ในเฟส Data Preparation,ใช้ในเฟส Modelling,,,,,ใช้ในเฟส Data Preparation,ใช้ในเฟส Modelling,,,ใช้ในเฟส Business Understanding,ใช้ในเฟส Data Understanding,ใช้ในเฟส Data Preparation,,,,ใช้ในเฟส Business Understanding,ใช้ในเฟส Data Understanding,ใช้ในเฟส Data Preparation,,,,,,,,,,,,,,,,,,ใช้ในเฟส Data Preparation,ใช้ในเฟส Modelling,ใช้ในเฟส Evaluation,,,,,,ใช้ในเฟส Evaluation,ใช้ในเฟส Deployment,,,ใช้ในเฟส Data Preparation,ใช้ในเฟส Modelling,ใช้ในเฟส Evaluation,,,,,,,,,,ใช้ในเฟส Data Preparation,ใช้ในเฟส Modelling,ใช้ในเฟส Evaluation,ใช้ในเฟส Deployment,,,ช่วยให้ทำตามแพลนได้ดีขึ้น,เพิ่มประสิทธิภาพในทุกขั้นตอน,,ลดปัญหาก่อนที่จะส่งมอบให้ลูกค้า,,,,เครื่องมือทำ mock data ที่เขียนโค้ดน้อยที่สุด แต่ให้สิ่งที่ต้องการได้ตรงที่สุด,,,,,,,,,,,,,,,,,,,,,,,,,,,,,,,,,,,,,,,,,,,,,,,,,,,,,,,,,,,,,,,,,,,,,,,,,,,,,,,,,,,,,,,,,,,,,,,,,,,,,,,,,,,,,,,,,,,,,,,,,,,,,,,,,,,,,,,,,,,,,,,,,,,,,,,,,,,,,,,,,,,,,,,,,,,,,,,,,,,,,,,,,,,,,,,,,,,,,,,,,,,,,,,,,,,
TDP,114496279333,428971457,2023-12-26 22:11:09,2023-12-26 22:16:32,th,,Thailand,น้อยกว่า 1 ปี,ไม่มีประสบการณ์,ปริญญาตรีหรือเท่าเทียม,Data analyst,,In-house data science/data team,,"1,000 - 9,999",รู้จักและใช้งาน,CRISP-DM,,5 - ทำบ่อยที่สุด,5 - ทำบ่อยที่สุด,3 - ทำปานกลาง,2 - ทำน้อย,4 - ทำบ่อย,2 - ทำน้อย,2 - พบปัญหาน้อย,3 - พบปัญหาปานกลาง,4 - พบปัญหาบ่อย,4 - พบปัญหาบ่อย,2 - พบปัญหาน้อย,1 - พบปัญหาน้อยที่สุด,2 - พบปัญหาน้อย,3 - พบปัญหาปานกลาง,4 - พบปัญหาบ่อย,4 - พบปัญหาบ่อย,การที่ไม่มีเอกสารให้ศึกษาระหว่างการดูแลรักษาโครงการ,,,,ปัญหาในการเก็บ Requirements (เช่น Requirement ไม่สมบูรณ์ ไม่ถูกต้อง),,,,ใช้อยู่ในปัจจุบัน,เคยใช้ในอดีต (แต่ปัจจุบันไม่ได้ใช้),วางแผนจะใช้ในอนาคต,วางแผนจะใช้ในอนาคต,วางแผนจะใช้ในอนาคต,วางแผนจะใช้ในอนาคต,วางแผนจะใช้ในอนาคต,วางแผนจะใช้ในอนาคต,วางแผนจะใช้ในอนาคต,วางแผนจะใช้ในอนาคต,,วางแผนจะใช้ในอนาคต,วางแผนจะใช้ในอนาคต,วางแผนจะใช้ในอนาคต,วางแผนจะใช้ในอนาคต,,,,,,,,,,,,,,,,,,,,,,,,,,,,,,,,,,,,,,,,,,,,,,,,,,,,,,,,,,,,,,,,,,,,,,,,,,,,,,,,,,,,,,,,,,,,,,,,,,,,,,,,,,,,,,,,,,,,,,,,,,,,,,,,,,,,,,,,,,,,,,,,,,,,,,,,,,,,,,,,,,,,,,,,,,,,,,,,,,,,,,,,,,,,,,,,,,,,,,,,,,,,,,,,,,,,,,,,,,,,,,,,,,,,,,,,,,,,,,,,,,,,,,,,,,,,,,,,,,,,,,,,,,,,,,,,,,,,,,,,,,,,,,,,,,,,,,,,,,,,,,,,,,,,,,,
TDP,114496155558,428971457,2023-12-26 14:53:00,2023-12-26 15:01:57,th,,Thailand,มากกว่า 10 ปี,มากกว่า 10 ปี,ปริญญาโทหรือเท่าเทียม,อื่นๆ (โปรดระบุ),Consultant,Data consultant,,100 - 999,ไม่รู้จัก,,,5 - ทำบ่อยที่สุด,5 - ทำบ่อยที่สุด,5 - ทำบ่อยที่สุด,3 - ทำปานกลาง,4 - ทำบ่อย,4 - ทำบ่อย,4 - พบปัญหาบ่อย,5 - พบปัญหาบ่อยมากที่สุด,3 - พบปัญหาปานกลาง,4 - พบปัญหาบ่อย,3 - พบปัญหาปานกลาง,4 - พบปัญหาบ่อย,4 - พบปัญหาบ่อย,4 - พบปัญหาบ่อย,3 - พบปัญหาปานกลาง,4 - พบปัญหาบ่อย,,,,,,,,,,,,,,,,,,,,,,,,,,,,,,,,,,,,,,,,,,,,,,,,,,,,,,,,,,,,,,,,,,,,,,,,,,,,,,,,,,,,,,,,,,,,,,,,,,,,,,,,,,,,,,,,,,,,,,,,,,,,,,,,,,,,,,,,,,,,,,,,,,,,,,,,,,,,,,,,,,,,,,,,,,,,,,,,,,,,,,,,,,,,,,,,,,,,,,,,,,,,,,,,,,,,,,,,,,,,,,,,,,,,,,,,,,,,,,,,,,,,,,,,,,,,,,,,,,,,,,,,,,,,,,,,,,,,,,,,,,,,,,,,,,,,,,,,,,,,,,,,,,,,,,,,,,,,,,,,,,,,,,,,,,,,,,
TDP,114496143408,428971457,2023-12-26 14:07:43,2023-12-26 14:09:08,th,,Thailand,1-5 ปี,ไม่มีประสบการณ์,ปริญญาตรีหรือเท่าเทียม,Data scientist,,In-house data science/data team,,10 - 99,รู้จักและใช้งาน,CRISP-DM,,,,,,,,,,,,,,,,,,,,,,,,,,,,,,,,,,,,,,,,,,,,,,,,,,,,,,,,,,,,,,,,,,,,,,,,,,,,,,,,,,,,,,,,,,,,,,,,,,,,,,,,,,,,,,,,,,,,,,,,,,,,,,,,,,,,,,,,,,,,,,,,,,,,,,,,,,,,,,,,,,,,,,,,,,,,,,,,,,,,,,,,,,,,,,,,,,,,,,,,,,,,,,,,,,,,,,,,,,,,,,,,,,,,,,,,,,,,,,,,,,,,,,,,,,,,,,,,,,,,,,,,,,,,,,,,,,,,,,,,,,,,,,,,,,,,,,,,,,,,,,,,,,,,,,,,,,,,,,,,,,,,,,,,,,,,,,,,,,,,,,,,,,,,,,,
TDP,114496141943,428971457,2023-12-26 14:01:38,2023-12-26 14:08:32,th,,Thailand,น้อยกว่า 1 ปี,ไม่มีประสบการณ์,ปริญญาโทหรือเท่าเทียม,Data scientist,,Data consultant,,"1,000 - 9,999",รู้จักแต่ไม่ได้ใช้งาน,Microsoft TDSP,,4 - ทำบ่อย,5 - ทำบ่อยที่สุด,5 - ทำบ่อยที่สุด,5 - ทำบ่อยที่สุด,3 - ทำปานกลาง,3 - ทำปานกลาง,4 - พบปัญหาบ่อย,3 - พบปัญหาปานกลาง,5 - พบปัญหาบ่อยมากที่สุด,3 - พบปัญหาปานกลาง,5 - พบปัญหาบ่อยมากที่สุด,5 - พบปัญหาบ่อยมากที่สุด,5 - พบปัญหาบ่อยมากที่สุด,2 - พบปัญหาน้อย,2 - พบปัญหาน้อย,1 - พบปัญหาน้อยที่สุด,การที่ไม่มีเอกสารให้ศึกษาระหว่างการดูแลรักษาโครงการ,มีผู้เกี่ยวข้องในโปรเจคท์จำนวนมาก ทำให้บริหารจัดการลำบาก,,การเปลี่ยนแปลง Requirements ระหว่างทาง,ปัญหาในการเก็บ Requirements (เช่น Requirement ไม่สมบูรณ์ ไม่ถูกต้อง),,การดูแลรักษาและการ reuse source code,,วางแผนจะใช้ในอนาคต,ใช้อยู่ในปัจจุบัน,เคยใช้ในอดีต (แต่ปัจจุบันไม่ได้ใช้),ใช้อยู่ในปัจจุบัน,วางแผนจะใช้ในอนาคต,ใช้อยู่ในปัจจุบัน,เคยใช้ในอดีต (แต่ปัจจุบันไม่ได้ใช้),ใช้อยู่ในปัจจุบัน,ใช้อยู่ในปัจจุบัน,ใช้อยู่ในปัจจุบัน,ใช้อยู่ในปัจจุบัน,เคยใช้ในอดีต (แต่ปัจจุบันไม่ได้ใช้),ใช้อยู่ในปัจจุบัน,ใช้อยู่ในปัจจุบัน,ใช้อยู่ในปัจจุบัน,ใช้ในเฟส Business Understanding,ใช้ในเฟส Data Understanding,ใช้ในเฟส Data Preparation,ใช้ในเฟส Modelling,ใช้ในเฟส Evaluation,ใช้ในเฟส Deployment,ใช้ในเฟส Business Understanding,ใช้ในเฟส Data Understanding,ใช้ในเฟส Data Preparation,ใช้ในเฟส Modelling,ใช้ในเฟส Evaluation,ใช้ในเฟส Deployment,ใช้ในเฟส Business Understanding,ใช้ในเฟส Data Understanding,ใช้ในเฟส Data Preparation,ใช้ในเฟส Modelling,ใช้ในเฟส Evaluation,ใช้ในเฟส Deployment,ใช้ในเฟส Business Understanding,ใช้ในเฟส Data Understanding,ใช้ในเฟส Data Preparation,ใช้ในเฟส Modelling,ใช้ในเฟส Evaluation,ใช้ในเฟส Deployment,ใช้ในเฟส Business Understanding,ใช้ในเฟส Data Understanding,ใช้ในเฟส Data Preparation,ใช้ในเฟส Modelling,ใช้ในเฟส Evaluation,ใช้ในเฟส Deployment,ใช้ในเฟส Business Understanding,ใช้ในเฟส Data Understanding,ใช้ในเฟส Data Preparation,ใช้ในเฟส Modelling,ใช้ในเฟส Evaluation,ใช้ในเฟส Deployment,ใช้ในเฟส Business Understanding,ใช้ในเฟส Data Understanding,ใช้ในเฟส Data Preparation,ใช้ในเฟส Modelling,ใช้ในเฟส Evaluation,ใช้ในเฟส Deployment,ใช้ในเฟส Business Understanding,ใช้ในเฟส Data Understanding,ใช้ในเฟส Data Preparation,ใช้ในเฟส Modelling,ใช้ในเฟส Evaluation,ใช้ในเฟส Deployment,ใช้ในเฟส Business Understanding,ใช้ในเฟส Data Understanding,ใช้ในเฟส Data Preparation,ใช้ในเฟส Modelling,ใช้ในเฟส Evaluation,ใช้ในเฟส Deployment,ใช้ในเฟส Business Understanding,ใช้ในเฟส Data Understanding,ใช้ในเฟส Data Preparation,ใช้ในเฟส Modelling,ใช้ในเฟส Evaluation,ใช้ในเฟส Deployment,ใช้ในเฟส Business Understanding,ใช้ในเฟส Data Understanding,ใช้ในเฟส Data Preparation,ใช้ในเฟส Modelling,ใช้ในเฟส Evaluation,ใช้ในเฟส Deployment,ใช้ในเฟส Business Understanding,ใช้ในเฟส Data Understanding,ใช้ในเฟส Data Preparation,ใช้ในเฟส Modelling,ใช้ในเฟส Evaluation,ใช้ในเฟส Deployment,ใช้ในเฟส Business Understanding,ใช้ในเฟส Data Understanding,ใช้ในเฟส Data Preparation,ใช้ในเฟส Modelling,ใช้ในเฟส Evaluation,ใช้ในเฟส Deployment,ใช้ในเฟส Business Understanding,ใช้ในเฟส Data Understanding,ใช้ในเฟส Data Preparation,ใช้ในเฟส Modelling,ใช้ในเฟส Evaluation,ใช้ในเฟส Deployment,ใช้ในเฟส Business Understanding,ใช้ในเฟส Data Understanding,ใช้ในเฟส Data Preparation,ใช้ในเฟส Modelling,ใช้ในเฟส Evaluation,ใช้ในเฟส Deployment,,,ช่วยให้ทำตามแพลนได้ดีขึ้น,เพิ่มประสิทธิภาพในทุกขั้นตอน,,,โค้ดอ่านง่ายและเป็นระเบียบ,,,Notion แต่ใช้กับ team ได้ พร้อม tracking progress งายได้,,,,,,,,,,,,,,,,,,,,,,,,,,,,,,,,,,,,,,,,,,,,,,,,,,,,,,,,,,,,,,,,,,,,,,,,,,,,,,,,,,,,,,,,,,,,,,,,,,,,,,,,,,,,,,,,,,,,,,,,,,,,,,,,,,,,,,,,,,,,,,,,,,,,,,,,,,,,,,,,,,,,,,,,,,,,,,,,,,,,,,,,,,,,,,,,,,,,,,,,,,,,,,,,,,,
TDP,114496143114,428971457,2023-12-26 14:06:44,2023-12-26 14:08:26,th,,Thailand,1-5 ปี,1-5 ปี,ปริญญาตรีหรือเท่าเทียม,Programmer / Software developer,,In-house data science/data team,,"1,000 - 9,999",ไม่รู้จัก,,,,,,,,,,,,,,,,,,,,,,,,,,,,,,,,,,,,,,,,,,,,,,,,,,,,,,,,,,,,,,,,,,,,,,,,,,,,,,,,,,,,,,,,,,,,,,,,,,,,,,,,,,,,,,,,,,,,,,,,,,,,,,,,,,,,,,,,,,,,,,,,,,,,,,,,,,,,,,,,,,,,,,,,,,,,,,,,,,,,,,,,,,,,,,,,,,,,,,,,,,,,,,,,,,,,,,,,,,,,,,,,,,,,,,,,,,,,,,,,,,,,,,,,,,,,,,,,,,,,,,,,,,,,,,,,,,,,,,,,,,,,,,,,,,,,,,,,,,,,,,,,,,,,,,,,,,,,,,,,,,,,,,,,,,,,,,,,,,,,,,,,,,,,,,,,
TDP,114496138888,428971457,2023-12-26 13:47:39,2023-12-26 13:59:07,th,,Thailand,1-5 ปี,1-5 ปี,ปริญญาตรีหรือเท่าเทียม,Data engineer,,Data consultant,,"1,000 - 9,999",รู้จักและใช้งาน,อื่นๆ (โปรดระบุ),Scrum,3 - ทำปานกลาง,4 - ทำบ่อย,5 - ทำบ่อยที่สุด,3 - ทำปานกลาง,4 - ทำบ่อย,4 - ทำบ่อย,4 - พบปัญหาบ่อย,4 - พบปัญหาบ่อย,5 - พบปัญหาบ่อยมากที่สุด,5 - พบปัญหาบ่อยมากที่สุด,5 - พบปัญหาบ่อยมากที่สุด,4 - พบปัญหาบ่อย,3 - พบปัญหาปานกลาง,4 - พบปัญหาบ่อย,4 - พบปัญหาบ่อย,4 - พบปัญหาบ่อย,การที่ไม่มีเอกสารให้ศึกษาระหว่างการดูแลรักษาโครงการ,มีผู้เกี่ยวข้องในโปรเจคท์จำนวนมาก ทำให้บริหารจัดการลำบาก,ไม่มีการทำ Integration test และ Load test,การเปลี่ยนแปลง Requirements ระหว่างทาง,ปัญหาในการเก็บ Requirements (เช่น Requirement ไม่สมบูรณ์ ไม่ถูกต้อง),,,,ใช้อยู่ในปัจจุบัน,ใช้อยู่ในปัจจุบัน,ใช้อยู่ในปัจจุบัน,ใช้อยู่ในปัจจุบัน,ใช้อยู่ในปัจจุบัน,ใช้อยู่ในปัจจุบัน,เคยใช้ในอดีต (แต่ปัจจุบันไม่ได้ใช้),ใช้อยู่ในปัจจุบัน,เคยใช้ในอดีต (แต่ปัจจุบันไม่ได้ใช้),ใช้อยู่ในปัจจุบัน,ใช้อยู่ในปัจจุบัน,ใช้อยู่ในปัจจุบัน,ใช้อยู่ในปัจจุบัน,เคยใช้ในอดีต (แต่ปัจจุบันไม่ได้ใช้),ใช้อยู่ในปัจจุบัน,ใช้ในเฟส Business Understanding,ใช้ในเฟส Data Understanding,ใช้ในเฟส Data Preparation,ใช้ในเฟส Modelling,ใช้ในเฟส Evaluation,ใช้ในเฟส Deployment,ใช้ในเฟส Business Understanding,ใช้ในเฟส Data Understanding,ใช้ในเฟส Data Preparation,ใช้ในเฟส Modelling,ใช้ในเฟส Evaluation,ใช้ในเฟส Deployment,ใช้ในเฟส Business Understanding,ใช้ในเฟส Data Understanding,ใช้ในเฟส Data Preparation,ใช้ในเฟส Modelling,ใช้ในเฟส Evaluation,ใช้ในเฟส Deployment,,,ใช้ในเฟส Data Preparation,ใช้ในเฟส Modelling,ใช้ในเฟส Evaluation,ใช้ในเฟส Deployment,,,ใช้ในเฟส Data Preparation,ใช้ในเฟส Modelling,ใช้ในเฟส Evaluation,ใช้ในเฟส Deployment,ใช้ในเฟส Business Understanding,,ใช้ในเฟส Data Preparation,ใช้ในเฟส Modelling,ใช้ในเฟส Evaluation,ใช้ในเฟส Deployment,ใช้ในเฟส Business Understanding,ใช้ในเฟส Data Understanding,ใช้ในเฟส Data Preparation,ใช้ในเฟส Modelling,ใช้ในเฟส Evaluation,ใช้ในเฟส Deployment,ใช้ในเฟส Business Understanding,ใช้ในเฟส Data Understanding,ใช้ในเฟส Data Preparation,ใช้ในเฟส Modelling,ใช้ในเฟส Evaluation,ใช้ในเฟส Deployment,,,,,,,,,ใช้ในเฟส Data Preparation,ใช้ในเฟส Modelling,ใช้ในเฟส Evaluation,ใช้ในเฟส Deployment,,,,ใช้ในเฟส Modelling,ใช้ในเฟส Evaluation,,,,,,,ใช้ในเฟส Deployment,,,ใช้ในเฟส Data Preparation,,,,ใช้ในเฟส Business Understanding,ใช้ในเฟส Data Understanding,,,,,,,ใช้ในเฟส Data Preparation,ใช้ในเฟส Modelling,,ใช้ในเฟส Deployment,,การได้รับคำแนะนำจากทีม (ในการประชุม stand-up meeting),ช่วยให้ทำตามแพลนได้ดีขึ้น,เพิ่มประสิทธิภาพในทุกขั้นตอน,เพิ่ม test coverage,ลดปัญหาก่อนที่จะส่งมอบให้ลูกค้า,โค้ดอ่านง่ายและเป็นระเบียบ,ส่งต่อโครงการได้ง่าย,,แพลตฟอร์มเดียวที่สามารถทำ Data Science Workflow ได้ครบ ตั้งแต่การบริหารข้อมูล ไปจนถึงการทำ Data/ML Governance โดยมี UI ทั้ง High Code และ No Code ให้ใช้ ใกล้เคียงสุดตอนนี้คือ Databricks แต่ไม่ค่อยเฟรนด์ลี่กับ SWE เนื่องจากใช้ Jupyter NB ทำงานเป็นหลัก ไม่เหมาะกับการเขียน code ขนาดใหญ่ที่มี module ซับซ้อน รวมถึงการทำงานร่วมกันระหว่างเดฟ และก็ยังไม่มี No Code ใหใช้ และไม่มี option onpremise deployment,,,,,,,,,,,,,,,,,,,,,,,,,,,,,,,,,,,,,,,,,,,,,,,,,,,,,,,,,,,,,,,,,,,,,,,,,,,,,,,,,,,,,,,,,,,,,,,,,,,,,,,,,,,,,,,,,,,,,,,,,,,,,,,,,,,,,,,,,,,,,,,,,,,,,,,,,,,,,,,,,,,,,,,,,,,,,,,,,,,,,,,,,,,,,,,,,,,,,,,,,,,,,,,,,,,
TDP,114496140222,428971457,2023-12-26 13:54:27,2023-12-26 13:55:00,th,,Thailand,6-10 ปี,1-5 ปี,ปริญญาตรีหรือเท่าเทียม,Data scientist,,In-house data science/data team,,10 - 99,รู้จักและใช้งาน,CRISP-DM,,,,,,,,,,,,,,,,,,,,,,,,,,,,,,,,,,,,,,,,,,,,,,,,,,,,,,,,,,,,,,,,,,,,,,,,,,,,,,,,,,,,,,,,,,,,,,,,,,,,,,,,,,,,,,,,,,,,,,,,,,,,,,,,,,,,,,,,,,,,,,,,,,,,,,,,,,,,,,,,,,,,,,,,,,,,,,,,,,,,,,,,,,,,,,,,,,,,,,,,,,,,,,,,,,,,,,,,,,,,,,,,,,,,,,,,,,,,,,,,,,,,,,,,,,,,,,,,,,,,,,,,,,,,,,,,,,,,,,,,,,,,,,,,,,,,,,,,,,,,,,,,,,,,,,,,,,,,,,,,,,,,,,,,,,,,,,,,,,,,,,,,,,,,,,,
TDP,114496139734,428971457,2023-12-26 13:51:51,2023-12-26 13:52:48,th,,Thailand,1-5 ปี,ไม่มีประสบการณ์,ปริญญาตรีหรือเท่าเทียม,Data scientist,,In-house data science/data team,,100 - 999,รู้จักและใช้งาน,CRISP-DM,,,,,,,,,,,,,,,,,,,,,,,,,,,,,,,,,,,,,,,,,,,,,,,,,,,,,,,,,,,,,,,,,,,,,,,,,,,,,,,,,,,,,,,,,,,,,,,,,,,,,,,,,,,,,,,,,,,,,,,,,,,,,,,,,,,,,,,,,,,,,,,,,,,,,,,,,,,,,,,,,,,,,,,,,,,,,,,,,,,,,,,,,,,,,,,,,,,,,,,,,,,,,,,,,,,,,,,,,,,,,,,,,,,,,,,,,,,,,,,,,,,,,,,,,,,,,,,,,,,,,,,,,,,,,,,,,,,,,,,,,,,,,,,,,,,,,,,,,,,,,,,,,,,,,,,,,,,,,,,,,,,,,,,,,,,,,,,,,,,,,,,,,,,,,,,
mTurk,114619419622,431638483,2024-06-09 15:36:06,2024-06-09 15:53:33,en,ยืนยัน,Thailand,1-5 ปี,น้อยกว่า 1 ปี,ปริญญาโทหรือเท่าเทียม,Machine learning engineer,,In-house data science/data team,,10 - 99,ไม่รู้จัก,,,,,,,,,,,,,,,,,,,,,,,,,,,,,,,,,,,,,,,,,,,,,,,,,,,,,,,,,,,,,,,,,,,,,,,,,,,,,,,,,,,,,,,,,,,,,,,,,,,,,,,,,,,,,,,,,,,,,,,,,,,,,,,,,,,,,,,,,,,,,,,,,,,,,,,,,,,,,,,,,,,,,,,,,,,,,,,,,,,,,,,,,,,,,,,,,,,,,,,,,,,,,,,,,,,,,,,,,,,,,,,,,,,,,,,,,,,,,,,,,,,,,,,,,,,,,,,,,,,,,,,,,,,,,,,,,,,,,,,,,,,,,,,,,,,,,,,,,,,,,,,,,,,,,,,,,,,,,,,,,,,,,,,,,,,,,,,,,,,,,,,,,,,,,,,,
mTurk,114618993782,431638483,2024-06-08 13:22:55,2024-06-08 13:31:45,en,ยืนยัน,India,1-5 ปี,6-10 ปี,ปริญญาโทหรือเท่าเทียม,Programmer / Software developer,,Data consultant,,"1,000 - 9,999",รู้จักแต่ไม่ได้ใช้งาน,Microsoft TDSP,,4 - ทำบ่อย,4 - ทำบ่อย,4 - ทำบ่อย,4 - ทำบ่อย,4 - ทำบ่อย,3 - ทำปานกลาง,4 - พบปัญหาบ่อย,2 - พบปัญหาน้อย,2 - พบปัญหาน้อย,3 - พบปัญหาปานกลาง,3 - พบปัญหาปานกลาง,1 - พบปัญหาน้อยที่สุด,4 - พบปัญหาบ่อย,4 - พบปัญหาบ่อย,4 - พบปัญหาบ่อย,4 - พบปัญหาบ่อย,,มีผู้เกี่ยวข้องในโปรเจคท์จำนวนมาก ทำให้บริหารจัดการลำบาก,ไม่มีการทำ Integration test และ Load test,การเปลี่ยนแปลง Requirements ระหว่างทาง,,,การดูแลรักษาและการ reuse source code,,ใช้อยู่ในปัจจุบัน,เคยใช้ในอดีต (แต่ปัจจุบันไม่ได้ใช้),ใช้อยู่ในปัจจุบัน,วางแผนจะใช้ในอนาคต,ใช้อยู่ในปัจจุบัน,ใช้อยู่ในปัจจุบัน,วางแผนจะใช้ในอนาคต,วางแผนจะใช้ในอนาคต,ใช้อยู่ในปัจจุบัน,ใช้อยู่ในปัจจุบัน,วางแผนจะใช้ในอนาคต,ใช้อยู่ในปัจจุบัน,ใช้อยู่ในปัจจุบัน,ใช้อยู่ในปัจจุบัน,ใช้อยู่ในปัจจุบัน,วางแผนจะใช้ในอนาคต,ใช้อยู่ในปัจจุบัน,ใช้อยู่ในปัจจุบัน,เคยใช้ในอดีต (แต่ปัจจุบันไม่ได้ใช้),วางแผนจะใช้ในอนาคต,ใช้อยู่ในปัจจุบัน,วางแผนจะใช้ในอนาคต,เคยใช้ในอดีต (แต่ปัจจุบันไม่ได้ใช้),ใช้อยู่ในปัจจุบัน,ใช้อยู่ในปัจจุบัน,ใช้อยู่ในปัจจุบัน,วางแผนจะใช้ในอนาคต,วางแผนจะใช้ในอนาคต,,,,,,,,,,,,,,,,,,,,,,,,,,,,,,,,,,,,,,,,,,,,,,,,,,,,,,,,,,,,,,,,,,,,,,,,,,,,,,,,,,,,,,,,,,,,,,,,,,,,,,,,,,,,,,,,,,,,,,,,,,,,,,,,,,,,,,,,,,,,,,,,,,,,,,,,,,,,,,,,,,,,,,,,,,,,,,,,,,,,,,,,,,,,,,,,,,,,,,,,,,,,,,,,,,,,,,,,,,,,,,,,,,,,,,,,,,,,,,,,,,,,,,,,,,,,,,,,,,,,,,,,,,,,,,,,,,,,,,,,,,,,,,,,,,,,,,,,,,
mTurk,114618936672,431638483,2024-06-08 10:00:03,2024-06-08 10:07:04,en,ยืนยัน,India,1-5 ปี,1-5 ปี,ปริญญาตรีหรือเท่าเทียม,Data analyst,,Data consultant,,"1,000 - 9,999",รู้จักและใช้งาน,Microsoft TDSP,,4 - ทำบ่อย,5 - ทำบ่อยที่สุด,5 - ทำบ่อยที่สุด,4 - ทำบ่อย,5 - ทำบ่อยที่สุด,0 - ไม่ได้ทำเลย,4 - พบปัญหาบ่อย,0 - ไม่พบปัญหา,1 - พบปัญหาน้อยที่สุด,,3 - พบปัญหาปานกลาง,2 - พบปัญหาน้อย,4 - พบปัญหาบ่อย,0 - ไม่พบปัญหา,5 - พบปัญหาบ่อยมากที่สุด,4 - พบปัญหาบ่อย,,,,การเปลี่ยนแปลง Requirements ระหว่างทาง,,,การดูแลรักษาและการ reuse source code,,เคยใช้ในอดีต (แต่ปัจจุบันไม่ได้ใช้),ใช้อยู่ในปัจจุบัน,ใช้อยู่ในปัจจุบัน,วางแผนจะใช้ในอนาคต,,วางแผนจะใช้ในอนาคต,ใช้อยู่ในปัจจุบัน,วางแผนจะใช้ในอนาคต,เคยใช้ในอดีต (แต่ปัจจุบันไม่ได้ใช้),เคยใช้ในอดีต (แต่ปัจจุบันไม่ได้ใช้),ใช้อยู่ในปัจจุบัน,ใช้อยู่ในปัจจุบัน,ใช้อยู่ในปัจจุบัน,เคยใช้ในอดีต (แต่ปัจจุบันไม่ได้ใช้),เคยใช้ในอดีต (แต่ปัจจุบันไม่ได้ใช้),เคยใช้ในอดีต (แต่ปัจจุบันไม่ได้ใช้),ใช้อยู่ในปัจจุบัน,,ใช้อยู่ในปัจจุบัน,ใช้อยู่ในปัจจุบัน,เคยใช้ในอดีต (แต่ปัจจุบันไม่ได้ใช้),วางแผนจะใช้ในอนาคต,เคยใช้ในอดีต (แต่ปัจจุบันไม่ได้ใช้),เคยใช้ในอดีต (แต่ปัจจุบันไม่ได้ใช้),เคยใช้ในอดีต (แต่ปัจจุบันไม่ได้ใช้),เคยใช้ในอดีต (แต่ปัจจุบันไม่ได้ใช้),ใช้อยู่ในปัจจุบัน,ใช้อยู่ในปัจจุบัน,ใช้ในเฟส Business Understanding,,,,,,,ใช้ในเฟส Data Understanding,,,,,,,ใช้ในเฟส Data Preparation,,,,,,,,,,,,,,,,,,,,,,ใช้ในเฟส Business Understanding,,,,,,,,,,,,ใช้ในเฟส Business Understanding,,,,,,,ใช้ในเฟส Data Understanding,,,,,,,ใช้ในเฟส Data Preparation,,,,,ใช้ในเฟส Data Understanding,ใช้ในเฟส Data Preparation,,,,,,,,,,ใช้ในเฟส Business Understanding,,,,,,ใช้ในเฟส Business Understanding,,,,,,,,ใช้ในเฟส Data Preparation,,,,,,ใช้ในเฟส Data Preparation,,,,,,,,,,ใช้ในเฟส Business Understanding,,,,,,,ใช้ในเฟส Data Understanding,,,,,ใช้ในเฟส Business Understanding,,,,,,,,,,,,ใช้ในเฟส Business Understanding,,,,,,,ใช้ในเฟส Data Understanding,,,,,,,,,ใช้ในเฟส Evaluation,,ใช้ในเฟส Business Understanding,,,,,,,ใช้ในเฟส Data Understanding,,,,,,,ใช้ในเฟส Data Preparation,,,,4,3,5,4,5,5,4,3,4,5,4,5,4,วางแผนจะใช้ในอนาคต,เคยใช้ในอดีต (แต่ปัจจุบันไม่ได้ใช้),เคยใช้ในอดีต (แต่ปัจจุบันไม่ได้ใช้),เคยใช้ในอดีต (แต่ปัจจุบันไม่ได้ใช้),เคยใช้ในอดีต (แต่ปัจจุบันไม่ได้ใช้),เคยใช้ในอดีต (แต่ปัจจุบันไม่ได้ใช้),ใช้อยู่ในปัจจุบัน,เคยใช้ในอดีต (แต่ปัจจุบันไม่ได้ใช้),เคยใช้ในอดีต (แต่ปัจจุบันไม่ได้ใช้),เคยใช้ในอดีต (แต่ปัจจุบันไม่ได้ใช้),เคยใช้ในอดีต (แต่ปัจจุบันไม่ได้ใช้),ใช้อยู่ในปัจจุบัน,เคยใช้ในอดีต (แต่ปัจจุบันไม่ได้ใช้),เคยใช้ในอดีต (แต่ปัจจุบันไม่ได้ใช้),วางแผนจะใช้ในอนาคต,ใช้ในเฟส Business Understanding,,,,,,,ใช้ในเฟส Data Understanding,,,,,ใช้ในเฟส Business Understanding,,,,,,ใช้ในเฟส Business Understanding,,,,,,ใช้ในเฟส Business Understanding,,,,,,,,,,,ใช้ในเฟส Deployment,,ใช้ในเฟส Data Understanding,,,,,ใช้ในเฟส Business Understanding,,,,,,ใช้ในเฟส Business Understanding,,,,,,,ใช้ในเฟส Data Understanding,,,,,ใช้ในเฟส Business Understanding,,,,,,ใช้ในเฟส Business Understanding,,,,,,ใช้ในเฟส Business Understanding,,,,,,,ใช้ในเฟส Data Understanding,,,,,,,ใช้ในเฟส Data Preparation,,,,,การได้รับคำแนะนำจากทีม (ในการประชุม stand-up meeting),,เพิ่มประสิทธิภาพในทุกขั้นตอน,,,,,,SQL TECH CODING ADVANCE,Enter the following code as a completion code in the MTurk task: XSSBLXIDZL,"Yes, I have entered that code on the MTurk website."
mTurk,114618443245,431638483,2024-06-07 20:03:13,2024-06-07 20:13:52,en,ยืนยัน,India,น้อยกว่า 1 ปี,6-10 ปี,ปริญญาตรีหรือเท่าเทียม,Data analyst,,Data consultant,,10 - 99,รู้จักแต่ไม่ได้ใช้งาน,Microsoft TDSP,,5 - ทำบ่อยที่สุด,5 - ทำบ่อยที่สุด,4 - ทำบ่อย,4 - ทำบ่อย,4 - ทำบ่อย,3 - ทำปานกลาง,4 - พบปัญหาบ่อย,2 - พบปัญหาน้อย,5 - พบปัญหาบ่อยมากที่สุด,3 - พบปัญหาปานกลาง,4 - พบปัญหาบ่อย,3 - พบปัญหาปานกลาง,3 - พบปัญหาปานกลาง,4 - พบปัญหาบ่อย,4 - พบปัญหาบ่อย,5 - พบปัญหาบ่อยมากที่สุด,การที่ไม่มีเอกสารให้ศึกษาระหว่างการดูแลรักษาโครงการ,มีผู้เกี่ยวข้องในโปรเจคท์จำนวนมาก ทำให้บริหารจัดการลำบาก,ไม่มีการทำ Integration test และ Load test,การเปลี่ยนแปลง Requirements ระหว่างทาง,ปัญหาในการเก็บ Requirements (เช่น Requirement ไม่สมบูรณ์ ไม่ถูกต้อง),,,,วางแผนจะใช้ในอนาคต,วางแผนจะใช้ในอนาคต,วางแผนจะใช้ในอนาคต,วางแผนจะใช้ในอนาคต,วางแผนจะใช้ในอนาคต,วางแผนจะใช้ในอนาคต,วางแผนจะใช้ในอนาคต,วางแผนจะใช้ในอนาคต,ใช้อยู่ในปัจจุบัน,วางแผนจะใช้ในอนาคต,วางแผนจะใช้ในอนาคต,ใช้อยู่ในปัจจุบัน,วางแผนจะใช้ในอนาคต,วางแผนจะใช้ในอนาคต,วางแผนจะใช้ในอนาคต,วางแผนจะใช้ในอนาคต,วางแผนจะใช้ในอนาคต,วางแผนจะใช้ในอนาคต,วางแผนจะใช้ในอนาคต,วางแผนจะใช้ในอนาคต,วางแผนจะใช้ในอนาคต,วางแผนจะใช้ในอนาคต,วางแผนจะใช้ในอนาคต,วางแผนจะใช้ในอนาคต,วางแผนจะใช้ในอนาคต,ใช้อยู่ในปัจจุบัน,วางแผนจะใช้ในอนาคต,วางแผนจะใช้ในอนาคต,,,,,,,,,,,,,,,,,,,,,,,,,,,,,,,,,,,,,,,,,,,,,,,,,,,,ใช้ในเฟส Modelling,ใช้ในเฟส Evaluation,ใช้ในเฟส Deployment,,,,,,,,,,,,,ใช้ในเฟส Business Understanding,ใช้ในเฟส Data Understanding,ใช้ในเฟส Data Preparation,,ใช้ในเฟส Evaluation,,,,,,,,,,,,,,,,,,,,,,,,,,,,,,,,,,,,,,,,,,,,,,,,,,,,,,,,,,,,,,,,,,,,,,,,,,,,,,,,,ใช้ในเฟส Data Understanding,ใช้ในเฟส Data Preparation,ใช้ในเฟส Modelling,,ใช้ในเฟส Deployment,,,,,,,,,,,,,4,4,5,5,ไม่ได้ใช้งาน,5,5,ไม่ได้ใช้งาน,ไม่ได้ใช้งาน,4,5,4,5,วางแผนจะใช้ในอนาคต,,,ใช้อยู่ในปัจจุบัน,ใช้อยู่ในปัจจุบัน,วางแผนจะใช้ในอนาคต,วางแผนจะใช้ในอนาคต,วางแผนจะใช้ในอนาคต,วางแผนจะใช้ในอนาคต,วางแผนจะใช้ในอนาคต,วางแผนจะใช้ในอนาคต,วางแผนจะใช้ในอนาคต,ใช้อยู่ในปัจจุบัน,วางแผนจะใช้ในอนาคต,วางแผนจะใช้ในอนาคต,,,ใช้ในเฟส Data Preparation,ใช้ในเฟส Modelling,,,,,,,,,,,,,,,,,,,ใช้ในเฟส Evaluation,,,,,ใช้ในเฟส Modelling,,,,,ใช้ในเฟส Data Preparation,ใช้ในเฟส Modelling,,,,ใช้ในเฟส Data Understanding,ใช้ในเฟส Data Preparation,ใช้ในเฟส Modelling,,,,ใช้ในเฟส Data Understanding,ใช้ในเฟส Data Preparation,,,,,,,,ใช้ในเฟส Evaluation,,,,ใช้ในเฟส Data Preparation,ใช้ในเฟส Modelling,,,,,,ใช้ในเฟส Modelling,ใช้ในเฟส Evaluation,ใช้ในเฟส Deployment,,,,,ใช้ในเฟส Evaluation,ใช้ในเฟส Deployment,,,,,ใช้ในเฟส Evaluation,ใช้ในเฟส Deployment,,,,ใช้ในเฟส Modelling,ใช้ในเฟส Evaluation,,,,,ใช้ในเฟส Modelling,,,Nothing,,ช่วยให้ทำตามแพลนได้ดีขึ้น,เพิ่มประสิทธิภาพในทุกขั้นตอน,เพิ่ม test coverage,ลดปัญหาก่อนที่จะส่งมอบให้ลูกค้า,โค้ดอ่านง่ายและเป็นระเบียบ,ส่งต่อโครงการได้ง่าย,,No,Enter the following code as a completion code in the MTurk task: 491DWMPG6Q,"Yes, I have entered that code on the MTurk website."
mTurk,114618331933,431638483,2024-06-07 17:07:14,2024-06-07 17:37:05,en,ยืนยัน,India,มากกว่า 10 ปี,มากกว่า 10 ปี,ปริญญาโทหรือเท่าเทียม,Data engineer,,Data consultant,,"1,000 - 9,999",รู้จักและใช้งาน,Microsoft TDSP,,5 - ทำบ่อยที่สุด,3 - ทำปานกลาง,4 - ทำบ่อย,4 - ทำบ่อย,3 - ทำปานกลาง,3 - ทำปานกลาง,4 - พบปัญหาบ่อย,3 - พบปัญหาปานกลาง,3 - พบปัญหาปานกลาง,4 - พบปัญหาบ่อย,4 - พบปัญหาบ่อย,3 - พบปัญหาปานกลาง,4 - พบปัญหาบ่อย,3 - พบปัญหาปานกลาง,3 - พบปัญหาปานกลาง,3 - พบปัญหาปานกลาง,,,,การเปลี่ยนแปลง Requirements ระหว่างทาง,,ไม่มีการทำ Version control,การดูแลรักษาและการ reuse source code,,เคยใช้ในอดีต (แต่ปัจจุบันไม่ได้ใช้),ใช้อยู่ในปัจจุบัน,เคยใช้ในอดีต (แต่ปัจจุบันไม่ได้ใช้),ใช้อยู่ในปัจจุบัน,วางแผนจะใช้ในอนาคต,ใช้อยู่ในปัจจุบัน,วางแผนจะใช้ในอนาคต,วางแผนจะใช้ในอนาคต,ใช้อยู่ในปัจจุบัน,ใช้อยู่ในปัจจุบัน,วางแผนจะใช้ในอนาคต,วางแผนจะใช้ในอนาคต,วางแผนจะใช้ในอนาคต,ใช้อยู่ในปัจจุบัน,ใช้อยู่ในปัจจุบัน,วางแผนจะใช้ในอนาคต,วางแผนจะใช้ในอนาคต,ใช้อยู่ในปัจจุบัน,ใช้อยู่ในปัจจุบัน,วางแผนจะใช้ในอนาคต,ใช้อยู่ในปัจจุบัน,ใช้อยู่ในปัจจุบัน,ใช้อยู่ในปัจจุบัน,ใช้อยู่ในปัจจุบัน,ใช้อยู่ในปัจจุบัน,ใช้อยู่ในปัจจุบัน,วางแผนจะใช้ในอนาคต,ใช้อยู่ในปัจจุบัน,,,ใช้ในเฟส Data Preparation,,,,,,ใช้ในเฟส Data Preparation,,,,,,ใช้ในเฟส Data Preparation,,,,,,ใช้ในเฟส Data Preparation,,,,,,,,,,,,,ใช้ในเฟส Modelling,ใช้ในเฟส Evaluation,,,,,,,,,,,,,,,ใช้ในเฟส Data Understanding,,ใช้ในเฟส Modelling,,,,,ใช้ในเฟส Data Preparation,ใช้ในเฟส Modelling,,,,,,,,,,,,,,,,,,,,,,,ใช้ในเฟส Data Preparation,ใช้ในเฟส Modelling,,,,,ใช้ในเฟส Data Preparation,,,,,,,,,,,,,,,,,,ใช้ในเฟส Data Preparation,,,,,,ใช้ในเฟส Data Preparation,,,,,,,,,,,,ใช้ในเฟส Data Preparation,,,,,,,,ใช้ในเฟส Evaluation,,,,ใช้ในเฟส Data Preparation,ใช้ในเฟส Modelling,,,,,,,ใช้ในเฟส Evaluation,,,,ใช้ในเฟส Data Preparation,,,,,,ใช้ในเฟส Data Preparation,,,,,,,,,,,,ใช้ในเฟส Data Preparation,,,,1,2,2,2,2,1,1,3,3,3,2,3,4,ใช้อยู่ในปัจจุบัน,ใช้อยู่ในปัจจุบัน,ใช้อยู่ในปัจจุบัน,ใช้อยู่ในปัจจุบัน,ใช้อยู่ในปัจจุบัน,ใช้อยู่ในปัจจุบัน,เคยใช้ในอดีต (แต่ปัจจุบันไม่ได้ใช้),ใช้อยู่ในปัจจุบัน,ใช้อยู่ในปัจจุบัน,ใช้อยู่ในปัจจุบัน,ใช้อยู่ในปัจจุบัน,ใช้อยู่ในปัจจุบัน,ใช้อยู่ในปัจจุบัน,ใช้อยู่ในปัจจุบัน,ใช้อยู่ในปัจจุบัน,ใช้ในเฟส Business Understanding,ใช้ในเฟส Data Understanding,ใช้ในเฟส Data Preparation,ใช้ในเฟส Modelling,,,ใช้ในเฟส Business Understanding,ใช้ในเฟส Data Understanding,ใช้ในเฟส Data Preparation,,,,,,,ใช้ในเฟส Modelling,ใช้ในเฟส Evaluation,ใช้ในเฟส Deployment,,,ใช้ในเฟส Data Preparation,ใช้ในเฟส Modelling,ใช้ในเฟส Evaluation,ใช้ในเฟส Deployment,,,ใช้ในเฟส Data Preparation,ใช้ในเฟส Modelling,,,,ใช้ในเฟส Data Understanding,ใช้ในเฟส Data Preparation,ใช้ในเฟส Modelling,ใช้ในเฟส Evaluation,ใช้ในเฟส Deployment,ใช้ในเฟส Business Understanding,ใช้ในเฟส Data Understanding,ใช้ในเฟส Data Preparation,,,,ใช้ในเฟส Business Understanding,ใช้ในเฟส Data Understanding,,,,,,,ใช้ในเฟส Data Preparation,ใช้ในเฟส Modelling,,,,,,,,ใช้ในเฟส Deployment,,,,,ใช้ในเฟส Evaluation,,,,,,,ใช้ในเฟส Deployment,,,ใช้ในเฟส Data Preparation,ใช้ในเฟส Modelling,ใช้ในเฟส Evaluation,,,,,ใช้ในเฟส Modelling,ใช้ในเฟส Evaluation,,,,ใช้ในเฟส Data Preparation,ใช้ในเฟส Modelling,,,"Test-Driven Development (TDD):    1.Writing tests before writing the corresponding code.  2.Ensuring that the code meets the requirements defined by the tests.    Behavior-Driven Development (BDD)  1.Using natural language descriptions to define the behavior of the application.  2.Tools like Cucumber to bridge the communication gap between developers, testers, and business stakeholders.  3.Code Quality and Maintenance    Code Reviews  1.Regular peer reviews to ensure code quality and knowledge sharing.  2.Using tools like GitHub Pull Requests, GitLab Merge Requests, or Gerrit.",การได้รับคำแนะนำจากทีม (ในการประชุม stand-up meeting),ช่วยให้ทำตามแพลนได้ดีขึ้น,เพิ่มประสิทธิภาพในทุกขั้นตอน,เพิ่ม test coverage,ลดปัญหาก่อนที่จะส่งมอบให้ลูกค้า,,ส่งต่อโครงการได้ง่าย,,"Dream Tool for Data Science: Unified Data Science Ecosystem (UDE)  Overview:  The Unified Data Science Ecosystem (UDE) would be an all-in-one, seamlessly integrated platform designed to address the comprehensive needs of data scientists, data engineers, and machine learning practitioners. This tool would unify the entire data science workflow, from data ingestion and cleaning to model deployment and monitoring, within a single, cohesive interface.    Key Features:  Integrated Data Pipeline Management    Automated ETL Processes: Simplified drag-and-drop interface for designing data pipelines with built-in connectors for popular data sources (databases, APIs, cloud storage).  Real-Time Data Processing: Capabilities for handling streaming data and real-time analytics.  Advanced Data Cleaning and Preprocessing    Smart Suggestions: AI-powered recommendations for data cleaning and preprocessing steps based on dataset characteristics.  Interactive Data Wrangling: Intuitive tools for handling missing values, outliers, and data transformation with visual feedback.  Unified Development Environment    Code and No-Code Options: Support for both traditional coding (Python, R, SQL) and no-code/low-code interfaces for users with different expertise levels.  Collaborative Notebooks: Real-time collaboration features in Jupyter-like notebooks with version control and commenting.  Comprehensive Model Development and Evaluation    Automated Machine Learning (AutoML): Tools to automatically select, train, and tune machine learning models.  Custom Model Support: Flexibility to build and integrate custom models using popular frameworks (TensorFlow, PyTorch, Scikit-learn).  Explainability and Interpretability: Built-in tools for model interpretability and explainability, such as SHAP values and LIME.  Seamless Deployment and Monitoring    One-Click Deployment: Easy deployment to various environments (cloud, on-premises, edge) with minimal configuration.  Continuous Integration/Continuous Deployment (CI/CD): Integrated CI/CD pipelines for model updates and retraining.  Monitoring and Alerting: Real-time monitoring of model performance with alerts for data drift, performance degradation, and anomalies.  End-to-End Security and Compliance    Data Privacy and Governance: Tools for data masking, anonymization, and compliance with regulations like GDPR and CCPA.  Role-Based Access Control (RBAC): Fine-grained access control to ensure data security and integrity.  Knowledge Sharing and Collaboration    Project Management: Features for managing projects, tasks, and timelines within the platform.  Knowledge Repository: Centralized repository for storing and sharing code, models, datasets, and documentation.  Scalability and Performance    Elastic Compute Resources: Automatically scalable resources to handle varying workloads and large datasets.  Optimized Performance: Efficient execution of data processing and model training tasks, leveraging parallel computing and hardware acceleration.    Explanation:  The Unified Data Science Ecosystem (UDE) would revolutionize the data science workflow by providing a single platform that addresses all the challenges faced by data professionals. Current tools often require piecing together multiple disparate solutions, leading to inefficiencies and integration issues. UDE would streamline the entire process, enhance collaboration, ensure data security, and ultimately accelerate the path from data to insights.",Enter the following code as a completion code in the MTurk task: OZS4IQ3CNO,"Yes, I have entered that code on the MTurk website."
mTurk,114618344384,431638483,2024-06-07 17:32:01,2024-06-07 17:35:19,en,ยืนยัน,India,1-5 ปี,น้อยกว่า 1 ปี,ปริญญาโทหรือเท่าเทียม,Data engineer,,Data consultant,,"1,000 - 9,999",รู้จักและใช้งาน,Microsoft TDSP,,5 - ทำบ่อยที่สุด,4 - ทำบ่อย,3 - ทำปานกลาง,4 - ทำบ่อย,5 - ทำบ่อยที่สุด,4 - ทำบ่อย,4 - พบปัญหาบ่อย,3 - พบปัญหาปานกลาง,4 - พบปัญหาบ่อย,,4 - พบปัญหาบ่อย,3 - พบปัญหาปานกลาง,4 - พบปัญหาบ่อย,5 - พบปัญหาบ่อยมากที่สุด,4 - พบปัญหาบ่อย,3 - พบปัญหาปานกลาง,,มีผู้เกี่ยวข้องในโปรเจคท์จำนวนมาก ทำให้บริหารจัดการลำบาก,,การเปลี่ยนแปลง Requirements ระหว่างทาง,ปัญหาในการเก็บ Requirements (เช่น Requirement ไม่สมบูรณ์ ไม่ถูกต้อง),ไม่มีการทำ Version control,,,ใช้อยู่ในปัจจุบัน,วางแผนจะใช้ในอนาคต,ใช้อยู่ในปัจจุบัน,ใช้อยู่ในปัจจุบัน,วางแผนจะใช้ในอนาคต,ใช้อยู่ในปัจจุบัน,วางแผนจะใช้ในอนาคต,ใช้อยู่ในปัจจุบัน,วางแผนจะใช้ในอนาคต,ใช้อยู่ในปัจจุบัน,วางแผนจะใช้ในอนาคต,ใช้อยู่ในปัจจุบัน,วางแผนจะใช้ในอนาคต,ใช้อยู่ในปัจจุบัน,วางแผนจะใช้ในอนาคต,ใช้อยู่ในปัจจุบัน,วางแผนจะใช้ในอนาคต,ใช้อยู่ในปัจจุบัน,วางแผนจะใช้ในอนาคต,ใช้อยู่ในปัจจุบัน,วางแผนจะใช้ในอนาคต,ใช้อยู่ในปัจจุบัน,วางแผนจะใช้ในอนาคต,ใช้อยู่ในปัจจุบัน,ใช้อยู่ในปัจจุบัน,วางแผนจะใช้ในอนาคต,วางแผนจะใช้ในอนาคต,ใช้อยู่ในปัจจุบัน,,,ใช้ในเฟส Data Preparation,,,,,,,,,,,,,ใช้ในเฟส Modelling,,,,,,,ใช้ในเฟส Evaluation,,,,,,,,,,,,,ใช้ในเฟส Deployment,,,,,,,,,,,ใช้ในเฟส Evaluation,,,,,,,,,,,ใช้ในเฟส Modelling,,,,,,,,,,,,,,,,,,,,,,,ใช้ในเฟส Data Preparation,,,,,,,,,,,ใช้ในเฟส Data Understanding,,,,,,,,,,,,,ใช้ในเฟส Data Preparation,,,,,,,,,,,,,ใช้ในเฟส Modelling,,,,,,,,,,,,,ใช้ในเฟส Evaluation,,,,,,,,,,,ใช้ในเฟส Modelling,,,,,ใช้ในเฟส Data Preparation,,,,,,,,,,,,,,,,,ใช้ในเฟส Data Understanding,,,,,4,5,ไม่ได้ใช้งาน,5,4,5,ไม่ได้ใช้งาน,5,3,4,ไม่ได้ใช้งาน,5,4,ใช้อยู่ในปัจจุบัน,วางแผนจะใช้ในอนาคต,ใช้อยู่ในปัจจุบัน,ใช้อยู่ในปัจจุบัน,วางแผนจะใช้ในอนาคต,ใช้อยู่ในปัจจุบัน,วางแผนจะใช้ในอนาคต,ใช้อยู่ในปัจจุบัน,วางแผนจะใช้ในอนาคต,ใช้อยู่ในปัจจุบัน,วางแผนจะใช้ในอนาคต,ใช้อยู่ในปัจจุบัน,วางแผนจะใช้ในอนาคต,ใช้อยู่ในปัจจุบัน,วางแผนจะใช้ในอนาคต,,,,ใช้ในเฟส Modelling,,,,,,,ใช้ในเฟส Evaluation,,,,,,,ใช้ในเฟส Deployment,,,,,ใช้ในเฟส Evaluation,,,,ใช้ในเฟส Data Preparation,,,,,,,ใช้ในเฟส Modelling,,,,,,,ใช้ในเฟส Evaluation,,,,,,,ใช้ในเฟส Deployment,,,,,ใช้ในเฟส Evaluation,,,,,ใช้ในเฟส Modelling,,,,,ใช้ในเฟส Data Preparation,,,,,,,ใช้ในเฟส Modelling,,,,,,,ใช้ในเฟส Evaluation,,,,,,,ใช้ในเฟส Deployment,,,,,ใช้ในเฟส Evaluation,,s the Scrum methodology,,,,,,โค้ดอ่านง่ายและเป็นระเบียบ,,,,,
mTurk,114618302119,431638483,2024-06-07 16:07:33,2024-06-07 16:09:41,en,ยืนยัน,India,6-10 ปี,6-10 ปี,ปริญญาตรีหรือเท่าเทียม,Data engineer,,Data consultant,,"10,000 - 99,999",รู้จักและใช้งาน,Microsoft TDSP,,3 - ทำปานกลาง,,4 - ทำบ่อย,4 - ทำบ่อย,5 - ทำบ่อยที่สุด,4 - ทำบ่อย,3 - พบปัญหาปานกลาง,4 - พบปัญหาบ่อย,4 - พบปัญหาบ่อย,3 - พบปัญหาปานกลาง,3 - พบปัญหาปานกลาง,4 - พบปัญหาบ่อย,4 - พบปัญหาบ่อย,4 - พบปัญหาบ่อย,4 - พบปัญหาบ่อย,4 - พบปัญหาบ่อย,,,ไม่มีการทำ Integration test และ Load test,,,ไม่มีการทำ Version control,,,เคยใช้ในอดีต (แต่ปัจจุบันไม่ได้ใช้),ใช้อยู่ในปัจจุบัน,ใช้อยู่ในปัจจุบัน,เคยใช้ในอดีต (แต่ปัจจุบันไม่ได้ใช้),ใช้อยู่ในปัจจุบัน,ใช้อยู่ในปัจจุบัน,เคยใช้ในอดีต (แต่ปัจจุบันไม่ได้ใช้),เคยใช้ในอดีต (แต่ปัจจุบันไม่ได้ใช้),ใช้อยู่ในปัจจุบัน,ใช้อยู่ในปัจจุบัน,เคยใช้ในอดีต (แต่ปัจจุบันไม่ได้ใช้),วางแผนจะใช้ในอนาคต,ใช้อยู่ในปัจจุบัน,เคยใช้ในอดีต (แต่ปัจจุบันไม่ได้ใช้),ใช้อยู่ในปัจจุบัน,วางแผนจะใช้ในอนาคต,วางแผนจะใช้ในอนาคต,,ใช้อยู่ในปัจจุบัน,ใช้อยู่ในปัจจุบัน,ใช้อยู่ในปัจจุบัน,ใช้อยู่ในปัจจุบัน,เคยใช้ในอดีต (แต่ปัจจุบันไม่ได้ใช้),เคยใช้ในอดีต (แต่ปัจจุบันไม่ได้ใช้),,ใช้อยู่ในปัจจุบัน,ใช้อยู่ในปัจจุบัน,เคยใช้ในอดีต (แต่ปัจจุบันไม่ได้ใช้),,,,,,,,,,,,,,,,,,,,,,,,,,,,,,,,,,,,,,,,,,,,,,,,,,,,,,,,,,,,,,,,,,,,,,,,,,,,,,,,,,,,,,,,,,,,,,,,,,,,,,,,,,,,,,,,,,,,,,,,,,,,,,,,,,,,,,,,,,,,,,,,,,,,,,,,,,,,,,,,,,,,,,,,,,,,,,,,,,,,,,,,,,,,,,,,,,,,,,,,,,,,,,,,,,,,,,,,,,,,,,,,,,,,,,,,,,,,,,,,,,,,,,,,,,,,,,,,,,,,,,,,,,,,,,,,,,,,,,,,,,,,,,,,,,,,,,,,,,
mTurk,114618283065,431638483,2024-06-07 15:28:46,2024-06-07 15:35:34,en,ยืนยัน,India,6-10 ปี,6-10 ปี,ปริญญาโทหรือเท่าเทียม,Project manager,,In-house data science/data team,,"10,000 - 99,999",รู้จักและใช้งาน,Microsoft TDSP,,3 - ทำปานกลาง,2 - ทำน้อย,4 - ทำบ่อย,3 - ทำปานกลาง,3 - ทำปานกลาง,3 - ทำปานกลาง,4 - พบปัญหาบ่อย,3 - พบปัญหาปานกลาง,3 - พบปัญหาปานกลาง,2 - พบปัญหาน้อย,1 - พบปัญหาน้อยที่สุด,2 - พบปัญหาน้อย,1 - พบปัญหาน้อยที่สุด,1 - พบปัญหาน้อยที่สุด,2 - พบปัญหาน้อย,1 - พบปัญหาน้อยที่สุด,,,,การเปลี่ยนแปลง Requirements ระหว่างทาง,,,,,ใช้อยู่ในปัจจุบัน,เคยใช้ในอดีต (แต่ปัจจุบันไม่ได้ใช้),วางแผนจะใช้ในอนาคต,ใช้อยู่ในปัจจุบัน,ใช้อยู่ในปัจจุบัน,วางแผนจะใช้ในอนาคต,เคยใช้ในอดีต (แต่ปัจจุบันไม่ได้ใช้),วางแผนจะใช้ในอนาคต,ใช้อยู่ในปัจจุบัน,ใช้อยู่ในปัจจุบัน,วางแผนจะใช้ในอนาคต,ใช้อยู่ในปัจจุบัน,ใช้อยู่ในปัจจุบัน,เคยใช้ในอดีต (แต่ปัจจุบันไม่ได้ใช้),เคยใช้ในอดีต (แต่ปัจจุบันไม่ได้ใช้),ใช้อยู่ในปัจจุบัน,วางแผนจะใช้ในอนาคต,ใช้อยู่ในปัจจุบัน,เคยใช้ในอดีต (แต่ปัจจุบันไม่ได้ใช้),เคยใช้ในอดีต (แต่ปัจจุบันไม่ได้ใช้),วางแผนจะใช้ในอนาคต,ใช้อยู่ในปัจจุบัน,ใช้อยู่ในปัจจุบัน,วางแผนจะใช้ในอนาคต,ใช้อยู่ในปัจจุบัน,วางแผนจะใช้ในอนาคต,ใช้อยู่ในปัจจุบัน,วางแผนจะใช้ในอนาคต,,,,ใช้ในเฟส Modelling,,,,,,,ใช้ในเฟส Evaluation,,,,,,,,,,,,ใช้ในเฟส Evaluation,,,,,,ใช้ในเฟส Evaluation,,,,,,,,,,,,ใช้ในเฟส Evaluation,,,,,,,,,,,ใช้ในเฟส Modelling,,,,,,ใช้ในเฟส Modelling,,,,,,,,,,,,,ใช้ในเฟส Evaluation,,,,,,,ใช้ในเฟส Deployment,,,,,ใช้ในเฟส Evaluation,,,,,,ใช้ในเฟส Evaluation,ใช้ในเฟส Deployment,,,,,ใช้ในเฟส Evaluation,,,,,,,,,,,,,ใช้ในเฟส Deployment,,,,,ใช้ในเฟส Evaluation,,,,,,ใช้ในเฟส Evaluation,,,,,,,,,,,,ใช้ในเฟส Evaluation,,,,,,,ใช้ในเฟส Deployment,,,,,,,,,,,ใช้ในเฟส Evaluation,,,,,,,,,,,,ใช้ในเฟส Evaluation,,,,,,,,4,3,3,2,2,2,5,3,3,4,2,3,3,ใช้อยู่ในปัจจุบัน,ใช้อยู่ในปัจจุบัน,ใช้อยู่ในปัจจุบัน,ใช้อยู่ในปัจจุบัน,วางแผนจะใช้ในอนาคต,วางแผนจะใช้ในอนาคต,ใช้อยู่ในปัจจุบัน,เคยใช้ในอดีต (แต่ปัจจุบันไม่ได้ใช้),วางแผนจะใช้ในอนาคต,วางแผนจะใช้ในอนาคต,ใช้อยู่ในปัจจุบัน,วางแผนจะใช้ในอนาคต,วางแผนจะใช้ในอนาคต,ใช้อยู่ในปัจจุบัน,วางแผนจะใช้ในอนาคต,,,,ใช้ในเฟส Modelling,,,,,,,ใช้ในเฟส Evaluation,,,,,ใช้ในเฟส Modelling,,,,,,,ใช้ในเฟส Evaluation,,,,,ใช้ในเฟส Modelling,,,,,,,ใช้ในเฟส Evaluation,,,,,ใช้ในเฟส Modelling,,,,,,ใช้ในเฟส Modelling,,,,,,,ใช้ในเฟส Evaluation,,,,,ใช้ในเฟส Modelling,,,,,,,ใช้ในเฟส Evaluation,,,,ใช้ในเฟส Data Preparation,,,,,,,ใช้ในเฟส Modelling,,,,,,,ใช้ในเฟส Evaluation,,,,,ใช้ในเฟส Modelling,,,good,,,,,ลดปัญหาก่อนที่จะส่งมอบให้ลูกค้า,,,,good,Enter the following code as a completion code in the MTurk task: YO1333K84S,"Yes, I have entered that code on the MTurk website."
mTurk,114618282059,431638483,2024-06-07 15:26:53,2024-06-07 15:28:52,en,ยืนยัน,India,1-5 ปี,6-10 ปี,ปริญญาโทหรือเท่าเทียม,Machine learning engineer,,Software house,,10 - 99,รู้จักแต่ไม่ได้ใช้งาน,CRISP-DM,,3 - ทำปานกลาง,2 - ทำน้อย,3 - ทำปานกลาง,4 - ทำบ่อย,5 - ทำบ่อยที่สุด,4 - ทำบ่อย,4 - พบปัญหาบ่อย,3 - พบปัญหาปานกลาง,2 - พบปัญหาน้อย,3 - พบปัญหาปานกลาง,4 - พบปัญหาบ่อย,5 - พบปัญหาบ่อยมากที่สุด,4 - พบปัญหาบ่อย,3 - พบปัญหาปานกลาง,2 - พบปัญหาน้อย,3 - พบปัญหาปานกลาง,,,ไม่มีการทำ Integration test และ Load test,,ปัญหาในการเก็บ Requirements (เช่น Requirement ไม่สมบูรณ์ ไม่ถูกต้อง),,,,ใช้อยู่ในปัจจุบัน,วางแผนจะใช้ในอนาคต,ใช้อยู่ในปัจจุบัน,เคยใช้ในอดีต (แต่ปัจจุบันไม่ได้ใช้),ใช้อยู่ในปัจจุบัน,วางแผนจะใช้ในอนาคต,ใช้อยู่ในปัจจุบัน,ใช้อยู่ในปัจจุบัน,เคยใช้ในอดีต (แต่ปัจจุบันไม่ได้ใช้),ใช้อยู่ในปัจจุบัน,วางแผนจะใช้ในอนาคต,ใช้อยู่ในปัจจุบัน,เคยใช้ในอดีต (แต่ปัจจุบันไม่ได้ใช้),ใช้อยู่ในปัจจุบัน,วางแผนจะใช้ในอนาคต,ใช้อยู่ในปัจจุบัน,วางแผนจะใช้ในอนาคต,ใช้อยู่ในปัจจุบัน,ใช้อยู่ในปัจจุบัน,วางแผนจะใช้ในอนาคต,ใช้อยู่ในปัจจุบัน,เคยใช้ในอดีต (แต่ปัจจุบันไม่ได้ใช้),ใช้อยู่ในปัจจุบัน,วางแผนจะใช้ในอนาคต,ใช้อยู่ในปัจจุบัน,วางแผนจะใช้ในอนาคต,ใช้อยู่ในปัจจุบัน,วางแผนจะใช้ในอนาคต,,,,ใช้ในเฟส Modelling,,,,,,,,,,,ใช้ในเฟส Data Preparation,,,,,,,ใช้ในเฟส Modelling,,,,,,,ใช้ในเฟส Evaluation,,,,,,,,,,,,,ใช้ในเฟส Deployment,,,,,ใช้ในเฟส Evaluation,,,,,ใช้ในเฟส Modelling,,,,,ใช้ในเฟส Data Preparation,,,,,,,,,,,,,ใช้ในเฟส Modelling,,,,,,,ใช้ในเฟส Evaluation,,,,,,,ใช้ในเฟส Deployment,,,,,,,,,,ใช้ในเฟส Modelling,,,,,,,,,,,ใช้ในเฟส Data Preparation,,,,,,,,ใช้ในเฟส Evaluation,,,,,,,,,,,ใช้ในเฟส Modelling,,,,,ใช้ในเฟส Data Preparation,,,,,,,ใช้ในเฟส Modelling,,,,,,,,,,,,,ใช้ในเฟส Evaluation,,,,,,,,,,,ใช้ในเฟส Modelling,,,,,,,,,4,ไม่ได้ใช้งาน,5,4,ไม่ได้ใช้งาน,5,4,ไม่ได้ใช้งาน,5,4,ไม่ได้ใช้งาน,5,4,ใช้อยู่ในปัจจุบัน,เคยใช้ในอดีต (แต่ปัจจุบันไม่ได้ใช้),ใช้อยู่ในปัจจุบัน,วางแผนจะใช้ในอนาคต,ใช้อยู่ในปัจจุบัน,เคยใช้ในอดีต (แต่ปัจจุบันไม่ได้ใช้),ใช้อยู่ในปัจจุบัน,วางแผนจะใช้ในอนาคต,ใช้อยู่ในปัจจุบัน,วางแผนจะใช้ในอนาคต,วางแผนจะใช้ในอนาคต,ใช้อยู่ในปัจจุบัน,วางแผนจะใช้ในอนาคต,ใช้อยู่ในปัจจุบัน,ใช้อยู่ในปัจจุบัน,,,,ใช้ในเฟส Modelling,,,,,ใช้ในเฟส Data Preparation,,,,,ใช้ในเฟส Data Understanding,,,,,,,ใช้ในเฟส Data Preparation,,,,,,,ใช้ในเฟส Modelling,,,,,,,ใช้ในเฟส Evaluation,,,,,,,ใช้ในเฟส Deployment,,,,,ใช้ในเฟส Evaluation,,,,,ใช้ในเฟส Modelling,,,,,ใช้ในเฟส Data Preparation,,,,,,,ใช้ในเฟส Modelling,,,,,,,ใช้ในเฟส Evaluation,,,,,ใช้ในเฟส Modelling,,,,,ใช้ในเฟส Data Preparation,,,,,,,ใช้ในเฟส Modelling,,,"Projects with clear objectives and stable requirements can best use the waterfall method. Less experienced project managers and project teams, as well as teams whose composition changes frequently, may benefit the most from using the waterfall development methodology.",,,เพิ่มประสิทธิภาพในทุกขั้นตอน,เพิ่ม test coverage,,,,,Good,Enter the following code as a completion code in the MTurk task: ZSAXZEG94O,"Yes, I have entered that code on the MTurk website."
mTurk,114618280140,431638483,2024-06-07 15:23:12,2024-06-07 15:28:45,en,ยืนยัน,India,1-5 ปี,1-5 ปี,ปริญญาโทหรือเท่าเทียม,Data engineer,,Software house,,100 - 999,รู้จักและใช้งาน,Microsoft TDSP,,4 - ทำบ่อย,3 - ทำปานกลาง,4 - ทำบ่อย,3 - ทำปานกลาง,4 - ทำบ่อย,3 - ทำปานกลาง,4 - พบปัญหาบ่อย,3 - พบปัญหาปานกลาง,2 - พบปัญหาน้อย,3 - พบปัญหาปานกลาง,4 - พบปัญหาบ่อย,3 - พบปัญหาปานกลาง,4 - พบปัญหาบ่อย,3 - พบปัญหาปานกลาง,4 - พบปัญหาบ่อย,3 - พบปัญหาปานกลาง,,มีผู้เกี่ยวข้องในโปรเจคท์จำนวนมาก ทำให้บริหารจัดการลำบาก,,,,,,,ใช้อยู่ในปัจจุบัน,เคยใช้ในอดีต (แต่ปัจจุบันไม่ได้ใช้),,เคยใช้ในอดีต (แต่ปัจจุบันไม่ได้ใช้),เคยใช้ในอดีต (แต่ปัจจุบันไม่ได้ใช้),ใช้อยู่ในปัจจุบัน,เคยใช้ในอดีต (แต่ปัจจุบันไม่ได้ใช้),ใช้อยู่ในปัจจุบัน,ใช้อยู่ในปัจจุบัน,เคยใช้ในอดีต (แต่ปัจจุบันไม่ได้ใช้),วางแผนจะใช้ในอนาคต,ใช้อยู่ในปัจจุบัน,ใช้อยู่ในปัจจุบัน,ใช้อยู่ในปัจจุบัน,เคยใช้ในอดีต (แต่ปัจจุบันไม่ได้ใช้),เคยใช้ในอดีต (แต่ปัจจุบันไม่ได้ใช้),เคยใช้ในอดีต (แต่ปัจจุบันไม่ได้ใช้),เคยใช้ในอดีต (แต่ปัจจุบันไม่ได้ใช้),ใช้อยู่ในปัจจุบัน,ใช้อยู่ในปัจจุบัน,ใช้อยู่ในปัจจุบัน,ใช้อยู่ในปัจจุบัน,ใช้อยู่ในปัจจุบัน,ใช้อยู่ในปัจจุบัน,เคยใช้ในอดีต (แต่ปัจจุบันไม่ได้ใช้),ใช้อยู่ในปัจจุบัน,เคยใช้ในอดีต (แต่ปัจจุบันไม่ได้ใช้),ใช้อยู่ในปัจจุบัน,,,,,ใช้ในเฟส Evaluation,,,,,ใช้ในเฟส Modelling,,,,,,,,,,,ใช้ในเฟส Data Preparation,,,,,,,ใช้ในเฟส Modelling,,,,,,,ใช้ในเฟส Evaluation,,,,,ใช้ในเฟส Modelling,,,,,,,ใช้ในเฟส Evaluation,,,,,ใช้ในเฟส Modelling,,,,,ใช้ในเฟส Data Preparation,,,,,,,,,,,,,ใช้ในเฟส Modelling,,,,,,ใช้ในเฟส Modelling,,,,,ใช้ในเฟส Data Preparation,,,,,,,ใช้ในเฟส Modelling,,,,,ใช้ในเฟส Data Preparation,,,,,,,ใช้ในเฟส Modelling,,,,,ใช้ในเฟส Data Preparation,,,,,,ใช้ในเฟส Data Preparation,,,,,,,ใช้ในเฟส Modelling,,,,,ใช้ในเฟส Data Preparation,,,,,,,ใช้ในเฟส Modelling,,,,,ใช้ในเฟส Data Preparation,,,,,,,ใช้ในเฟส Modelling,,,,,ใช้ในเฟส Data Preparation,,,,,,,ใช้ในเฟส Modelling,,,,,,,ใช้ในเฟส Evaluation,,,,,ใช้ในเฟส Modelling,,,2,3,2,2,3,4,3,2,3,2,3,2,3,เคยใช้ในอดีต (แต่ปัจจุบันไม่ได้ใช้),เคยใช้ในอดีต (แต่ปัจจุบันไม่ได้ใช้),ใช้อยู่ในปัจจุบัน,วางแผนจะใช้ในอนาคต,ใช้อยู่ในปัจจุบัน,เคยใช้ในอดีต (แต่ปัจจุบันไม่ได้ใช้),ใช้อยู่ในปัจจุบัน,วางแผนจะใช้ในอนาคต,ใช้อยู่ในปัจจุบัน,เคยใช้ในอดีต (แต่ปัจจุบันไม่ได้ใช้),ใช้อยู่ในปัจจุบัน,วางแผนจะใช้ในอนาคต,ใช้อยู่ในปัจจุบัน,เคยใช้ในอดีต (แต่ปัจจุบันไม่ได้ใช้),ใช้อยู่ในปัจจุบัน,,,ใช้ในเฟส Data Preparation,,,,,,,ใช้ในเฟส Modelling,,,,,,,ใช้ในเฟส Evaluation,,,,,,,ใช้ในเฟส Deployment,,,,,ใช้ในเฟส Evaluation,,,,,ใช้ในเฟส Modelling,,,,,,,ใช้ในเฟส Evaluation,,,,,ใช้ในเฟส Modelling,,,,,,,ใช้ในเฟส Evaluation,,,,,,,ใช้ในเฟส Deployment,,,,,ใช้ในเฟส Evaluation,,,,,ใช้ในเฟส Modelling,,,,,,,ใช้ในเฟส Evaluation,,,,,,,ใช้ในเฟส Deployment,,,,,ใช้ในเฟส Evaluation,,good,การได้รับคำแนะนำจากทีม (ในการประชุม stand-up meeting),ช่วยให้ทำตามแพลนได้ดีขึ้น,เพิ่มประสิทธิภาพในทุกขั้นตอน,เพิ่ม test coverage,ลดปัญหาก่อนที่จะส่งมอบให้ลูกค้า,โค้ดอ่านง่ายและเป็นระเบียบ,ส่งต่อโครงการได้ง่าย,,good,Enter the following code as a completion code in the MTurk task: UW97PXJ9BT,"Yes, I have entered that code on the MTurk website."
mTurk,114618279861,431638483,2024-06-07 15:22:40,2024-06-07 15:28:37,en,ยืนยัน,India,1-5 ปี,1-5 ปี,ปริญญาโทหรือเท่าเทียม,Data analyst,,Software house,,"1,000 - 9,999",รู้จักและใช้งาน,Microsoft TDSP,,3 - ทำปานกลาง,4 - ทำบ่อย,5 - ทำบ่อยที่สุด,4 - ทำบ่อย,3 - ทำปานกลาง,4 - ทำบ่อย,2 - พบปัญหาน้อย,3 - พบปัญหาปานกลาง,4 - พบปัญหาบ่อย,3 - พบปัญหาปานกลาง,2 - พบปัญหาน้อย,3 - พบปัญหาปานกลาง,4 - พบปัญหาบ่อย,3 - พบปัญหาปานกลาง,2 - พบปัญหาน้อย,4 - พบปัญหาบ่อย,,มีผู้เกี่ยวข้องในโปรเจคท์จำนวนมาก ทำให้บริหารจัดการลำบาก,,การเปลี่ยนแปลง Requirements ระหว่างทาง,ปัญหาในการเก็บ Requirements (เช่น Requirement ไม่สมบูรณ์ ไม่ถูกต้อง),,การดูแลรักษาและการ reuse source code,,ใช้อยู่ในปัจจุบัน,เคยใช้ในอดีต (แต่ปัจจุบันไม่ได้ใช้),ใช้อยู่ในปัจจุบัน,เคยใช้ในอดีต (แต่ปัจจุบันไม่ได้ใช้),ใช้อยู่ในปัจจุบัน,ใช้อยู่ในปัจจุบัน,เคยใช้ในอดีต (แต่ปัจจุบันไม่ได้ใช้),เคยใช้ในอดีต (แต่ปัจจุบันไม่ได้ใช้),ใช้อยู่ในปัจจุบัน,เคยใช้ในอดีต (แต่ปัจจุบันไม่ได้ใช้),ใช้อยู่ในปัจจุบัน,เคยใช้ในอดีต (แต่ปัจจุบันไม่ได้ใช้),ใช้อยู่ในปัจจุบัน,เคยใช้ในอดีต (แต่ปัจจุบันไม่ได้ใช้),ใช้อยู่ในปัจจุบัน,เคยใช้ในอดีต (แต่ปัจจุบันไม่ได้ใช้),ใช้อยู่ในปัจจุบัน,เคยใช้ในอดีต (แต่ปัจจุบันไม่ได้ใช้),ใช้อยู่ในปัจจุบัน,วางแผนจะใช้ในอนาคต,ใช้อยู่ในปัจจุบัน,เคยใช้ในอดีต (แต่ปัจจุบันไม่ได้ใช้),ใช้อยู่ในปัจจุบัน,วางแผนจะใช้ในอนาคต,ใช้อยู่ในปัจจุบัน,วางแผนจะใช้ในอนาคต,ใช้อยู่ในปัจจุบัน,วางแผนจะใช้ในอนาคต,,,ใช้ในเฟส Data Preparation,,,,,,,ใช้ในเฟส Modelling,,,,,,,ใช้ในเฟส Evaluation,,,,,,,ใช้ในเฟส Deployment,,,,,ใช้ในเฟส Evaluation,,,,,ใช้ในเฟส Modelling,,,,,ใช้ในเฟส Data Preparation,,,,,,,ใช้ในเฟส Modelling,,,,,,,ใช้ในเฟส Evaluation,,,,,ใช้ในเฟส Modelling,,,,,ใช้ในเฟส Data Preparation,,,,,,,ใช้ในเฟส Modelling,,,,,,,ใช้ในเฟส Evaluation,,,,,ใช้ในเฟส Modelling,,,,,ใช้ในเฟส Data Preparation,,,,,,,ใช้ในเฟส Modelling,,,,,,,ใช้ในเฟส Evaluation,,,ใช้ในเฟส Data Understanding,,,,,ใช้ในเฟส Business Understanding,,,,,,,,,,,,,,,,,,,,ใช้ในเฟส Data Preparation,,,,,,,ใช้ในเฟส Modelling,,,,,,,,,,,,,ใช้ในเฟส Evaluation,,,,,,,,,,,,,ใช้ในเฟส Deployment,,,,,,,5,4,5,ไม่ได้ใช้งาน,4,5,4,5,ไม่ได้ใช้งาน,5,4,5,4,เคยใช้ในอดีต (แต่ปัจจุบันไม่ได้ใช้),ใช้อยู่ในปัจจุบัน,วางแผนจะใช้ในอนาคต,ใช้อยู่ในปัจจุบัน,เคยใช้ในอดีต (แต่ปัจจุบันไม่ได้ใช้),ใช้อยู่ในปัจจุบัน,วางแผนจะใช้ในอนาคต,ใช้อยู่ในปัจจุบัน,เคยใช้ในอดีต (แต่ปัจจุบันไม่ได้ใช้),วางแผนจะใช้ในอนาคต,ใช้อยู่ในปัจจุบัน,วางแผนจะใช้ในอนาคต,ใช้อยู่ในปัจจุบัน,เคยใช้ในอดีต (แต่ปัจจุบันไม่ได้ใช้),ใช้อยู่ในปัจจุบัน,,,,,ใช้ในเฟส Evaluation,,,ใช้ในเฟส Data Understanding,,,,,,,,ใช้ในเฟส Modelling,,,,,,,ใช้ในเฟส Evaluation,,,,,,,ใช้ในเฟส Deployment,,,ใช้ในเฟส Data Preparation,,,,,,,,ใช้ในเฟส Evaluation,,,,,ใช้ในเฟส Modelling,,,,,,,ใช้ในเฟส Evaluation,,,,,,,ใช้ในเฟส Deployment,,,,ใช้ในเฟส Modelling,,,,,ใช้ในเฟส Data Preparation,,,,,,,ใช้ในเฟส Modelling,,,,,,,ใช้ในเฟส Evaluation,,,,,,,ใช้ในเฟส Deployment,good,การได้รับคำแนะนำจากทีม (ในการประชุม stand-up meeting),ช่วยให้ทำตามแพลนได้ดีขึ้น,เพิ่มประสิทธิภาพในทุกขั้นตอน,เพิ่ม test coverage,ลดปัญหาก่อนที่จะส่งมอบให้ลูกค้า,โค้ดอ่านง่ายและเป็นระเบียบ,ส่งต่อโครงการได้ง่าย,,good,Enter the following code as a completion code in the MTurk task: YO1333K84S,"Yes, I have entered that code on the MTurk website."
mTurk,114618279824,431638483,2024-06-07 15:22:39,2024-06-07 15:27:58,en,ยืนยัน,India,6-10 ปี,1-5 ปี,ปริญญาโทหรือเท่าเทียม,Programmer / Software developer,,Software house,,10 - 99,รู้จักแต่ไม่ได้ใช้งาน,Microsoft TDSP,,4 - ทำบ่อย,3 - ทำปานกลาง,4 - ทำบ่อย,5 - ทำบ่อยที่สุด,4 - ทำบ่อย,3 - ทำปานกลาง,3 - พบปัญหาปานกลาง,4 - พบปัญหาบ่อย,5 - พบปัญหาบ่อยมากที่สุด,4 - พบปัญหาบ่อย,3 - พบปัญหาปานกลาง,4 - พบปัญหาบ่อย,5 - พบปัญหาบ่อยมากที่สุด,4 - พบปัญหาบ่อย,3 - พบปัญหาปานกลาง,4 - พบปัญหาบ่อย,,มีผู้เกี่ยวข้องในโปรเจคท์จำนวนมาก ทำให้บริหารจัดการลำบาก,,การเปลี่ยนแปลง Requirements ระหว่างทาง,,,,,ใช้อยู่ในปัจจุบัน,วางแผนจะใช้ในอนาคต,ใช้อยู่ในปัจจุบัน,เคยใช้ในอดีต (แต่ปัจจุบันไม่ได้ใช้),ใช้อยู่ในปัจจุบัน,วางแผนจะใช้ในอนาคต,ใช้อยู่ในปัจจุบัน,เคยใช้ในอดีต (แต่ปัจจุบันไม่ได้ใช้),ใช้อยู่ในปัจจุบัน,วางแผนจะใช้ในอนาคต,ใช้อยู่ในปัจจุบัน,เคยใช้ในอดีต (แต่ปัจจุบันไม่ได้ใช้),ใช้อยู่ในปัจจุบัน,วางแผนจะใช้ในอนาคต,เคยใช้ในอดีต (แต่ปัจจุบันไม่ได้ใช้),ใช้อยู่ในปัจจุบัน,วางแผนจะใช้ในอนาคต,ใช้อยู่ในปัจจุบัน,เคยใช้ในอดีต (แต่ปัจจุบันไม่ได้ใช้),ใช้อยู่ในปัจจุบัน,วางแผนจะใช้ในอนาคต,ใช้อยู่ในปัจจุบัน,เคยใช้ในอดีต (แต่ปัจจุบันไม่ได้ใช้),ใช้อยู่ในปัจจุบัน,วางแผนจะใช้ในอนาคต,ใช้อยู่ในปัจจุบัน,เคยใช้ในอดีต (แต่ปัจจุบันไม่ได้ใช้),ใช้อยู่ในปัจจุบัน,,,,ใช้ในเฟส Modelling,,,,,,,,,,,ใช้ในเฟส Data Preparation,,,,,,,ใช้ในเฟส Modelling,,,,,,,ใช้ในเฟส Evaluation,,,,,,,,,,,ใช้ในเฟส Modelling,,,,,ใช้ในเฟส Data Preparation,,,,,ใช้ในเฟส Data Understanding,,,,,,,,,,,,,,,ใช้ในเฟส Evaluation,,,,,ใช้ในเฟส Modelling,,,,,,,,ใช้ในเฟส Deployment,,,,,,,,,,ใช้ในเฟส Modelling,,,,,ใช้ในเฟส Data Preparation,,,,,,,,,,,ใช้ในเฟส Data Understanding,,,,,,,ใช้ในเฟส Data Preparation,,,,,,,ใช้ในเฟส Modelling,,,,,,,,,,,,,ใช้ในเฟส Evaluation,,,,,,,ใช้ในเฟส Deployment,,,,,ใช้ในเฟส Evaluation,,,,,,,,,,,ใช้ในเฟส Modelling,,,,,ใช้ในเฟส Data Preparation,,,,,ใช้ในเฟส Data Understanding,,,,,5,4,ไม่ได้ใช้งาน,5,4,ไม่ได้ใช้งาน,5,4,5,ไม่ได้ใช้งาน,5,4,ไม่ได้ใช้งาน,ใช้อยู่ในปัจจุบัน,วางแผนจะใช้ในอนาคต,ใช้อยู่ในปัจจุบัน,วางแผนจะใช้ในอนาคต,ใช้อยู่ในปัจจุบัน,เคยใช้ในอดีต (แต่ปัจจุบันไม่ได้ใช้),ใช้อยู่ในปัจจุบัน,วางแผนจะใช้ในอนาคต,ใช้อยู่ในปัจจุบัน,วางแผนจะใช้ในอนาคต,ใช้อยู่ในปัจจุบัน,วางแผนจะใช้ในอนาคต,ใช้อยู่ในปัจจุบัน,วางแผนจะใช้ในอนาคต,ใช้อยู่ในปัจจุบัน,,,,ใช้ในเฟส Modelling,,,,,,,ใช้ในเฟส Evaluation,,,,,ใช้ในเฟส Modelling,,,,,ใช้ในเฟส Data Preparation,,,,,,,ใช้ในเฟส Modelling,,,,,,,,ใช้ในเฟส Deployment,,,,,ใช้ในเฟส Evaluation,,,,,ใช้ในเฟส Modelling,,,,,ใช้ในเฟส Data Preparation,,,,,,,ใช้ในเฟส Modelling,,,,,,,ใช้ในเฟส Evaluation,,,,,,,ใช้ในเฟส Deployment,,,,,ใช้ในเฟส Evaluation,,,,,ใช้ในเฟส Modelling,,,,,,ใช้ในเฟส Modelling,,,Test-driven development (TDD) is a development approach where you write tests before writing the actual code. This practice encourages you to think deeply about the expected behaviour of your code and helps you design cleaner and more modular code.,,ช่วยให้ทำตามแพลนได้ดีขึ้น,เพิ่มประสิทธิภาพในทุกขั้นตอน,,,,,,Good,Enter the following code as a completion code in the MTurk task: YO1333K84S,"Yes, I have entered that code on the MTurk website."
mTurk,114618281414,431638483,2024-06-07 15:25:34,2024-06-07 15:27:39,en,ยืนยัน,India,1-5 ปี,1-5 ปี,ปริญญาโทหรือเท่าเทียม,Project manager,,In-house data science/data team,,"10,000 - 99,999",รู้จักและใช้งาน,Microsoft TDSP,,3 - ทำปานกลาง,3 - ทำปานกลาง,2 - ทำน้อย,3 - ทำปานกลาง,3 - ทำปานกลาง,3 - ทำปานกลาง,3 - พบปัญหาปานกลาง,3 - พบปัญหาปานกลาง,2 - พบปัญหาน้อย,2 - พบปัญหาน้อย,1 - พบปัญหาน้อยที่สุด,2 - พบปัญหาน้อย,2 - พบปัญหาน้อย,4 - พบปัญหาบ่อย,3 - พบปัญหาปานกลาง,3 - พบปัญหาปานกลาง,,,,,ปัญหาในการเก็บ Requirements (เช่น Requirement ไม่สมบูรณ์ ไม่ถูกต้อง),,,,ใช้อยู่ในปัจจุบัน,วางแผนจะใช้ในอนาคต,วางแผนจะใช้ในอนาคต,ใช้อยู่ในปัจจุบัน,วางแผนจะใช้ในอนาคต,ใช้อยู่ในปัจจุบัน,ใช้อยู่ในปัจจุบัน,วางแผนจะใช้ในอนาคต,ใช้อยู่ในปัจจุบัน,วางแผนจะใช้ในอนาคต,ใช้อยู่ในปัจจุบัน,วางแผนจะใช้ในอนาคต,ใช้อยู่ในปัจจุบัน,ใช้อยู่ในปัจจุบัน,วางแผนจะใช้ในอนาคต,ใช้อยู่ในปัจจุบัน,ใช้อยู่ในปัจจุบัน,วางแผนจะใช้ในอนาคต,ใช้อยู่ในปัจจุบัน,ใช้อยู่ในปัจจุบัน,วางแผนจะใช้ในอนาคต,ใช้อยู่ในปัจจุบัน,วางแผนจะใช้ในอนาคต,ใช้อยู่ในปัจจุบัน,ใช้อยู่ในปัจจุบัน,วางแผนจะใช้ในอนาคต,วางแผนจะใช้ในอนาคต,ใช้อยู่ในปัจจุบัน,,,,ใช้ในเฟส Modelling,,,,,,,,,,,,,,,,,,,ใช้ในเฟส Evaluation,,,,,,,,,,,,ใช้ในเฟส Evaluation,,,,,,ใช้ในเฟส Evaluation,,,,,,,,,,,,ใช้ในเฟส Evaluation,,,,,,,,,,,,ใช้ในเฟส Evaluation,,,,,,,,,,ใช้ในเฟส Data Preparation,,,,,,ใช้ในเฟส Data Preparation,,,,,,,,,,,,ใช้ในเฟส Data Preparation,,,,,,ใช้ในเฟส Data Preparation,,,,,,,,,,,,ใช้ในเฟส Data Preparation,,,,,,ใช้ในเฟส Data Preparation,,,,,,,,,,,,,ใช้ในเฟส Modelling,,,,,,,,,,,,,ใช้ในเฟส Evaluation,,,,,,ใช้ในเฟส Evaluation,,,,,,,,,,,,,,,,,ใช้ในเฟส Modelling,,,4,3,5,3,3,3,2,2,2,3,2,2,3,ใช้อยู่ในปัจจุบัน,เคยใช้ในอดีต (แต่ปัจจุบันไม่ได้ใช้),ใช้อยู่ในปัจจุบัน,วางแผนจะใช้ในอนาคต,ใช้อยู่ในปัจจุบัน,ใช้อยู่ในปัจจุบัน,วางแผนจะใช้ในอนาคต,ใช้อยู่ในปัจจุบัน,ใช้อยู่ในปัจจุบัน,วางแผนจะใช้ในอนาคต,ใช้อยู่ในปัจจุบัน,ใช้อยู่ในปัจจุบัน,ใช้อยู่ในปัจจุบัน,วางแผนจะใช้ในอนาคต,ใช้อยู่ในปัจจุบัน,,,,ใช้ในเฟส Modelling,,,,,,ใช้ในเฟส Modelling,,,,,,,ใช้ในเฟส Evaluation,,,,,ใช้ในเฟส Modelling,,,,,,ใช้ในเฟส Modelling,,,,,,,ใช้ในเฟส Evaluation,,,,,,ใช้ในเฟส Evaluation,,,,,,,ใช้ในเฟส Deployment,,,,,ใช้ในเฟส Evaluation,,,,,ใช้ในเฟส Modelling,,,,,,ใช้ในเฟส Modelling,,,,,,,ใช้ในเฟส Evaluation,,,,,,ใช้ในเฟส Evaluation,,,,,ใช้ในเฟส Modelling,,,,,,ใช้ในเฟส Modelling,,,good,,,,เพิ่ม test coverage,,,,,good,Enter the following code as a completion code in the MTurk task: UCKC9OI3U5,"Yes, I have entered that code on the MTurk website."
mTurk,114618280201,431638483,2024-06-07 15:23:02,2024-06-07 15:27:35,en,ยืนยัน,India,6-10 ปี,6-10 ปี,ปริญญาโทหรือเท่าเทียม,Project manager,,In-house data science/data team,,100 - 999,รู้จักแต่ไม่ได้ใช้งาน,Microsoft TDSP,,3 - ทำปานกลาง,4 - ทำบ่อย,4 - ทำบ่อย,3 - ทำปานกลาง,3 - ทำปานกลาง,4 - ทำบ่อย,4 - พบปัญหาบ่อย,3 - พบปัญหาปานกลาง,4 - พบปัญหาบ่อย,4 - พบปัญหาบ่อย,3 - พบปัญหาปานกลาง,4 - พบปัญหาบ่อย,4 - พบปัญหาบ่อย,5 - พบปัญหาบ่อยมากที่สุด,5 - พบปัญหาบ่อยมากที่สุด,4 - พบปัญหาบ่อย,,,ไม่มีการทำ Integration test และ Load test,,ปัญหาในการเก็บ Requirements (เช่น Requirement ไม่สมบูรณ์ ไม่ถูกต้อง),,,,ใช้อยู่ในปัจจุบัน,ใช้อยู่ในปัจจุบัน,ใช้อยู่ในปัจจุบัน,เคยใช้ในอดีต (แต่ปัจจุบันไม่ได้ใช้),เคยใช้ในอดีต (แต่ปัจจุบันไม่ได้ใช้),เคยใช้ในอดีต (แต่ปัจจุบันไม่ได้ใช้),เคยใช้ในอดีต (แต่ปัจจุบันไม่ได้ใช้),เคยใช้ในอดีต (แต่ปัจจุบันไม่ได้ใช้),ใช้อยู่ในปัจจุบัน,วางแผนจะใช้ในอนาคต,วางแผนจะใช้ในอนาคต,ใช้อยู่ในปัจจุบัน,เคยใช้ในอดีต (แต่ปัจจุบันไม่ได้ใช้),ใช้อยู่ในปัจจุบัน,ใช้อยู่ในปัจจุบัน,ใช้อยู่ในปัจจุบัน,เคยใช้ในอดีต (แต่ปัจจุบันไม่ได้ใช้),ใช้อยู่ในปัจจุบัน,ใช้อยู่ในปัจจุบัน,เคยใช้ในอดีต (แต่ปัจจุบันไม่ได้ใช้),เคยใช้ในอดีต (แต่ปัจจุบันไม่ได้ใช้),วางแผนจะใช้ในอนาคต,ใช้อยู่ในปัจจุบัน,วางแผนจะใช้ในอนาคต,เคยใช้ในอดีต (แต่ปัจจุบันไม่ได้ใช้),เคยใช้ในอดีต (แต่ปัจจุบันไม่ได้ใช้),ใช้อยู่ในปัจจุบัน,ใช้อยู่ในปัจจุบัน,,ใช้ในเฟส Data Understanding,,,,,,,,ใช้ในเฟส Modelling,,,,,,,,,,,ใช้ในเฟส Data Preparation,,,,ใช้ในเฟส Business Understanding,,,,,,,,,,,,,,ใช้ในเฟส Data Preparation,,,,,ใช้ในเฟส Data Understanding,,,,,,,ใช้ในเฟส Data Preparation,,,,,,,,,,,,,,,,,,,,,,,,,,,,,,ใช้ในเฟส Data Preparation,,,,,,,,,,,ใช้ในเฟส Data Understanding,,,,,,,ใช้ในเฟส Data Preparation,,,,,,,,,,,ใช้ในเฟส Data Understanding,,,,,,,,,,,,,,,ใช้ในเฟส Evaluation,,,,,,,,,,,,,,,,,,,,,ใช้ในเฟส Data Understanding,,ใช้ในเฟส Modelling,,,,,,ใช้ในเฟส Modelling,,,,,,,,,,,,,,,4,3,5,4,4,4,3,5,4,4,4,3,4,ใช้อยู่ในปัจจุบัน,ใช้อยู่ในปัจจุบัน,เคยใช้ในอดีต (แต่ปัจจุบันไม่ได้ใช้),ใช้อยู่ในปัจจุบัน,วางแผนจะใช้ในอนาคต,ใช้อยู่ในปัจจุบัน,เคยใช้ในอดีต (แต่ปัจจุบันไม่ได้ใช้),ใช้อยู่ในปัจจุบัน,ใช้อยู่ในปัจจุบัน,ใช้อยู่ในปัจจุบัน,ใช้อยู่ในปัจจุบัน,เคยใช้ในอดีต (แต่ปัจจุบันไม่ได้ใช้),ใช้อยู่ในปัจจุบัน,ใช้อยู่ในปัจจุบัน,ใช้อยู่ในปัจจุบัน,,,ใช้ในเฟส Data Preparation,,,,,ใช้ในเฟส Data Understanding,,,,,,ใช้ในเฟส Data Understanding,,,,,,,ใช้ในเฟส Data Preparation,,,,,,,ใช้ในเฟส Modelling,,,,,,,,ใช้ในเฟส Deployment,,,ใช้ในเฟส Data Preparation,,,,,ใช้ในเฟส Data Understanding,,,ใช้ในเฟส Evaluation,,,,,,,,,,ใช้ในเฟส Data Preparation,,,,,,,,,,ใช้ในเฟส Business Understanding,,,ใช้ในเฟส Modelling,,,,ใช้ในเฟส Data Understanding,,,,,,,,ใช้ในเฟส Modelling,,,,,,,,,,การได้รับคำแนะนำจากทีม (ในการประชุม stand-up meeting),,เพิ่มประสิทธิภาพในทุกขั้นตอน,,ลดปัญหาก่อนที่จะส่งมอบให้ลูกค้า,,,,To make our process as easy as possible,Enter the following code as a completion code in the MTurk task: OOQCDJ50Z2,"Yes, I have entered that code on the MTurk website."
mTurk,114618280186,431638483,2024-06-07 15:23:06,2024-06-07 15:24:31,en,ยืนยัน,Italy,6-10 ปี,1-5 ปี,ปริญญาโทหรือเท่าเทียม,Programmer / Software developer,,Software house,,10 - 99,รู้จักแต่ไม่ได้ใช้งาน,Microsoft TDSP,,,,,,,,,,,,,,,,,,,,,,,,,,,,,,,,,,,,,,,,,,,,,,,,,,,,,,,,,,,,,,,,,,,,,,,,,,,,,,,,,,,,,,,,,,,,,,,,,,,,,,,,,,,,,,,,,,,,,,,,,,,,,,,,,,,,,,,,,,,,,,,,,,,,,,,,,,,,,,,,,,,,,,,,,,,,,,,,,,,,,,,,,,,,,,,,,,,,,,,,,,,,,,,,,,,,,,,,,,,,,,,,,,,,,,,,,,,,,,,,,,,,,,,,,,,,,,,,,,,,,,,,,,,,,,,,,,,,,,,,,,,,,,,,,,,,,,,,,,,,,,,,,,,,,,,,,,,,,,,,,,,,,,,,,,,,,,,,,,,,,,,,,,,,,,,
Prolific,114625000701,431763303,2024-06-17 15:45:16,2024-06-17 16:05:44,en,ยืนยัน,Portugal,1-5 ปี,1-5 ปี,ปริญญาตรีหรือเท่าเทียม,Programmer / Software developer,,Data consultant,,100 - 999,ไม่รู้จัก,,,4 - ทำบ่อย,4 - ทำบ่อย,2 - ทำน้อย,2 - ทำน้อย,1 - ทำน้อยที่สุด,0 - ไม่ได้ทำเลย,3 - พบปัญหาปานกลาง,2 - พบปัญหาน้อย,3 - พบปัญหาปานกลาง,3 - พบปัญหาปานกลาง,3 - พบปัญหาปานกลาง,3 - พบปัญหาปานกลาง,3 - พบปัญหาปานกลาง,2 - พบปัญหาน้อย,3 - พบปัญหาปานกลาง,3 - พบปัญหาปานกลาง,,,ไม่มีการทำ Integration test และ Load test,,,,,,วางแผนจะใช้ในอนาคต,ใช้อยู่ในปัจจุบัน,ใช้อยู่ในปัจจุบัน,วางแผนจะใช้ในอนาคต,วางแผนจะใช้ในอนาคต,วางแผนจะใช้ในอนาคต,วางแผนจะใช้ในอนาคต,วางแผนจะใช้ในอนาคต,ใช้อยู่ในปัจจุบัน,วางแผนจะใช้ในอนาคต,วางแผนจะใช้ในอนาคต,วางแผนจะใช้ในอนาคต,วางแผนจะใช้ในอนาคต,วางแผนจะใช้ในอนาคต,วางแผนจะใช้ในอนาคต,วางแผนจะใช้ในอนาคต,วางแผนจะใช้ในอนาคต,วางแผนจะใช้ในอนาคต,วางแผนจะใช้ในอนาคต,วางแผนจะใช้ในอนาคต,วางแผนจะใช้ในอนาคต,วางแผนจะใช้ในอนาคต,วางแผนจะใช้ในอนาคต,วางแผนจะใช้ในอนาคต,วางแผนจะใช้ในอนาคต,วางแผนจะใช้ในอนาคต,วางแผนจะใช้ในอนาคต,วางแผนจะใช้ในอนาคต,,,,,,,,,ใช้ในเฟส Data Preparation,,,,,,ใช้ในเฟส Data Preparation,,,,,,,,,,,,,,,,,,,,,,,,,,,,,,,,,,,,,ใช้ในเฟส Modelling,,,,,,,,,,,,,,,,,,,,,,,,,,,,,,,,,,,,,,,,,,,,,,,,,,,,,,,,,,,,,,,,,,,,,,,,,,,,,,,,,,,,,,,,,,,,,,,,,,,,,,,,,,,,,,,,,,,,,3,2,1,ไม่ได้ใช้งาน,4,1,ไม่ได้ใช้งาน,ไม่ได้ใช้งาน,ไม่ได้ใช้งาน,1,1,ไม่ได้ใช้งาน,1,ใช้อยู่ในปัจจุบัน,เคยใช้ในอดีต (แต่ปัจจุบันไม่ได้ใช้),ใช้อยู่ในปัจจุบัน,ใช้อยู่ในปัจจุบัน,เคยใช้ในอดีต (แต่ปัจจุบันไม่ได้ใช้),วางแผนจะใช้ในอนาคต,วางแผนจะใช้ในอนาคต,เคยใช้ในอดีต (แต่ปัจจุบันไม่ได้ใช้),ใช้อยู่ในปัจจุบัน,ใช้อยู่ในปัจจุบัน,ใช้อยู่ในปัจจุบัน,วางแผนจะใช้ในอนาคต,วางแผนจะใช้ในอนาคต,วางแผนจะใช้ในอนาคต,วางแผนจะใช้ในอนาคต,ใช้ในเฟส Business Understanding,ใช้ในเฟส Data Understanding,ใช้ในเฟส Data Preparation,ใช้ในเฟส Modelling,ใช้ในเฟส Evaluation,,ใช้ในเฟส Business Understanding,ใช้ในเฟส Data Understanding,ใช้ในเฟส Data Preparation,ใช้ในเฟส Modelling,ใช้ในเฟส Evaluation,,,,,,ใช้ในเฟส Evaluation,,,,,,ใช้ในเฟส Evaluation,,,,,,ใช้ในเฟส Evaluation,,,,,,,ใช้ในเฟส Deployment,ใช้ในเฟส Business Understanding,,,,,,ใช้ในเฟส Business Understanding,ใช้ในเฟส Data Understanding,,,,,,,,,,,,,,,,,ใช้ในเฟส Business Understanding,ใช้ในเฟส Data Understanding,,,,,,,,,,,,,,,,,,,,,,,,,,,,,,การได้รับคำแนะนำจากทีม (ในการประชุม stand-up meeting),,,,ลดปัญหาก่อนที่จะส่งมอบให้ลูกค้า,,,,"My dream tool for data science would be DataSynth Maestro. It would seamlessly integrate intelligent data generation, automated cleaning, advanced transformation pipelines, interactive visualization, and end-to-end model deployment. This all-in-one platform would enhance efficiency, ensure data quality, and foster collaboration, making complex data science workflows simpler and more effective.",João   e   Micaela   qual é o critério de divisão para os campos name e name2? Será um input que os primeiros 100 carateres serão para o name e os outros 50 para o name2?,"Yes, I have copied the code and submitted in in Prolific."
Prolific,114624984027,431763303,2024-06-17 15:04:27,2024-06-17 15:30:07,en,ยืนยัน,Italy,1-5 ปี,1-5 ปี,ปริญญาโทหรือเท่าเทียม,Programmer / Software developer,,Software house,,10 - 99,ไม่รู้จัก,,,2 - ทำน้อย,4 - ทำบ่อย,5 - ทำบ่อยที่สุด,5 - ทำบ่อยที่สุด,4 - ทำบ่อย,3 - ทำปานกลาง,3 - พบปัญหาปานกลาง,4 - พบปัญหาบ่อย,3 - พบปัญหาปานกลาง,5 - พบปัญหาบ่อยมากที่สุด,5 - พบปัญหาบ่อยมากที่สุด,4 - พบปัญหาบ่อย,2 - พบปัญหาน้อย,4 - พบปัญหาบ่อย,4 - พบปัญหาบ่อย,4 - พบปัญหาบ่อย,การที่ไม่มีเอกสารให้ศึกษาระหว่างการดูแลรักษาโครงการ,,ไม่มีการทำ Integration test และ Load test,,ปัญหาในการเก็บ Requirements (เช่น Requirement ไม่สมบูรณ์ ไม่ถูกต้อง),,,,,,,เคยใช้ในอดีต (แต่ปัจจุบันไม่ได้ใช้),,วางแผนจะใช้ในอนาคต,วางแผนจะใช้ในอนาคต,,ใช้อยู่ในปัจจุบัน,,,,,ใช้อยู่ในปัจจุบัน,,,,ใช้อยู่ในปัจจุบัน,,,เคยใช้ในอดีต (แต่ปัจจุบันไม่ได้ใช้),,เคยใช้ในอดีต (แต่ปัจจุบันไม่ได้ใช้),,,เคยใช้ในอดีต (แต่ปัจจุบันไม่ได้ใช้),วางแผนจะใช้ในอนาคต,ใช้อยู่ในปัจจุบัน,,,,,,,,,,,,,,,,,,,,ใช้ในเฟส Data Understanding,,,,,,,,,,,,,,,,,,,,,,,,,,,,,,,,ใช้ในเฟส Modelling,ใช้ในเฟส Evaluation,,,,,,,,,,,,,,,,,,,,,,,,,,,ใช้ในเฟส Data Understanding,,,,,,,,,,,,,,,,,,,,,,,,ใช้ในเฟส Data Understanding,,,,,,,,,,,,,,,,,,,,,,ใช้ในเฟส Deployment,,,,,,,,ใช้ในเฟส Data Understanding,,,,,,,,,,,,,,,,,ใช้ในเฟส Business Understanding,,,,,,,,,,,,,,ใช้ในเฟส Data Preparation,ใช้ในเฟส Modelling,,,ไม่ได้ใช้งาน,ไม่ได้ใช้งาน,5,4,3,4,ไม่ได้ใช้งาน,ไม่ได้ใช้งาน,3,3,4,ไม่ได้ใช้งาน,3,ใช้อยู่ในปัจจุบัน,เคยใช้ในอดีต (แต่ปัจจุบันไม่ได้ใช้),ใช้อยู่ในปัจจุบัน,,,ใช้อยู่ในปัจจุบัน,เคยใช้ในอดีต (แต่ปัจจุบันไม่ได้ใช้),,,ใช้อยู่ในปัจจุบัน,,,เคยใช้ในอดีต (แต่ปัจจุบันไม่ได้ใช้),,ใช้อยู่ในปัจจุบัน,ใช้ในเฟส Business Understanding,ใช้ในเฟส Data Understanding,ใช้ในเฟส Data Preparation,ใช้ในเฟส Modelling,ใช้ในเฟส Evaluation,,ใช้ในเฟส Business Understanding,,,,,,ใช้ในเฟส Business Understanding,,,,,ใช้ในเฟส Deployment,,,,,,,,,,,,,,,,,,ใช้ในเฟส Deployment,ใช้ในเฟส Business Understanding,,,,,,,,,,,,,,,,,,,,ใช้ในเฟส Data Preparation,ใช้ในเฟส Modelling,,,,,,,,,,,,,,,,,ใช้ในเฟส Data Preparation,ใช้ในเฟส Modelling,,,,,,,,,,,,,,ใช้ในเฟส Deployment,,,ช่วยให้ทำตามแพลนได้ดีขึ้น,,,ลดปัญหาก่อนที่จะส่งมอบให้ลูกค้า,,,,"I'd like a visual tool where it is possible to code the single functions used during the data science process and connect/disconnect them together quickly by just clicking on them inside the tool. For example, I'd like to have three blocks like this: [input data] -> [remove missing values] -> [output data] where the [remove missing values] is a module, written by me, where I can implement different methods to perform the task and I can easily switch between them to see the effect on the output data (in this case, how many rows get removed) operating through a graphic interface.",5fe3792db939ed02b8c1d0f8,"Yes, I have copied the code and submitted in in Prolific."
Prolific,114624980767,431763303,2024-06-17 14:54:57,2024-06-17 15:22:26,en,ยืนยัน,Mexico,1-5 ปี,น้อยกว่า 1 ปี,ปริญญาตรีหรือเท่าเทียม,Data analyst,,In-house data science/data team,,"1,000 - 9,999",ไม่รู้จัก,,,0 - ไม่ได้ทำเลย,0 - ไม่ได้ทำเลย,0 - ไม่ได้ทำเลย,5 - ทำบ่อยที่สุด,5 - ทำบ่อยที่สุด,0 - ไม่ได้ทำเลย,0 - ไม่พบปัญหา,0 - ไม่พบปัญหา,0 - ไม่พบปัญหา,0 - ไม่พบปัญหา,0 - ไม่พบปัญหา,0 - ไม่พบปัญหา,0 - ไม่พบปัญหา,0 - ไม่พบปัญหา,0 - ไม่พบปัญหา,5 - พบปัญหาบ่อยมากที่สุด,การที่ไม่มีเอกสารให้ศึกษาระหว่างการดูแลรักษาโครงการ,,,การเปลี่ยนแปลง Requirements ระหว่างทาง,,,,,,,,,,,,,วางแผนจะใช้ในอนาคต,,,,,,,,,,,,,,,,,,,,,,,,,,,,,,,,,,,,,,,,,,,,,,,,,,,,,,,,,,,,,,,,,,,,,,,,,,,,,,,,,,,,,,,,,,,,,,,,,,,,,,,,,,,,,,,,,,,,,,,,,,,,,,,,,,,,,,,,,,,,,,,,,,,,,,,,,,,,,,,,,,,,,,,,,,,,,,,,,,,,,,,,,,,,ไม่ได้ใช้งาน,ไม่ได้ใช้งาน,ไม่ได้ใช้งาน,ไม่ได้ใช้งาน,ไม่ได้ใช้งาน,4,ไม่ได้ใช้งาน,ไม่ได้ใช้งาน,4,5,5,5,3,,,,,,,,,,,,,,ใช้อยู่ในปัจจุบัน,,,,,,,,,,,,,,,,,,,,,,,,,,,,,,,,,,,,,,,,,,,,,,,,,,,,,,,,,,,,,,,,,,,,,,,,,,,,,,,,,,,ใช้ในเฟส Modelling,ใช้ในเฟส Evaluation,,,,,,,,,,,เพิ่มประสิทธิภาพในทุกขั้นตอน,,,,,,"Probably, my dream tool would be an advanced AI-powered evaluation system that can analyze multiple outputs generated by various models in response to user queries, and determine which results are the most relevant",6024b5a0ca05f21e73014103,"Yes, I have copied the code and submitted in in Prolific."
Prolific,114624979778,431763303,2024-06-17 14:52:21,2024-06-17 15:21:24,en,ยืนยัน,South Africa,น้อยกว่า 1 ปี,น้อยกว่า 1 ปี,ปริญญาโทหรือเท่าเทียม,Project manager,,In-house data science/data team,,100 - 999,รู้จักและใช้งาน,CRISP-DM,,5 - ทำบ่อยที่สุด,5 - ทำบ่อยที่สุด,4 - ทำบ่อย,4 - ทำบ่อย,5 - ทำบ่อยที่สุด,4 - ทำบ่อย,3 - พบปัญหาปานกลาง,2 - พบปัญหาน้อย,2 - พบปัญหาน้อย,3 - พบปัญหาปานกลาง,2 - พบปัญหาน้อย,1 - พบปัญหาน้อยที่สุด,1 - พบปัญหาน้อยที่สุด,,2 - พบปัญหาน้อย,1 - พบปัญหาน้อยที่สุด,การที่ไม่มีเอกสารให้ศึกษาระหว่างการดูแลรักษาโครงการ,มีผู้เกี่ยวข้องในโปรเจคท์จำนวนมาก ทำให้บริหารจัดการลำบาก,,การเปลี่ยนแปลง Requirements ระหว่างทาง,ปัญหาในการเก็บ Requirements (เช่น Requirement ไม่สมบูรณ์ ไม่ถูกต้อง),,การดูแลรักษาและการ reuse source code,,ใช้อยู่ในปัจจุบัน,ใช้อยู่ในปัจจุบัน,ใช้อยู่ในปัจจุบัน,ใช้อยู่ในปัจจุบัน,วางแผนจะใช้ในอนาคต,ใช้อยู่ในปัจจุบัน,,วางแผนจะใช้ในอนาคต,เคยใช้ในอดีต (แต่ปัจจุบันไม่ได้ใช้),ใช้อยู่ในปัจจุบัน,ใช้อยู่ในปัจจุบัน,ใช้อยู่ในปัจจุบัน,ใช้อยู่ในปัจจุบัน,ใช้อยู่ในปัจจุบัน,วางแผนจะใช้ในอนาคต,ใช้อยู่ในปัจจุบัน,เคยใช้ในอดีต (แต่ปัจจุบันไม่ได้ใช้),ใช้อยู่ในปัจจุบัน,ใช้อยู่ในปัจจุบัน,วางแผนจะใช้ในอนาคต,วางแผนจะใช้ในอนาคต,วางแผนจะใช้ในอนาคต,ใช้อยู่ในปัจจุบัน,วางแผนจะใช้ในอนาคต,ใช้อยู่ในปัจจุบัน,เคยใช้ในอดีต (แต่ปัจจุบันไม่ได้ใช้),ใช้อยู่ในปัจจุบัน,ใช้อยู่ในปัจจุบัน,,,,ใช้ในเฟส Modelling,,,,ใช้ในเฟส Data Understanding,,,,,,ใช้ในเฟส Data Understanding,,,,,ใช้ในเฟส Business Understanding,,,,,,,,,,,,,,,,,ใช้ในเฟส Deployment,,,,,,,,,,,,,,,ใช้ในเฟส Data Preparation,,,,ใช้ในเฟส Business Understanding,,,,,,,ใช้ในเฟส Data Understanding,,,,,ใช้ในเฟส Business Understanding,,,,,,ใช้ในเฟส Business Understanding,,,,,,,,,,,ใช้ในเฟส Deployment,,,,,,,ใช้ในเฟส Business Understanding,,,,,,,,,,ใช้ในเฟส Evaluation,,,,,,ใช้ในเฟส Evaluation,,,,,,ใช้ในเฟส Evaluation,,,,,,,,,,,,,,,,,,,,ใช้ในเฟส Business Understanding,,,,,,,,,,,,,ใช้ในเฟส Data Understanding,,,,,,ใช้ในเฟส Data Understanding,,,,,,,,ใช้ในเฟส Modelling,,,,,,ใช้ในเฟส Modelling,,,1,1,1,1,1,3,1,1,1,1,1,2,3,เคยใช้ในอดีต (แต่ปัจจุบันไม่ได้ใช้),ใช้อยู่ในปัจจุบัน,ใช้อยู่ในปัจจุบัน,ใช้อยู่ในปัจจุบัน,ใช้อยู่ในปัจจุบัน,วางแผนจะใช้ในอนาคต,วางแผนจะใช้ในอนาคต,วางแผนจะใช้ในอนาคต,ใช้อยู่ในปัจจุบัน,ใช้อยู่ในปัจจุบัน,ใช้อยู่ในปัจจุบัน,ใช้อยู่ในปัจจุบัน,ใช้อยู่ในปัจจุบัน,ใช้อยู่ในปัจจุบัน,ใช้อยู่ในปัจจุบัน,,,ใช้ในเฟส Data Preparation,,,,ใช้ในเฟส Business Understanding,,,,,,ใช้ในเฟส Business Understanding,,,,,,,ใช้ในเฟส Data Understanding,,,,,,,ใช้ในเฟส Data Preparation,,,,,,,,ใช้ในเฟส Evaluation,,,,,,,,,,,,ใช้ในเฟส Evaluation,,,ใช้ในเฟส Data Understanding,,,,,,ใช้ในเฟส Data Understanding,,,,,,,ใช้ในเฟส Data Preparation,,,,,,,ใช้ในเฟส Modelling,,,,,,ใช้ในเฟส Modelling,,,,,ใช้ในเฟส Data Preparation,,,,,,ใช้ในเฟส Data Preparation,,,,,การได้รับคำแนะนำจากทีม (ในการประชุม stand-up meeting),ช่วยให้ทำตามแพลนได้ดีขึ้น,เพิ่มประสิทธิภาพในทุกขั้นตอน,เพิ่ม test coverage,ลดปัญหาก่อนที่จะส่งมอบให้ลูกค้า,โค้ดอ่านง่ายและเป็นระเบียบ,ส่งต่อโครงการได้ง่าย,,"If I were to dream up a tool for data science, it would be an AI-powered data exploration and feature engineering assistant. This tool would intelligently analyze raw datasets, automatically identifying relevant patterns, correlations, and outliers. It would suggest and generate meaningful features based on the data's inherent characteristics and domain-specific knowledge, significantly reducing the time and effort required for feature engineering. Additionally, it would provide interactive visualizations and intuitive explanations to aid data scientists in understanding and interpreting the data more effectively. Essentially, this dream tool would streamline the initial stages of data preprocessing and exploration, empowering data scientists to focus more on modeling and insights generation.",657eba550381878917c71e4b,"Yes, I have copied the code and submitted in in Prolific."
Prolific,114624979774,431763303,2024-06-17 14:53:22,2024-06-17 15:18:45,en,ยืนยัน,Mexico,1-5 ปี,1-5 ปี,ปริญญาโทหรือเท่าเทียม,Data analyst,,Data consultant,,0 - 9,รู้จักและใช้งาน,อื่นๆ (โปรดระบุ),General model,4 - ทำบ่อย,5 - ทำบ่อยที่สุด,5 - ทำบ่อยที่สุด,4 - ทำบ่อย,4 - ทำบ่อย,4 - ทำบ่อย,3 - พบปัญหาปานกลาง,4 - พบปัญหาบ่อย,4 - พบปัญหาบ่อย,5 - พบปัญหาบ่อยมากที่สุด,5 - พบปัญหาบ่อยมากที่สุด,4 - พบปัญหาบ่อย,3 - พบปัญหาปานกลาง,4 - พบปัญหาบ่อย,2 - พบปัญหาน้อย,4 - พบปัญหาบ่อย,การที่ไม่มีเอกสารให้ศึกษาระหว่างการดูแลรักษาโครงการ,,,,ปัญหาในการเก็บ Requirements (เช่น Requirement ไม่สมบูรณ์ ไม่ถูกต้อง),,การดูแลรักษาและการ reuse source code,,เคยใช้ในอดีต (แต่ปัจจุบันไม่ได้ใช้),ใช้อยู่ในปัจจุบัน,เคยใช้ในอดีต (แต่ปัจจุบันไม่ได้ใช้),ใช้อยู่ในปัจจุบัน,ใช้อยู่ในปัจจุบัน,ใช้อยู่ในปัจจุบัน,วางแผนจะใช้ในอนาคต,วางแผนจะใช้ในอนาคต,ใช้อยู่ในปัจจุบัน,ใช้อยู่ในปัจจุบัน,วางแผนจะใช้ในอนาคต,วางแผนจะใช้ในอนาคต,วางแผนจะใช้ในอนาคต,ใช้อยู่ในปัจจุบัน,ใช้อยู่ในปัจจุบัน,วางแผนจะใช้ในอนาคต,วางแผนจะใช้ในอนาคต,ใช้อยู่ในปัจจุบัน,วางแผนจะใช้ในอนาคต,วางแผนจะใช้ในอนาคต,วางแผนจะใช้ในอนาคต,ใช้อยู่ในปัจจุบัน,วางแผนจะใช้ในอนาคต,วางแผนจะใช้ในอนาคต,วางแผนจะใช้ในอนาคต,ใช้อยู่ในปัจจุบัน,ใช้อยู่ในปัจจุบัน,ใช้อยู่ในปัจจุบัน,,,,,ใช้ในเฟส Evaluation,,,ใช้ในเฟส Data Understanding,ใช้ในเฟส Data Preparation,ใช้ในเฟส Modelling,ใช้ในเฟส Evaluation,ใช้ในเฟส Deployment,,,ใช้ในเฟส Data Preparation,ใช้ในเฟส Modelling,ใช้ในเฟส Evaluation,,ใช้ในเฟส Business Understanding,ใช้ในเฟส Data Understanding,ใช้ในเฟส Data Preparation,ใช้ในเฟส Modelling,ใช้ในเฟส Evaluation,ใช้ในเฟส Deployment,,,,,,ใช้ในเฟส Deployment,,,,ใช้ในเฟส Modelling,ใช้ในเฟส Evaluation,,,,,,,,,,,,,,ใช้ในเฟส Business Understanding,ใช้ในเฟส Data Understanding,ใช้ในเฟส Data Preparation,ใช้ในเฟส Modelling,ใช้ในเฟส Evaluation,ใช้ในเฟส Deployment,,ใช้ในเฟส Data Understanding,ใช้ในเฟส Data Preparation,ใช้ในเฟส Modelling,ใช้ในเฟส Evaluation,,,,,,,,,,,,,,,,,,,,ใช้ในเฟส Business Understanding,ใช้ในเฟส Data Understanding,ใช้ในเฟส Data Preparation,ใช้ในเฟส Modelling,ใช้ในเฟส Evaluation,ใช้ในเฟส Deployment,ใช้ในเฟส Business Understanding,ใช้ในเฟส Data Understanding,ใช้ในเฟส Data Preparation,ใช้ในเฟส Modelling,,,,,,,,,,,,,,,ใช้ในเฟส Business Understanding,ใช้ในเฟส Data Understanding,ใช้ในเฟส Data Preparation,ใช้ในเฟส Modelling,ใช้ในเฟส Evaluation,ใช้ในเฟส Deployment,,,,,,,,,,,,,,,,,,,,,,,,ใช้ในเฟส Deployment,,,,,,,,,,,,,,,,,,,ใช้ในเฟส Business Understanding,ใช้ในเฟส Data Understanding,ใช้ในเฟส Data Preparation,,,,,,,,,ใช้ในเฟส Deployment,,ใช้ในเฟส Data Understanding,,,,,ไม่ได้ใช้งาน,ไม่ได้ใช้งาน,5,4,4,5,3,ไม่ได้ใช้งาน,ไม่ได้ใช้งาน,5,5,5,3,ใช้อยู่ในปัจจุบัน,วางแผนจะใช้ในอนาคต,วางแผนจะใช้ในอนาคต,ใช้อยู่ในปัจจุบัน,วางแผนจะใช้ในอนาคต,ใช้อยู่ในปัจจุบัน,วางแผนจะใช้ในอนาคต,ใช้อยู่ในปัจจุบัน,ใช้อยู่ในปัจจุบัน,ใช้อยู่ในปัจจุบัน,ใช้อยู่ในปัจจุบัน,ใช้อยู่ในปัจจุบัน,ใช้อยู่ในปัจจุบัน,ใช้อยู่ในปัจจุบัน,ใช้อยู่ในปัจจุบัน,ใช้ในเฟส Business Understanding,ใช้ในเฟส Data Understanding,ใช้ในเฟส Data Preparation,ใช้ในเฟส Modelling,ใช้ในเฟส Evaluation,ใช้ในเฟส Deployment,ใช้ในเฟส Business Understanding,ใช้ในเฟส Data Understanding,ใช้ในเฟส Data Preparation,ใช้ในเฟส Modelling,ใช้ในเฟส Evaluation,ใช้ในเฟส Deployment,ใช้ในเฟส Business Understanding,,,,,,ใช้ในเฟส Business Understanding,ใช้ในเฟส Data Understanding,ใช้ในเฟส Data Preparation,ใช้ในเฟส Modelling,,,ใช้ในเฟส Business Understanding,ใช้ในเฟส Data Understanding,ใช้ในเฟส Data Preparation,ใช้ในเฟส Modelling,,,ใช้ในเฟส Business Understanding,ใช้ในเฟส Data Understanding,ใช้ในเฟส Data Preparation,ใช้ในเฟส Modelling,,,,,,,ใช้ในเฟส Evaluation,ใช้ในเฟส Deployment,ใช้ในเฟส Business Understanding,ใช้ในเฟส Data Understanding,ใช้ในเฟส Data Preparation,ใช้ในเฟส Modelling,ใช้ในเฟส Evaluation,,,,,,ใช้ในเฟส Evaluation,,,ใช้ในเฟส Data Understanding,ใช้ในเฟส Data Preparation,ใช้ในเฟส Modelling,ใช้ในเฟส Evaluation,,,,,ใช้ในเฟส Modelling,ใช้ในเฟส Evaluation,ใช้ในเฟส Deployment,,,,ใช้ในเฟส Modelling,ใช้ในเฟส Evaluation,ใช้ในเฟส Deployment,,,ใช้ในเฟส Data Preparation,,,,ใช้ในเฟส Business Understanding,ใช้ในเฟส Data Understanding,ใช้ในเฟส Data Preparation,ใช้ในเฟส Modelling,ใช้ในเฟส Evaluation,,,ใช้ในเฟส Data Understanding,ใช้ในเฟส Data Preparation,ใช้ในเฟส Modelling,ใช้ในเฟส Evaluation,ใช้ในเฟส Deployment,,การได้รับคำแนะนำจากทีม (ในการประชุม stand-up meeting),ช่วยให้ทำตามแพลนได้ดีขึ้น,,,,,ส่งต่อโครงการได้ง่าย,,I dont have any,5f4520ebb012170878012efc,"Yes, I have copied the code and submitted in in Prolific."
Prolific,114624980396,431763303,2024-06-17 14:55:20,2024-06-17 15:07:55,en,ยืนยัน,Italy,มากกว่า 10 ปี,มากกว่า 10 ปี,ปริญญาตรีหรือเท่าเทียม,Programmer / Software developer,,Data consultant,,100 - 999,รู้จักและใช้งาน,Microsoft TDSP,,3 - ทำปานกลาง,2 - ทำน้อย,4 - ทำบ่อย,4 - ทำบ่อย,4 - ทำบ่อย,2 - ทำน้อย,4 - พบปัญหาบ่อย,4 - พบปัญหาบ่อย,3 - พบปัญหาปานกลาง,2 - พบปัญหาน้อย,3 - พบปัญหาปานกลาง,3 - พบปัญหาปานกลาง,4 - พบปัญหาบ่อย,4 - พบปัญหาบ่อย,4 - พบปัญหาบ่อย,4 - พบปัญหาบ่อย,,มีผู้เกี่ยวข้องในโปรเจคท์จำนวนมาก ทำให้บริหารจัดการลำบาก,,,,,,,เคยใช้ในอดีต (แต่ปัจจุบันไม่ได้ใช้),วางแผนจะใช้ในอนาคต,ใช้อยู่ในปัจจุบัน,เคยใช้ในอดีต (แต่ปัจจุบันไม่ได้ใช้),เคยใช้ในอดีต (แต่ปัจจุบันไม่ได้ใช้),วางแผนจะใช้ในอนาคต,เคยใช้ในอดีต (แต่ปัจจุบันไม่ได้ใช้),เคยใช้ในอดีต (แต่ปัจจุบันไม่ได้ใช้),ใช้อยู่ในปัจจุบัน,ใช้อยู่ในปัจจุบัน,เคยใช้ในอดีต (แต่ปัจจุบันไม่ได้ใช้),เคยใช้ในอดีต (แต่ปัจจุบันไม่ได้ใช้),เคยใช้ในอดีต (แต่ปัจจุบันไม่ได้ใช้),เคยใช้ในอดีต (แต่ปัจจุบันไม่ได้ใช้),ใช้อยู่ในปัจจุบัน,เคยใช้ในอดีต (แต่ปัจจุบันไม่ได้ใช้),เคยใช้ในอดีต (แต่ปัจจุบันไม่ได้ใช้),เคยใช้ในอดีต (แต่ปัจจุบันไม่ได้ใช้),เคยใช้ในอดีต (แต่ปัจจุบันไม่ได้ใช้),เคยใช้ในอดีต (แต่ปัจจุบันไม่ได้ใช้),เคยใช้ในอดีต (แต่ปัจจุบันไม่ได้ใช้),เคยใช้ในอดีต (แต่ปัจจุบันไม่ได้ใช้),วางแผนจะใช้ในอนาคต,เคยใช้ในอดีต (แต่ปัจจุบันไม่ได้ใช้),ใช้อยู่ในปัจจุบัน,ใช้อยู่ในปัจจุบัน,เคยใช้ในอดีต (แต่ปัจจุบันไม่ได้ใช้),ใช้อยู่ในปัจจุบัน,ใช้ในเฟส Business Understanding,,,,,,,,,,,,,,,ใช้ในเฟส Modelling,,,ใช้ในเฟส Business Understanding,,,,,,ใช้ในเฟส Business Understanding,,,,,,,,,,,,ใช้ในเฟส Business Understanding,,,,,,ใช้ในเฟส Business Understanding,,,,,,,,,,ใช้ในเฟส Evaluation,,,,,,ใช้ในเฟส Evaluation,,ใช้ในเฟส Business Understanding,,,,,,ใช้ในเฟส Business Understanding,,,,,,ใช้ในเฟส Business Understanding,,,,,,ใช้ในเฟส Business Understanding,,,,,,,,,,ใช้ในเฟส Evaluation,,ใช้ในเฟส Business Understanding,,,,,,ใช้ในเฟส Business Understanding,,,,,,ใช้ในเฟส Business Understanding,,,,,,ใช้ในเฟส Business Understanding,,,,,,ใช้ในเฟส Business Understanding,,,,,,ใช้ในเฟส Business Understanding,,,,,,ใช้ในเฟส Business Understanding,,,,,,,,,,,,ใช้ในเฟส Business Understanding,,,,,,,,,ใช้ในเฟส Modelling,,,,,,ใช้ในเฟส Modelling,,,ใช้ในเฟส Business Understanding,,,,,,,,,ใช้ในเฟส Modelling,,,ไม่ได้ใช้งาน,ไม่ได้ใช้งาน,5,5,4,5,3,ไม่ได้ใช้งาน,3,4,5,2,5,เคยใช้ในอดีต (แต่ปัจจุบันไม่ได้ใช้),เคยใช้ในอดีต (แต่ปัจจุบันไม่ได้ใช้),ใช้อยู่ในปัจจุบัน,ใช้อยู่ในปัจจุบัน,เคยใช้ในอดีต (แต่ปัจจุบันไม่ได้ใช้),ใช้อยู่ในปัจจุบัน,ใช้อยู่ในปัจจุบัน,ใช้อยู่ในปัจจุบัน,ใช้อยู่ในปัจจุบัน,ใช้อยู่ในปัจจุบัน,เคยใช้ในอดีต (แต่ปัจจุบันไม่ได้ใช้),เคยใช้ในอดีต (แต่ปัจจุบันไม่ได้ใช้),วางแผนจะใช้ในอนาคต,ใช้อยู่ในปัจจุบัน,ใช้อยู่ในปัจจุบัน,,,ใช้ในเฟส Data Preparation,,,,,,,,ใช้ในเฟส Evaluation,,,,,,ใช้ในเฟส Evaluation,,ใช้ในเฟส Business Understanding,,,,,,ใช้ในเฟส Business Understanding,ใช้ในเฟส Data Understanding,,,,,,,,,,ใช้ในเฟส Deployment,,ใช้ในเฟส Data Understanding,,,,,,,,ใช้ในเฟส Modelling,,,,,,,,ใช้ในเฟส Deployment,,,,,,ใช้ในเฟส Deployment,,,,,ใช้ในเฟส Evaluation,,,,,,ใช้ในเฟส Evaluation,,,,,ใช้ในเฟส Modelling,,,,,,ใช้ในเฟส Modelling,,,,,,,,ใช้ในเฟส Deployment,no at the moment,,,,,ลดปัญหาก่อนที่จะส่งมอบให้ลูกค้า,โค้ดอ่านง่ายและเป็นระเบียบ,,,"it is a tool that, given the specifications, already throws away the skeleton of the application",60754e865cf819ee7dc88fe9,"Yes, I have copied the code and submitted in in Prolific."
Prolific,114624980060,431763303,2024-06-17 14:54:23,2024-06-17 15:07:18,en,ยืนยัน,Spain,มากกว่า 10 ปี,มากกว่า 10 ปี,ปริญญาเอกหรือเท่าเทียม,Machine learning engineer,,Software house,,"1,000 - 9,999",รู้จักและใช้งาน,Microsoft TDSP,,5 - ทำบ่อยที่สุด,5 - ทำบ่อยที่สุด,3 - ทำปานกลาง,2 - ทำน้อย,4 - ทำบ่อย,3 - ทำปานกลาง,4 - พบปัญหาบ่อย,3 - พบปัญหาปานกลาง,4 - พบปัญหาบ่อย,2 - พบปัญหาน้อย,3 - พบปัญหาปานกลาง,3 - พบปัญหาปานกลาง,4 - พบปัญหาบ่อย,3 - พบปัญหาปานกลาง,2 - พบปัญหาน้อย,2 - พบปัญหาน้อย,การที่ไม่มีเอกสารให้ศึกษาระหว่างการดูแลรักษาโครงการ,,,การเปลี่ยนแปลง Requirements ระหว่างทาง,ปัญหาในการเก็บ Requirements (เช่น Requirement ไม่สมบูรณ์ ไม่ถูกต้อง),,การดูแลรักษาและการ reuse source code,,ใช้อยู่ในปัจจุบัน,,,ใช้อยู่ในปัจจุบัน,,ใช้อยู่ในปัจจุบัน,วางแผนจะใช้ในอนาคต,,ใช้อยู่ในปัจจุบัน,เคยใช้ในอดีต (แต่ปัจจุบันไม่ได้ใช้),,,,เคยใช้ในอดีต (แต่ปัจจุบันไม่ได้ใช้),วางแผนจะใช้ในอนาคต,,,ใช้อยู่ในปัจจุบัน,ใช้อยู่ในปัจจุบัน,,วางแผนจะใช้ในอนาคต,,เคยใช้ในอดีต (แต่ปัจจุบันไม่ได้ใช้),,,เคยใช้ในอดีต (แต่ปัจจุบันไม่ได้ใช้),,เคยใช้ในอดีต (แต่ปัจจุบันไม่ได้ใช้),,,,,,ใช้ในเฟส Deployment,,,,,,,,,,,,,ใช้ในเฟส Business Understanding,ใช้ในเฟส Data Understanding,,,ใช้ในเฟส Evaluation,,,,,,,,,,,,,ใช้ในเฟส Deployment,,,,,,,,,,,,,ใช้ในเฟส Business Understanding,ใช้ในเฟส Data Understanding,ใช้ในเฟส Data Preparation,ใช้ในเฟส Modelling,ใช้ในเฟส Evaluation,ใช้ในเฟส Deployment,,,,,,ใช้ในเฟส Deployment,,,,,,,,,,,,,,,,,,,ใช้ในเฟส Business Understanding,ใช้ในเฟส Data Understanding,ใช้ในเฟส Data Preparation,ใช้ในเฟส Modelling,ใช้ในเฟส Evaluation,,,,,,,,,,,,,,,,,,,,ใช้ในเฟส Business Understanding,ใช้ในเฟส Data Understanding,,,ใช้ในเฟส Evaluation,,,,,ใช้ในเฟส Modelling,ใช้ในเฟส Evaluation,ใช้ในเฟส Deployment,,,,,,,,,,,,,,,,,,,ใช้ในเฟส Business Understanding,ใช้ในเฟส Data Understanding,ใช้ในเฟส Data Preparation,,,,,,,,,,,,,,,,ใช้ในเฟส Business Understanding,ใช้ในเฟส Data Understanding,ใช้ในเฟส Data Preparation,,,,,,,,,,,,ใช้ในเฟส Data Preparation,ใช้ในเฟส Modelling,,,4,4,3,4,5,4,5,4,5,5,5,3,2,ใช้อยู่ในปัจจุบัน,ใช้อยู่ในปัจจุบัน,ใช้อยู่ในปัจจุบัน,ใช้อยู่ในปัจจุบัน,ใช้อยู่ในปัจจุบัน,ใช้อยู่ในปัจจุบัน,เคยใช้ในอดีต (แต่ปัจจุบันไม่ได้ใช้),ใช้อยู่ในปัจจุบัน,ใช้อยู่ในปัจจุบัน,ใช้อยู่ในปัจจุบัน,ใช้อยู่ในปัจจุบัน,วางแผนจะใช้ในอนาคต,ใช้อยู่ในปัจจุบัน,ใช้อยู่ในปัจจุบัน,ใช้อยู่ในปัจจุบัน,ใช้ในเฟส Business Understanding,ใช้ในเฟส Data Understanding,ใช้ในเฟส Data Preparation,ใช้ในเฟส Modelling,ใช้ในเฟส Evaluation,ใช้ในเฟส Deployment,ใช้ในเฟส Business Understanding,ใช้ในเฟส Data Understanding,ใช้ในเฟส Data Preparation,ใช้ในเฟส Modelling,ใช้ในเฟส Evaluation,ใช้ในเฟส Deployment,ใช้ในเฟส Business Understanding,ใช้ในเฟส Data Understanding,ใช้ในเฟส Data Preparation,ใช้ในเฟส Modelling,ใช้ในเฟส Evaluation,ใช้ในเฟส Deployment,ใช้ในเฟส Business Understanding,ใช้ในเฟส Data Understanding,ใช้ในเฟส Data Preparation,ใช้ในเฟส Modelling,ใช้ในเฟส Evaluation,ใช้ในเฟส Deployment,ใช้ในเฟส Business Understanding,ใช้ในเฟส Data Understanding,ใช้ในเฟส Data Preparation,ใช้ในเฟส Modelling,ใช้ในเฟส Evaluation,ใช้ในเฟส Deployment,,,,,ใช้ในเฟส Evaluation,ใช้ในเฟส Deployment,ใช้ในเฟส Business Understanding,ใช้ในเฟส Data Understanding,ใช้ในเฟส Data Preparation,ใช้ในเฟส Modelling,ใช้ในเฟส Evaluation,,ใช้ในเฟส Business Understanding,ใช้ในเฟส Data Understanding,,,,,,,,ใช้ในเฟส Modelling,ใช้ในเฟส Evaluation,ใช้ในเฟส Deployment,,,,ใช้ในเฟส Modelling,ใช้ในเฟส Evaluation,ใช้ในเฟส Deployment,,,,ใช้ในเฟส Modelling,ใช้ในเฟส Evaluation,ใช้ในเฟส Deployment,,,,,ใช้ในเฟส Evaluation,ใช้ในเฟส Deployment,,,,ใช้ในเฟส Modelling,ใช้ในเฟส Evaluation,ใช้ในเฟส Deployment,,,,ใช้ในเฟส Modelling,ใช้ในเฟส Evaluation,ใช้ในเฟส Deployment,,,,ใช้ในเฟส Modelling,ใช้ในเฟส Evaluation,ใช้ในเฟส Deployment,,การได้รับคำแนะนำจากทีม (ในการประชุม stand-up meeting),ช่วยให้ทำตามแพลนได้ดีขึ้น,,เพิ่ม test coverage,,โค้ดอ่านง่ายและเป็นระเบียบ,,,"an autoML tool like mljar, with a better SHAP integration + evaluation plots, wich also is connected to MLFlow so for the model exploratory part I can run a simple pipeline with the data and starting getting insights to further develop the model.",6576151e5e75311b432c3b96,"Yes, I have copied the code and submitted in in Prolific."
Prolific,114624979160,431763303,2024-06-17 14:51:26,2024-06-17 15:06:19,en,ยืนยัน,Spain,1-5 ปี,ไม่มีประสบการณ์,ปริญญาโทหรือเท่าเทียม,Data scientist,,อื่นๆ (โปรดระบุ),research organization,100 - 999,ไม่รู้จัก,,,1 - ทำน้อยที่สุด,4 - ทำบ่อย,4 - ทำบ่อย,5 - ทำบ่อยที่สุด,3 - ทำปานกลาง,0 - ไม่ได้ทำเลย,3 - พบปัญหาปานกลาง,1 - พบปัญหาน้อยที่สุด,0 - ไม่พบปัญหา,2 - พบปัญหาน้อย,4 - พบปัญหาบ่อย,5 - พบปัญหาบ่อยมากที่สุด,4 - พบปัญหาบ่อย,2 - พบปัญหาน้อย,1 - พบปัญหาน้อยที่สุด,1 - พบปัญหาน้อยที่สุด,,,,,,,,bad documentation for the programs or codes to be used,วางแผนจะใช้ในอนาคต,วางแผนจะใช้ในอนาคต,วางแผนจะใช้ในอนาคต,วางแผนจะใช้ในอนาคต,วางแผนจะใช้ในอนาคต,วางแผนจะใช้ในอนาคต,วางแผนจะใช้ในอนาคต,วางแผนจะใช้ในอนาคต,วางแผนจะใช้ในอนาคต,วางแผนจะใช้ในอนาคต,วางแผนจะใช้ในอนาคต,วางแผนจะใช้ในอนาคต,วางแผนจะใช้ในอนาคต,วางแผนจะใช้ในอนาคต,วางแผนจะใช้ในอนาคต,วางแผนจะใช้ในอนาคต,วางแผนจะใช้ในอนาคต,วางแผนจะใช้ในอนาคต,วางแผนจะใช้ในอนาคต,วางแผนจะใช้ในอนาคต,วางแผนจะใช้ในอนาคต,วางแผนจะใช้ในอนาคต,วางแผนจะใช้ในอนาคต,วางแผนจะใช้ในอนาคต,วางแผนจะใช้ในอนาคต,วางแผนจะใช้ในอนาคต,วางแผนจะใช้ในอนาคต,วางแผนจะใช้ในอนาคต,,,,,,,,,,,,,,,,,,,,,,,,,,,,,,,,,,,,,,,,,,,,,,,,,,,,,,,,,,,,,,,,,,,,,,,,,,,,,,,,,,,,,,,,,,,,,,,,,,,,,,,,,,,,,,,,,,,,,,,,,,,,,,,,,,,,,,,,,,,,,,,,,,,,,,,,,,,,,,,,,,,,,,,,,5,ไม่ได้ใช้งาน,5,ไม่ได้ใช้งาน,4,ไม่ได้ใช้งาน,ไม่ได้ใช้งาน,ไม่ได้ใช้งาน,ไม่ได้ใช้งาน,,ไม่ได้ใช้งาน,ไม่ได้ใช้งาน,ไม่ได้ใช้งาน,วางแผนจะใช้ในอนาคต,ใช้อยู่ในปัจจุบัน,วางแผนจะใช้ในอนาคต,วางแผนจะใช้ในอนาคต,วางแผนจะใช้ในอนาคต,วางแผนจะใช้ในอนาคต,วางแผนจะใช้ในอนาคต,วางแผนจะใช้ในอนาคต,วางแผนจะใช้ในอนาคต,วางแผนจะใช้ในอนาคต,วางแผนจะใช้ในอนาคต,วางแผนจะใช้ในอนาคต,วางแผนจะใช้ในอนาคต,วางแผนจะใช้ในอนาคต,วางแผนจะใช้ในอนาคต,,,,ใช้ในเฟส Modelling,,,,ใช้ในเฟส Data Understanding,,,,,,ใช้ในเฟส Data Understanding,,,,,,ใช้ในเฟส Data Understanding,,,,,,,,ใช้ในเฟส Modelling,,,,ใช้ในเฟส Data Understanding,,,,,,,,ใช้ในเฟส Modelling,,,,,,ใช้ในเฟส Modelling,,,,,,ใช้ในเฟส Modelling,,,,,ใช้ในเฟส Data Preparation,,,,,,,ใช้ในเฟส Modelling,,,,,,,,,,,,ใช้ในเฟส Modelling,,,,,ใช้ในเฟส Data Preparation,,,,,,,ใช้ในเฟส Modelling,,,no,,ช่วยให้ทำตามแพลนได้ดีขึ้น,เพิ่มประสิทธิภาพในทุกขั้นตอน,เพิ่ม test coverage,,,,,"a tool that instantly takes the data that i want from a data file, without making a script, and also makes the corresponding graphs",5f117f2b69f65101263bf8d0,"Yes, I have copied the code and submitted in in Prolific."
Prolific,114624978933,431763303,2024-06-17 14:50:41,2024-06-17 15:05:58,en,ยืนยัน,South Africa,มากกว่า 10 ปี,1-5 ปี,ปริญญาตรีหรือเท่าเทียม,Data analyst,,In-house data science/data team,,100 - 999,รู้จักและใช้งาน,Microsoft TDSP,,5 - ทำบ่อยที่สุด,5 - ทำบ่อยที่สุด,5 - ทำบ่อยที่สุด,5 - ทำบ่อยที่สุด,3 - ทำปานกลาง,5 - ทำบ่อยที่สุด,3 - พบปัญหาปานกลาง,5 - พบปัญหาบ่อยมากที่สุด,5 - พบปัญหาบ่อยมากที่สุด,4 - พบปัญหาบ่อย,5 - พบปัญหาบ่อยมากที่สุด,5 - พบปัญหาบ่อยมากที่สุด,3 - พบปัญหาปานกลาง,2 - พบปัญหาน้อย,2 - พบปัญหาน้อย,3 - พบปัญหาปานกลาง,,,,การเปลี่ยนแปลง Requirements ระหว่างทาง,,,,,วางแผนจะใช้ในอนาคต,ใช้อยู่ในปัจจุบัน,ใช้อยู่ในปัจจุบัน,ใช้อยู่ในปัจจุบัน,วางแผนจะใช้ในอนาคต,วางแผนจะใช้ในอนาคต,วางแผนจะใช้ในอนาคต,วางแผนจะใช้ในอนาคต,ใช้อยู่ในปัจจุบัน,ใช้อยู่ในปัจจุบัน,วางแผนจะใช้ในอนาคต,วางแผนจะใช้ในอนาคต,วางแผนจะใช้ในอนาคต,วางแผนจะใช้ในอนาคต,วางแผนจะใช้ในอนาคต,วางแผนจะใช้ในอนาคต,วางแผนจะใช้ในอนาคต,ใช้อยู่ในปัจจุบัน,วางแผนจะใช้ในอนาคต,วางแผนจะใช้ในอนาคต,วางแผนจะใช้ในอนาคต,ใช้อยู่ในปัจจุบัน,ใช้อยู่ในปัจจุบัน,วางแผนจะใช้ในอนาคต,วางแผนจะใช้ในอนาคต,ใช้อยู่ในปัจจุบัน,วางแผนจะใช้ในอนาคต,ใช้อยู่ในปัจจุบัน,,,,,,,,,,ใช้ในเฟส Modelling,,,,,ใช้ในเฟส Data Preparation,,,,,,,ใช้ในเฟส Modelling,,,,,,,,,,,,,,,,,,,,,,,,,,,,,,ใช้ในเฟส Modelling,,,,,ใช้ในเฟส Data Preparation,,,,,,,,,,,,,,,,,,,,,,,,,,,,,,,,,,,,,,,,,,,,,,,,ใช้ในเฟส Data Preparation,,,,,,,,,,,,,,,,,,,,,,,,,,,,,,ใช้ในเฟส Data Preparation,,,,,,,,,,,,,,,,,,ใช้ในเฟส Data Preparation,,,,,,,,,,,,,ใช้ในเฟส Modelling,,,4,4,5,5,3,4,4,4,3,5,5,4,5,ใช้อยู่ในปัจจุบัน,เคยใช้ในอดีต (แต่ปัจจุบันไม่ได้ใช้),ใช้อยู่ในปัจจุบัน,ใช้อยู่ในปัจจุบัน,วางแผนจะใช้ในอนาคต,วางแผนจะใช้ในอนาคต,ใช้อยู่ในปัจจุบัน,ใช้อยู่ในปัจจุบัน,ใช้อยู่ในปัจจุบัน,ใช้อยู่ในปัจจุบัน,ใช้อยู่ในปัจจุบัน,ใช้อยู่ในปัจจุบัน,ใช้อยู่ในปัจจุบัน,ใช้อยู่ในปัจจุบัน,วางแผนจะใช้ในอนาคต,ใช้ในเฟส Business Understanding,,,,,,ใช้ในเฟส Business Understanding,,,,,,,,,ใช้ในเฟส Modelling,,,,ใช้ในเฟส Data Understanding,ใช้ในเฟส Data Preparation,ใช้ในเฟส Modelling,,,,,,,ใช้ในเฟส Evaluation,,,ใช้ในเฟส Data Understanding,ใช้ในเฟส Data Preparation,ใช้ในเฟส Modelling,,,ใช้ในเฟส Business Understanding,,,,,,ใช้ในเฟส Business Understanding,,,,,,,,,,ใช้ในเฟส Evaluation,,,,,,ใช้ในเฟส Evaluation,ใช้ในเฟส Deployment,,,,ใช้ในเฟส Modelling,,,,,,,ใช้ในเฟส Evaluation,,,,,ใช้ในเฟส Modelling,,,,,,,ใช้ในเฟส Evaluation,,,,,,,ใช้ในเฟส Deployment,No,,,เพิ่มประสิทธิภาพในทุกขั้นตอน,,,,,,,611c21d2ad4d42c395feaa73,"Yes, I have copied the code and submitted in in Prolific."
Prolific,114624980386,431763303,2024-06-17 14:55:13,2024-06-17 15:05:57,en,ยืนยัน,South Africa,น้อยกว่า 1 ปี,ไม่มีประสบการณ์,ปริญญาตรีหรือเท่าเทียม,อื่นๆ (โปรดระบุ),Project Administrator,อื่นๆ (โปรดระบุ),Banking ,"100,000 or above",รู้จักแต่ไม่ได้ใช้งาน,Microsoft TDSP,,4 - ทำบ่อย,4 - ทำบ่อย,4 - ทำบ่อย,1 - ทำน้อยที่สุด,4 - ทำบ่อย,0 - ไม่ได้ทำเลย,4 - พบปัญหาบ่อย,4 - พบปัญหาบ่อย,3 - พบปัญหาปานกลาง,4 - พบปัญหาบ่อย,2 - พบปัญหาน้อย,2 - พบปัญหาน้อย,4 - พบปัญหาบ่อย,2 - พบปัญหาน้อย,4 - พบปัญหาบ่อย,4 - พบปัญหาบ่อย,,มีผู้เกี่ยวข้องในโปรเจคท์จำนวนมาก ทำให้บริหารจัดการลำบาก,,การเปลี่ยนแปลง Requirements ระหว่างทาง,,,การดูแลรักษาและการ reuse source code,,เคยใช้ในอดีต (แต่ปัจจุบันไม่ได้ใช้),วางแผนจะใช้ในอนาคต,วางแผนจะใช้ในอนาคต,วางแผนจะใช้ในอนาคต,วางแผนจะใช้ในอนาคต,วางแผนจะใช้ในอนาคต,วางแผนจะใช้ในอนาคต,เคยใช้ในอดีต (แต่ปัจจุบันไม่ได้ใช้),เคยใช้ในอดีต (แต่ปัจจุบันไม่ได้ใช้),เคยใช้ในอดีต (แต่ปัจจุบันไม่ได้ใช้),ใช้อยู่ในปัจจุบัน,ใช้อยู่ในปัจจุบัน,ใช้อยู่ในปัจจุบัน,ใช้อยู่ในปัจจุบัน,ใช้อยู่ในปัจจุบัน,ใช้อยู่ในปัจจุบัน,ใช้อยู่ในปัจจุบัน,,วางแผนจะใช้ในอนาคต,วางแผนจะใช้ในอนาคต,เคยใช้ในอดีต (แต่ปัจจุบันไม่ได้ใช้),เคยใช้ในอดีต (แต่ปัจจุบันไม่ได้ใช้),เคยใช้ในอดีต (แต่ปัจจุบันไม่ได้ใช้),ใช้อยู่ในปัจจุบัน,ใช้อยู่ในปัจจุบัน,,,,,ใช้ในเฟส Data Understanding,,,,,,,,,,,,,,,,,,,,,,,,,,,,,,,,,,,,,,,,,ใช้ในเฟส Business Understanding,,,,,,,ใช้ในเฟส Data Understanding,ใช้ในเฟส Data Preparation,,,,ใช้ในเฟส Business Understanding,,,,,,,ใช้ในเฟส Data Understanding,,,,,,,,ใช้ในเฟส Modelling,,,,,,ใช้ในเฟส Modelling,,,ใช้ในเฟส Business Understanding,,,,,,,ใช้ในเฟส Data Understanding,,,,,ใช้ในเฟส Business Understanding,,,,,,ใช้ในเฟส Business Understanding,,,,,,,,,,,,,,,,,,,,,,,,ใช้ในเฟส Business Understanding,,,,,,ใช้ในเฟส Business Understanding,ใช้ในเฟส Data Understanding,,,,,ใช้ในเฟส Business Understanding,,,,,,,ใช้ในเฟส Data Understanding,,,,,,ใช้ในเฟส Data Understanding,ใช้ในเฟส Data Preparation,,,,,,,,,,,,,,,,,,,,,,5,5,ไม่ได้ใช้งาน,4,ไม่ได้ใช้งาน,5,5,5,ไม่ได้ใช้งาน,5,ไม่ได้ใช้งาน,ไม่ได้ใช้งาน,ไม่ได้ใช้งาน,ใช้อยู่ในปัจจุบัน,ใช้อยู่ในปัจจุบัน,ใช้อยู่ในปัจจุบัน,วางแผนจะใช้ในอนาคต,วางแผนจะใช้ในอนาคต,ใช้อยู่ในปัจจุบัน,ใช้อยู่ในปัจจุบัน,ใช้อยู่ในปัจจุบัน,ใช้อยู่ในปัจจุบัน,ใช้อยู่ในปัจจุบัน,ใช้อยู่ในปัจจุบัน,ใช้อยู่ในปัจจุบัน,เคยใช้ในอดีต (แต่ปัจจุบันไม่ได้ใช้),ใช้อยู่ในปัจจุบัน,เคยใช้ในอดีต (แต่ปัจจุบันไม่ได้ใช้),ใช้ในเฟส Business Understanding,ใช้ในเฟส Data Understanding,,,,,ใช้ในเฟส Business Understanding,,,,,,ใช้ในเฟส Business Understanding,,,,,,,ใช้ในเฟส Data Understanding,,,,,,ใช้ในเฟส Data Understanding,,,,,,,,,,,,ใช้ในเฟส Data Understanding,,,,,,ใช้ในเฟส Data Understanding,,,,,,ใช้ในเฟส Data Understanding,,,,,ใช้ในเฟส Business Understanding,,,,,,ใช้ในเฟส Business Understanding,,,,,,ใช้ในเฟส Business Understanding,,,,,,ใช้ในเฟส Business Understanding,,,,,,ใช้ในเฟส Business Understanding,,,,,,,,,,,ใช้ในเฟส Deployment,No,การได้รับคำแนะนำจากทีม (ในการประชุม stand-up meeting),ช่วยให้ทำตามแพลนได้ดีขึ้น,เพิ่มประสิทธิภาพในทุกขั้นตอน,,ลดปัญหาก่อนที่จะส่งมอบให้ลูกค้า,,,,A tool that collects and analyzes the data on your behalf. an automated tool.,61275ccfad65bfb85bba5789,"Yes, I have copied the code and submitted in in Prolific."
Prolific,114624981000,431763303,2024-06-17 14:56:01,2024-06-17 15:05:10,en,ยืนยัน,Spain,มากกว่า 10 ปี,มากกว่า 10 ปี,ปริญญาโทหรือเท่าเทียม,Data analyst,,Data consultant,,"1,000 - 9,999",รู้จักและใช้งาน,Microsoft TDSP,,4 - ทำบ่อย,4 - ทำบ่อย,3 - ทำปานกลาง,2 - ทำน้อย,4 - ทำบ่อย,3 - ทำปานกลาง,3 - พบปัญหาปานกลาง,4 - พบปัญหาบ่อย,3 - พบปัญหาปานกลาง,4 - พบปัญหาบ่อย,4 - พบปัญหาบ่อย,3 - พบปัญหาปานกลาง,3 - พบปัญหาปานกลาง,3 - พบปัญหาปานกลาง,4 - พบปัญหาบ่อย,4 - พบปัญหาบ่อย,,มีผู้เกี่ยวข้องในโปรเจคท์จำนวนมาก ทำให้บริหารจัดการลำบาก,,,ปัญหาในการเก็บ Requirements (เช่น Requirement ไม่สมบูรณ์ ไม่ถูกต้อง),,,,เคยใช้ในอดีต (แต่ปัจจุบันไม่ได้ใช้),ใช้อยู่ในปัจจุบัน,วางแผนจะใช้ในอนาคต,ใช้อยู่ในปัจจุบัน,วางแผนจะใช้ในอนาคต,เคยใช้ในอดีต (แต่ปัจจุบันไม่ได้ใช้),เคยใช้ในอดีต (แต่ปัจจุบันไม่ได้ใช้),เคยใช้ในอดีต (แต่ปัจจุบันไม่ได้ใช้),ใช้อยู่ในปัจจุบัน,ใช้อยู่ในปัจจุบัน,วางแผนจะใช้ในอนาคต,วางแผนจะใช้ในอนาคต,วางแผนจะใช้ในอนาคต,วางแผนจะใช้ในอนาคต,ใช้อยู่ในปัจจุบัน,ใช้อยู่ในปัจจุบัน,ใช้อยู่ในปัจจุบัน,เคยใช้ในอดีต (แต่ปัจจุบันไม่ได้ใช้),เคยใช้ในอดีต (แต่ปัจจุบันไม่ได้ใช้),เคยใช้ในอดีต (แต่ปัจจุบันไม่ได้ใช้),เคยใช้ในอดีต (แต่ปัจจุบันไม่ได้ใช้),เคยใช้ในอดีต (แต่ปัจจุบันไม่ได้ใช้),เคยใช้ในอดีต (แต่ปัจจุบันไม่ได้ใช้),ใช้อยู่ในปัจจุบัน,เคยใช้ในอดีต (แต่ปัจจุบันไม่ได้ใช้),เคยใช้ในอดีต (แต่ปัจจุบันไม่ได้ใช้),เคยใช้ในอดีต (แต่ปัจจุบันไม่ได้ใช้),เคยใช้ในอดีต (แต่ปัจจุบันไม่ได้ใช้),,,ใช้ในเฟส Data Preparation,,,,,ใช้ในเฟส Data Understanding,,,,,,,,,,,,,,,ใช้ในเฟส Evaluation,,,,,,,,,,,ใช้ในเฟส Modelling,,,,,,ใช้ในเฟส Modelling,,,,,ใช้ในเฟส Data Preparation,,,,ใช้ในเฟส Business Understanding,,,,,,ใช้ในเฟส Business Understanding,,,,,,,,,,,,,,,,,,,,,,,,,,,,,,,,ใช้ในเฟส Data Preparation,,,,,ใช้ในเฟส Data Understanding,,,,,,,,ใช้ในเฟส Modelling,,,,,,,ใช้ในเฟส Evaluation,,,,ใช้ในเฟส Data Preparation,,ใช้ในเฟส Evaluation,,,ใช้ในเฟส Data Understanding,,,,,ใช้ในเฟส Business Understanding,,,,,,ใช้ในเฟส Business Understanding,,ใช้ในเฟส Data Preparation,,,,,,ใช้ในเฟส Data Preparation,,,,,,,ใช้ในเฟส Modelling,,,ใช้ในเฟส Business Understanding,,,,,,,ใช้ในเฟส Data Understanding,ใช้ในเฟส Data Preparation,,,,,,,,ใช้ในเฟส Evaluation,,,,,ใช้ในเฟส Modelling,,,3,5,5,3,3,4,4,3,5,4,3,3,5,ใช้อยู่ในปัจจุบัน,วางแผนจะใช้ในอนาคต,วางแผนจะใช้ในอนาคต,เคยใช้ในอดีต (แต่ปัจจุบันไม่ได้ใช้),เคยใช้ในอดีต (แต่ปัจจุบันไม่ได้ใช้),ใช้อยู่ในปัจจุบัน,ใช้อยู่ในปัจจุบัน,เคยใช้ในอดีต (แต่ปัจจุบันไม่ได้ใช้),วางแผนจะใช้ในอนาคต,วางแผนจะใช้ในอนาคต,ใช้อยู่ในปัจจุบัน,เคยใช้ในอดีต (แต่ปัจจุบันไม่ได้ใช้),เคยใช้ในอดีต (แต่ปัจจุบันไม่ได้ใช้),เคยใช้ในอดีต (แต่ปัจจุบันไม่ได้ใช้),วางแผนจะใช้ในอนาคต,,ใช้ในเฟส Data Understanding,,,,,,,ใช้ในเฟส Data Preparation,,,,ใช้ในเฟส Business Understanding,,,,,,,,,,ใช้ในเฟส Evaluation,,ใช้ในเฟส Business Understanding,,,,,,,,,,,ใช้ในเฟส Deployment,,,,,ใช้ในเฟส Evaluation,,,ใช้ในเฟส Data Understanding,,,,,,,ใช้ในเฟส Data Preparation,,,,ใช้ในเฟส Business Understanding,,,,,,ใช้ในเฟส Business Understanding,,,,,,,,,,ใช้ในเฟส Evaluation,,,,,ใช้ในเฟส Modelling,,,,,,,,ใช้ในเฟส Deployment,,,ใช้ในเฟส Data Preparation,,,,No,,,เพิ่มประสิทธิภาพในทุกขั้นตอน,,,,ส่งต่อโครงการได้ง่าย,,econometric trend analysis,5ac2a8065cd10500016219df,"Yes, I have copied the code and submitted in in Prolific."
Prolific,114624980935,431763303,2024-06-17 14:55:32,2024-06-17 15:05:06,en,ยืนยัน,Italy,6-10 ปี,1-5 ปี,ปริญญาโทหรือเท่าเทียม,Data analyst,,Data consultant,,0 - 9,รู้จักและใช้งาน,Microsoft TDSP,,0 - ไม่ได้ทำเลย,4 - ทำบ่อย,5 - ทำบ่อยที่สุด,1 - ทำน้อยที่สุด,3 - ทำปานกลาง,1 - ทำน้อยที่สุด,0 - ไม่พบปัญหา,4 - พบปัญหาบ่อย,4 - พบปัญหาบ่อย,5 - พบปัญหาบ่อยมากที่สุด,3 - พบปัญหาปานกลาง,3 - พบปัญหาปานกลาง,1 - พบปัญหาน้อยที่สุด,0 - ไม่พบปัญหา,0 - ไม่พบปัญหา,2 - พบปัญหาน้อย,,มีผู้เกี่ยวข้องในโปรเจคท์จำนวนมาก ทำให้บริหารจัดการลำบาก,,,ปัญหาในการเก็บ Requirements (เช่น Requirement ไม่สมบูรณ์ ไม่ถูกต้อง),,,,,,,,,,วางแผนจะใช้ในอนาคต,,,,,,,,,,,,,,,,,,,ใช้อยู่ในปัจจุบัน,,,,,,,,,,,,,,,,,,,,,,,,,,,,,,,,,,,,,,,,,,,,,,,,,,,,,,,,,,,,,,,,,,,,,,,,,,,,,,,,,,,,,,,,,,,,,,,,,,,,,,,,,,,,,,,,,,,,,,,,,,,,,,,,,,,,,,,,,,,,,,,,,,,,,,,,,,ใช้ในเฟส Data Understanding,ใช้ในเฟส Data Preparation,ใช้ในเฟส Modelling,ใช้ในเฟส Evaluation,,,,,,,,,,,,,,4,4,4,3,3,4,3,3,4,3,4,4,4,,,,ใช้อยู่ในปัจจุบัน,ใช้อยู่ในปัจจุบัน,,,ใช้อยู่ในปัจจุบัน,ใช้อยู่ในปัจจุบัน,,ใช้อยู่ในปัจจุบัน,,,ใช้อยู่ในปัจจุบัน,,,,,,,,,,,,,,,,,,,,,,,ใช้ในเฟส Modelling,,,,,,ใช้ในเฟส Modelling,,,,,,,,,,,,,,,,,,,ใช้ในเฟส Evaluation,,,,ใช้ในเฟส Data Preparation,,,,,,,,,,,,,ใช้ในเฟส Modelling,,,,,,,,,,,,,,,,,,,ใช้ในเฟส Evaluation,,,,,,,,no,,,เพิ่มประสิทธิภาพในทุกขั้นตอน,,,,ส่งต่อโครงการได้ง่าย,,i dont know,5c45ad3793f3690001c46767,"Yes, I have copied the code and submitted in in Prolific."
Prolific,114624979553,431763303,2024-06-17 14:52:48,2024-06-17 15:03:18,en,ยืนยัน,Austria,น้อยกว่า 1 ปี,ไม่มีประสบการณ์,ปริญญาตรีหรือเท่าเทียม,Data analyst,,Data consultant,,10 - 99,รู้จักและใช้งาน,Microsoft TDSP,,4 - ทำบ่อย,4 - ทำบ่อย,4 - ทำบ่อย,4 - ทำบ่อย,4 - ทำบ่อย,4 - ทำบ่อย,4 - พบปัญหาบ่อย,3 - พบปัญหาปานกลาง,2 - พบปัญหาน้อย,5 - พบปัญหาบ่อยมากที่สุด,4 - พบปัญหาบ่อย,4 - พบปัญหาบ่อย,4 - พบปัญหาบ่อย,4 - พบปัญหาบ่อย,5 - พบปัญหาบ่อยมากที่สุด,5 - พบปัญหาบ่อยมากที่สุด,,มีผู้เกี่ยวข้องในโปรเจคท์จำนวนมาก ทำให้บริหารจัดการลำบาก,,,ปัญหาในการเก็บ Requirements (เช่น Requirement ไม่สมบูรณ์ ไม่ถูกต้อง),,,,เคยใช้ในอดีต (แต่ปัจจุบันไม่ได้ใช้),,,,,,,,ใช้อยู่ในปัจจุบัน,,,,,,,,,,,,,,,ใช้อยู่ในปัจจุบัน,,ใช้อยู่ในปัจจุบัน,,,ใช้ในเฟส Business Understanding,ใช้ในเฟส Data Understanding,,,,,,,,,,,,,,,,,,,,,,,,,,,,,,,,,,,,,,,,,,,,,,,,,,ใช้ในเฟส Modelling,,,,,,,,,,,,,,,,,,,,,,,,,,,,,,,,,,,,,,,,,,,,,,,,,,,,,,,,,,,,,,,,,,,,,,,,,,,,,,,,,,,,,,,,,,ใช้ในเฟส Modelling,,,,,,,,,,ใช้ในเฟส Data Understanding,ใช้ในเฟส Data Preparation,ใช้ในเฟส Modelling,,,,,,,,,,,,,,,3,3,2,1,1,2,2,1,1,2,1,3,3,ใช้อยู่ในปัจจุบัน,,,ใช้อยู่ในปัจจุบัน,,,,ใช้อยู่ในปัจจุบัน,,,,,ใช้อยู่ในปัจจุบัน,ใช้อยู่ในปัจจุบัน,,ใช้ในเฟส Business Understanding,ใช้ในเฟส Data Understanding,ใช้ในเฟส Data Preparation,ใช้ในเฟส Modelling,ใช้ในเฟส Evaluation,ใช้ในเฟส Deployment,,,,,,,,,,,,,,,ใช้ในเฟส Data Preparation,,,,,,,,,,,,,,,,,,,,,,ใช้ในเฟส Business Understanding,ใช้ในเฟส Data Understanding,ใช้ในเฟส Data Preparation,ใช้ในเฟส Modelling,ใช้ในเฟส Evaluation,ใช้ในเฟส Deployment,,,,,,,,,,,,,,,,,,,,,,,,,,,,ใช้ในเฟส Modelling,ใช้ในเฟส Evaluation,,,,,,ใช้ในเฟส Evaluation,,,,,,,,no,การได้รับคำแนะนำจากทีม (ในการประชุม stand-up meeting),,,,ลดปัญหาก่อนที่จะส่งมอบให้ลูกค้า,โค้ดอ่านง่ายและเป็นระเบียบ,,,A tool that connects  a data mining tool such as Celonis and an accounting software in one tool.,5e986a3dcb28b6047fc6bd61,"Yes, I have copied the code and submitted in in Prolific."
Prolific,114624978400,431763303,2024-06-17 14:49:09,2024-06-17 15:02:42,en,ยืนยัน,Sweden,6-10 ปี,6-10 ปี,ปริญญาโทหรือเท่าเทียม,Programmer / Software developer,,In-house data science/data team,,100 - 999,รู้จักและใช้งาน,Microsoft TDSP,,3 - ทำปานกลาง,4 - ทำบ่อย,3 - ทำปานกลาง,3 - ทำปานกลาง,4 - ทำบ่อย,4 - ทำบ่อย,2 - พบปัญหาน้อย,3 - พบปัญหาปานกลาง,3 - พบปัญหาปานกลาง,2 - พบปัญหาน้อย,2 - พบปัญหาน้อย,2 - พบปัญหาน้อย,3 - พบปัญหาปานกลาง,2 - พบปัญหาน้อย,2 - พบปัญหาน้อย,2 - พบปัญหาน้อย,การที่ไม่มีเอกสารให้ศึกษาระหว่างการดูแลรักษาโครงการ,,ไม่มีการทำ Integration test และ Load test,การเปลี่ยนแปลง Requirements ระหว่างทาง,,,,,วางแผนจะใช้ในอนาคต,วางแผนจะใช้ในอนาคต,วางแผนจะใช้ในอนาคต,ใช้อยู่ในปัจจุบัน,วางแผนจะใช้ในอนาคต,ใช้อยู่ในปัจจุบัน,วางแผนจะใช้ในอนาคต,วางแผนจะใช้ในอนาคต,ใช้อยู่ในปัจจุบัน,วางแผนจะใช้ในอนาคต,วางแผนจะใช้ในอนาคต,วางแผนจะใช้ในอนาคต,ใช้อยู่ในปัจจุบัน,วางแผนจะใช้ในอนาคต,วางแผนจะใช้ในอนาคต,วางแผนจะใช้ในอนาคต,วางแผนจะใช้ในอนาคต,ใช้อยู่ในปัจจุบัน,วางแผนจะใช้ในอนาคต,วางแผนจะใช้ในอนาคต,ใช้อยู่ในปัจจุบัน,ใช้อยู่ในปัจจุบัน,วางแผนจะใช้ในอนาคต,วางแผนจะใช้ในอนาคต,วางแผนจะใช้ในอนาคต,เคยใช้ในอดีต (แต่ปัจจุบันไม่ได้ใช้),วางแผนจะใช้ในอนาคต,วางแผนจะใช้ในอนาคต,,,,,,,,,,,,,,,,,,,,,ใช้ในเฟส Data Preparation,,ใช้ในเฟส Evaluation,,,,,,,,,,,ใช้ในเฟส Modelling,,ใช้ในเฟส Deployment,,,,,,,,,,,,,,,,ใช้ในเฟส Modelling,ใช้ในเฟส Evaluation,ใช้ในเฟส Deployment,,,,,,,,,,,,,,,,,,,,ใช้ในเฟส Data Understanding,,ใช้ในเฟส Modelling,,ใช้ในเฟส Deployment,,,,,,,,,,,,,,,,,,,,,,,,,,ใช้ในเฟส Data Understanding,ใช้ในเฟส Data Preparation,ใช้ในเฟส Modelling,,,,,,,,,,,,,,,,,,,,ใช้ในเฟส Deployment,,,,,,,,,,,,,,,,,,,,,,,,,,,,,ใช้ในเฟส Evaluation,,,,,,,,,,,,,,4,4,5,5,4,5,4,5,4,4,2,2,3,วางแผนจะใช้ในอนาคต,ใช้อยู่ในปัจจุบัน,ใช้อยู่ในปัจจุบัน,ใช้อยู่ในปัจจุบัน,วางแผนจะใช้ในอนาคต,ใช้อยู่ในปัจจุบัน,วางแผนจะใช้ในอนาคต,วางแผนจะใช้ในอนาคต,วางแผนจะใช้ในอนาคต,ใช้อยู่ในปัจจุบัน,ใช้อยู่ในปัจจุบัน,ใช้อยู่ในปัจจุบัน,ใช้อยู่ในปัจจุบัน,ใช้อยู่ในปัจจุบัน,วางแผนจะใช้ในอนาคต,ใช้ในเฟส Business Understanding,ใช้ในเฟส Data Understanding,ใช้ในเฟส Data Preparation,ใช้ในเฟส Modelling,ใช้ในเฟส Evaluation,ใช้ในเฟส Deployment,ใช้ในเฟส Business Understanding,ใช้ในเฟส Data Understanding,ใช้ในเฟส Data Preparation,,,,,,ใช้ในเฟส Data Preparation,,ใช้ในเฟส Evaluation,,,,,ใช้ในเฟส Modelling,,,,,ใช้ในเฟส Data Preparation,,,,,,,,ใช้ในเฟส Evaluation,ใช้ในเฟส Deployment,ใช้ในเฟส Business Understanding,ใช้ในเฟส Data Understanding,,,,,ใช้ในเฟส Business Understanding,,,ใช้ในเฟส Modelling,ใช้ในเฟส Evaluation,ใช้ในเฟส Deployment,,,,ใช้ในเฟส Modelling,ใช้ในเฟส Evaluation,ใช้ในเฟส Deployment,,,,ใช้ในเฟส Modelling,ใช้ในเฟส Evaluation,ใช้ในเฟส Deployment,,,,ใช้ในเฟส Modelling,ใช้ในเฟส Evaluation,ใช้ในเฟส Deployment,,,,ใช้ในเฟส Modelling,ใช้ในเฟส Evaluation,ใช้ในเฟส Deployment,,,,ใช้ในเฟส Modelling,ใช้ในเฟส Evaluation,ใช้ในเฟส Deployment,,,,ใช้ในเฟส Modelling,ใช้ในเฟส Evaluation,ใช้ในเฟส Deployment,,,,ใช้ในเฟส Modelling,ใช้ในเฟส Evaluation,ใช้ในเฟส Deployment,,,ช่วยให้ทำตามแพลนได้ดีขึ้น,,เพิ่ม test coverage,ลดปัญหาก่อนที่จะส่งมอบให้ลูกค้า,,ส่งต่อโครงการได้ง่าย,,Don't have one specific in mind.,6470b898db27d7dae24e98c4,"Yes, I have copied the code and submitted in in Prolific."
Prolific,114624978993,431763303,2024-06-17 14:51:07,2024-06-17 15:01:57,en,ยืนยัน,Portugal,1-5 ปี,ไม่มีประสบการณ์,ปริญญาโทหรือเท่าเทียม,Data analyst,,In-house data science/data team,,"1,000 - 9,999",รู้จักและใช้งาน,CRISP-DM,,5 - ทำบ่อยที่สุด,5 - ทำบ่อยที่สุด,5 - ทำบ่อยที่สุด,3 - ทำปานกลาง,1 - ทำน้อยที่สุด,1 - ทำน้อยที่สุด,4 - พบปัญหาบ่อย,5 - พบปัญหาบ่อยมากที่สุด,4 - พบปัญหาบ่อย,5 - พบปัญหาบ่อยมากที่สุด,5 - พบปัญหาบ่อยมากที่สุด,4 - พบปัญหาบ่อย,4 - พบปัญหาบ่อย,5 - พบปัญหาบ่อยมากที่สุด,2 - พบปัญหาน้อย,2 - พบปัญหาน้อย,,,,การเปลี่ยนแปลง Requirements ระหว่างทาง,ปัญหาในการเก็บ Requirements (เช่น Requirement ไม่สมบูรณ์ ไม่ถูกต้อง),,,,วางแผนจะใช้ในอนาคต,ใช้อยู่ในปัจจุบัน,ใช้อยู่ในปัจจุบัน,ใช้อยู่ในปัจจุบัน,วางแผนจะใช้ในอนาคต,วางแผนจะใช้ในอนาคต,วางแผนจะใช้ในอนาคต,วางแผนจะใช้ในอนาคต,ใช้อยู่ในปัจจุบัน,ใช้อยู่ในปัจจุบัน,วางแผนจะใช้ในอนาคต,วางแผนจะใช้ในอนาคต,วางแผนจะใช้ในอนาคต,ใช้อยู่ในปัจจุบัน,วางแผนจะใช้ในอนาคต,วางแผนจะใช้ในอนาคต,วางแผนจะใช้ในอนาคต,ใช้อยู่ในปัจจุบัน,วางแผนจะใช้ในอนาคต,วางแผนจะใช้ในอนาคต,วางแผนจะใช้ในอนาคต,ใช้อยู่ในปัจจุบัน,ใช้อยู่ในปัจจุบัน,วางแผนจะใช้ในอนาคต,ใช้อยู่ในปัจจุบัน,ใช้อยู่ในปัจจุบัน,ใช้อยู่ในปัจจุบัน,ใช้อยู่ในปัจจุบัน,,,,,,,ใช้ในเฟส Business Understanding,ใช้ในเฟส Data Understanding,ใช้ในเฟส Data Preparation,ใช้ในเฟส Modelling,ใช้ในเฟส Evaluation,,,ใช้ในเฟส Data Understanding,ใช้ในเฟส Data Preparation,,,,ใช้ในเฟส Business Understanding,ใช้ในเฟส Data Understanding,ใช้ในเฟส Data Preparation,,,,,,,,,,,,,,,,,,,,,,,,,,,,,ใช้ในเฟส Data Understanding,ใช้ในเฟส Data Preparation,,,,,ใช้ในเฟส Data Understanding,,,,,,,,,,,,,,,,,,,,,,,,,ใช้ในเฟส Data Preparation,,,,,,,,,,,,,,,,,,,,,,ใช้ในเฟส Business Understanding,ใช้ในเฟส Data Understanding,,,,,,,,,,,,,,,,,,,,,,,ใช้ในเฟส Business Understanding,ใช้ในเฟส Data Understanding,,,,,,ใช้ในเฟส Data Understanding,,,,,,,,,,,,ใช้ในเฟส Data Understanding,,,,,ใช้ในเฟส Business Understanding,ใช้ในเฟส Data Understanding,ใช้ในเฟส Data Preparation,ใช้ในเฟส Modelling,,,ใช้ในเฟส Business Understanding,ใช้ในเฟส Data Understanding,,,,,ใช้ในเฟส Business Understanding,,ใช้ในเฟส Data Preparation,,,,ไม่ได้ใช้งาน,5,ไม่ได้ใช้งาน,5,4,ไม่ได้ใช้งาน,5,ไม่ได้ใช้งาน,4,ไม่ได้ใช้งาน,ไม่ได้ใช้งาน,4,ไม่ได้ใช้งาน,วางแผนจะใช้ในอนาคต,ใช้อยู่ในปัจจุบัน,ใช้อยู่ในปัจจุบัน,ใช้อยู่ในปัจจุบัน,ใช้อยู่ในปัจจุบัน,วางแผนจะใช้ในอนาคต,ใช้อยู่ในปัจจุบัน,วางแผนจะใช้ในอนาคต,วางแผนจะใช้ในอนาคต,วางแผนจะใช้ในอนาคต,ใช้อยู่ในปัจจุบัน,วางแผนจะใช้ในอนาคต,ใช้อยู่ในปัจจุบัน,เคยใช้ในอดีต (แต่ปัจจุบันไม่ได้ใช้),ใช้อยู่ในปัจจุบัน,ใช้ในเฟส Business Understanding,ใช้ในเฟส Data Understanding,ใช้ในเฟส Data Preparation,,,,,ใช้ในเฟส Data Understanding,ใช้ในเฟส Data Preparation,,,,,ใช้ในเฟส Data Understanding,ใช้ในเฟส Data Preparation,,,,,ใช้ในเฟส Data Understanding,ใช้ในเฟส Data Preparation,,,,,ใช้ในเฟส Data Understanding,,,,,,,ใช้ในเฟส Data Preparation,,,,ใช้ในเฟส Business Understanding,ใช้ในเฟส Data Understanding,ใช้ในเฟส Data Preparation,,,,ใช้ในเฟส Business Understanding,ใช้ในเฟส Data Understanding,ใช้ในเฟส Data Preparation,,,,,,ใช้ในเฟส Data Preparation,ใช้ในเฟส Modelling,ใช้ในเฟส Evaluation,,,,ใช้ในเฟส Data Preparation,ใช้ในเฟส Modelling,ใช้ในเฟส Evaluation,,,,ใช้ในเฟส Data Preparation,ใช้ในเฟส Modelling,,,,,ใช้ในเฟส Data Preparation,ใช้ในเฟส Modelling,,,,,ใช้ในเฟส Data Preparation,ใช้ในเฟส Modelling,,,,,,ใช้ในเฟส Modelling,,,,,ใช้ในเฟส Data Preparation,ใช้ในเฟส Modelling,,,no,การได้รับคำแนะนำจากทีม (ในการประชุม stand-up meeting),ช่วยให้ทำตามแพลนได้ดีขึ้น,เพิ่มประสิทธิภาพในทุกขั้นตอน,,,,,,,,
Prolific,114624979162,431763303,2024-06-17 14:51:40,2024-06-17 15:00:28,en,ยืนยัน,Italy,น้อยกว่า 1 ปี,1-5 ปี,ปริญญาโทหรือเท่าเทียม,Data engineer,,Data consultant,,100 - 999,รู้จักแต่ไม่ได้ใช้งาน,Microsoft TDSP,,4 - ทำบ่อย,4 - ทำบ่อย,4 - ทำบ่อย,3 - ทำปานกลาง,3 - ทำปานกลาง,4 - ทำบ่อย,3 - พบปัญหาปานกลาง,4 - พบปัญหาบ่อย,4 - พบปัญหาบ่อย,3 - พบปัญหาปานกลาง,5 - พบปัญหาบ่อยมากที่สุด,4 - พบปัญหาบ่อย,2 - พบปัญหาน้อย,3 - พบปัญหาปานกลาง,3 - พบปัญหาปานกลาง,4 - พบปัญหาบ่อย,การที่ไม่มีเอกสารให้ศึกษาระหว่างการดูแลรักษาโครงการ,,,การเปลี่ยนแปลง Requirements ระหว่างทาง,ปัญหาในการเก็บ Requirements (เช่น Requirement ไม่สมบูรณ์ ไม่ถูกต้อง),,,,เคยใช้ในอดีต (แต่ปัจจุบันไม่ได้ใช้),วางแผนจะใช้ในอนาคต,ใช้อยู่ในปัจจุบัน,ใช้อยู่ในปัจจุบัน,วางแผนจะใช้ในอนาคต,วางแผนจะใช้ในอนาคต,วางแผนจะใช้ในอนาคต,เคยใช้ในอดีต (แต่ปัจจุบันไม่ได้ใช้),ใช้อยู่ในปัจจุบัน,ใช้อยู่ในปัจจุบัน,วางแผนจะใช้ในอนาคต,วางแผนจะใช้ในอนาคต,วางแผนจะใช้ในอนาคต,วางแผนจะใช้ในอนาคต,วางแผนจะใช้ในอนาคต,วางแผนจะใช้ในอนาคต,วางแผนจะใช้ในอนาคต,ใช้อยู่ในปัจจุบัน,วางแผนจะใช้ในอนาคต,วางแผนจะใช้ในอนาคต,วางแผนจะใช้ในอนาคต,ใช้อยู่ในปัจจุบัน,ใช้อยู่ในปัจจุบัน,วางแผนจะใช้ในอนาคต,เคยใช้ในอดีต (แต่ปัจจุบันไม่ได้ใช้),ใช้อยู่ในปัจจุบัน,เคยใช้ในอดีต (แต่ปัจจุบันไม่ได้ใช้),ใช้อยู่ในปัจจุบัน,,ใช้ในเฟส Data Understanding,,,,,,,,,,,,ใช้ในเฟส Data Understanding,,,,,ใช้ในเฟส Business Understanding,,ใช้ในเฟส Data Preparation,,,,,,,,,,,,,,,,,,,,,,,ใช้ในเฟส Data Understanding,,,,,,,ใช้ในเฟส Data Preparation,ใช้ในเฟส Modelling,ใช้ในเฟส Evaluation,,,,,ใช้ในเฟส Modelling,ใช้ในเฟส Evaluation,,,,,,,,,,,,,,,,,,,,,,,,,,,,,,,,,,,,,,,,,,,,,,ใช้ในเฟส Data Preparation,ใช้ในเฟส Modelling,ใช้ในเฟส Evaluation,,,,,,,,,,,,,,,,,,,,,,,ใช้ในเฟส Modelling,,ใช้ในเฟส Deployment,,,ใช้ในเฟส Data Preparation,ใช้ในเฟส Modelling,ใช้ในเฟส Evaluation,,,,,,,,,ใช้ในเฟส Data Understanding,ใช้ในเฟส Data Preparation,,,,,,ใช้ในเฟส Data Preparation,,ใช้ในเฟส Evaluation,ใช้ในเฟส Deployment,,,ใช้ในเฟส Data Preparation,,,,,ใช้ในเฟส Data Understanding,ใช้ในเฟส Data Preparation,ใช้ในเฟส Modelling,,,3,4,ไม่ได้ใช้งาน,4,3,5,4,2,3,5,ไม่ได้ใช้งาน,2,5,ใช้อยู่ในปัจจุบัน,ใช้อยู่ในปัจจุบัน,เคยใช้ในอดีต (แต่ปัจจุบันไม่ได้ใช้),ใช้อยู่ในปัจจุบัน,เคยใช้ในอดีต (แต่ปัจจุบันไม่ได้ใช้),วางแผนจะใช้ในอนาคต,ใช้อยู่ในปัจจุบัน,ใช้อยู่ในปัจจุบัน,เคยใช้ในอดีต (แต่ปัจจุบันไม่ได้ใช้),วางแผนจะใช้ในอนาคต,ใช้อยู่ในปัจจุบัน,ใช้อยู่ในปัจจุบัน,เคยใช้ในอดีต (แต่ปัจจุบันไม่ได้ใช้),ใช้อยู่ในปัจจุบัน,วางแผนจะใช้ในอนาคต,ใช้ในเฟส Business Understanding,,,,ใช้ในเฟส Evaluation,ใช้ในเฟส Deployment,ใช้ในเฟส Business Understanding,ใช้ในเฟส Data Understanding,ใช้ในเฟส Data Preparation,ใช้ในเฟส Modelling,ใช้ในเฟส Evaluation,ใช้ในเฟส Deployment,ใช้ในเฟส Business Understanding,,,,ใช้ในเฟส Evaluation,ใช้ในเฟส Deployment,,,,ใช้ในเฟส Modelling,ใช้ในเฟส Evaluation,ใช้ในเฟส Deployment,,,ใช้ในเฟส Data Preparation,ใช้ในเฟส Modelling,ใช้ในเฟส Evaluation,,ใช้ในเฟส Business Understanding,ใช้ในเฟส Data Understanding,,,,,ใช้ในเฟส Business Understanding,ใช้ในเฟส Data Understanding,,,,,ใช้ในเฟส Business Understanding,ใช้ในเฟส Data Understanding,,,,,,,,ใช้ในเฟส Modelling,ใช้ในเฟส Evaluation,,,,,,ใช้ในเฟส Evaluation,ใช้ในเฟส Deployment,,,,ใช้ในเฟส Modelling,ใช้ในเฟส Evaluation,,,,,,ใช้ในเฟส Evaluation,ใช้ในเฟส Deployment,,,,ใช้ในเฟส Modelling,ใช้ในเฟส Evaluation,,ใช้ในเฟส Business Understanding,ใช้ในเฟส Data Understanding,ใช้ในเฟส Data Preparation,,,,,,,,ใช้ในเฟส Evaluation,ใช้ในเฟส Deployment,Agile method,การได้รับคำแนะนำจากทีม (ในการประชุม stand-up meeting),,,,ลดปัญหาก่อนที่จะส่งมอบให้ลูกค้า,,ส่งต่อโครงการได้ง่าย,,"I'd like to have a single tool that load data, clean it, model it and prepare reports for business people.",5e8246ca68080c971aca80b1,"Yes, I have copied the code and submitted in in Prolific."
Prolific,114624978900,431763303,2024-06-17 14:50:56,2024-06-17 15:00:05,en,ยืนยัน,Ireland {Republic},น้อยกว่า 1 ปี,ไม่มีประสบการณ์,ปริญญาโทหรือเท่าเทียม,Data analyst,,In-house data science/data team,,100 - 999,รู้จักแต่ไม่ได้ใช้งาน,CRISP-DM,,4 - ทำบ่อย,4 - ทำบ่อย,5 - ทำบ่อยที่สุด,3 - ทำปานกลาง,4 - ทำบ่อย,5 - ทำบ่อยที่สุด,2 - พบปัญหาน้อย,3 - พบปัญหาปานกลาง,4 - พบปัญหาบ่อย,2 - พบปัญหาน้อย,3 - พบปัญหาปานกลาง,3 - พบปัญหาปานกลาง,2 - พบปัญหาน้อย,2 - พบปัญหาน้อย,4 - พบปัญหาบ่อย,5 - พบปัญหาบ่อยมากที่สุด,การที่ไม่มีเอกสารให้ศึกษาระหว่างการดูแลรักษาโครงการ,มีผู้เกี่ยวข้องในโปรเจคท์จำนวนมาก ทำให้บริหารจัดการลำบาก,,การเปลี่ยนแปลง Requirements ระหว่างทาง,,,,,เคยใช้ในอดีต (แต่ปัจจุบันไม่ได้ใช้),วางแผนจะใช้ในอนาคต,ใช้อยู่ในปัจจุบัน,วางแผนจะใช้ในอนาคต,วางแผนจะใช้ในอนาคต,วางแผนจะใช้ในอนาคต,วางแผนจะใช้ในอนาคต,ใช้อยู่ในปัจจุบัน,ใช้อยู่ในปัจจุบัน,วางแผนจะใช้ในอนาคต,วางแผนจะใช้ในอนาคต,วางแผนจะใช้ในอนาคต,วางแผนจะใช้ในอนาคต,วางแผนจะใช้ในอนาคต,วางแผนจะใช้ในอนาคต,วางแผนจะใช้ในอนาคต,วางแผนจะใช้ในอนาคต,วางแผนจะใช้ในอนาคต,วางแผนจะใช้ในอนาคต,วางแผนจะใช้ในอนาคต,วางแผนจะใช้ในอนาคต,วางแผนจะใช้ในอนาคต,วางแผนจะใช้ในอนาคต,วางแผนจะใช้ในอนาคต,วางแผนจะใช้ในอนาคต,วางแผนจะใช้ในอนาคต,วางแผนจะใช้ในอนาคต,วางแผนจะใช้ในอนาคต,ใช้ในเฟส Business Understanding,ใช้ในเฟส Data Understanding,,,,,,,,,,,,ใช้ในเฟส Data Understanding,ใช้ในเฟส Data Preparation,ใช้ในเฟส Modelling,,,,,,,,,,,,,,,,,,,,,,,,,,,,,,ใช้ในเฟส Modelling,ใช้ในเฟส Evaluation,,,,ใช้ในเฟส Data Preparation,ใช้ในเฟส Modelling,ใช้ในเฟส Evaluation,,,,,,,,,,,,,,,,,,,,,,,,,,,,,,,,,,,,,,,,,,,,,,,,,,,,,,,,,,,,,,,,,,,,,,,,,,,,,,,,,,,,,,,,,,,,,,,,,,,,,,,,,,,,,,,,,,,,ไม่ได้ใช้งาน,ไม่ได้ใช้งาน,5,ไม่ได้ใช้งาน,ไม่ได้ใช้งาน,5,3,3,ไม่ได้ใช้งาน,5,5,3,4,เคยใช้ในอดีต (แต่ปัจจุบันไม่ได้ใช้),ใช้อยู่ในปัจจุบัน,ใช้อยู่ในปัจจุบัน,ใช้อยู่ในปัจจุบัน,เคยใช้ในอดีต (แต่ปัจจุบันไม่ได้ใช้),วางแผนจะใช้ในอนาคต,เคยใช้ในอดีต (แต่ปัจจุบันไม่ได้ใช้),วางแผนจะใช้ในอนาคต,ใช้อยู่ในปัจจุบัน,ใช้อยู่ในปัจจุบัน,ใช้อยู่ในปัจจุบัน,ใช้อยู่ในปัจจุบัน,ใช้อยู่ในปัจจุบัน,วางแผนจะใช้ในอนาคต,เคยใช้ในอดีต (แต่ปัจจุบันไม่ได้ใช้),,ใช้ในเฟส Data Understanding,ใช้ในเฟส Data Preparation,,,,ใช้ในเฟส Business Understanding,,,,ใช้ในเฟส Evaluation,ใช้ในเฟส Deployment,,,,,ใช้ในเฟส Evaluation,ใช้ในเฟส Deployment,,ใช้ในเฟส Data Understanding,ใช้ในเฟส Data Preparation,ใช้ในเฟส Modelling,,,,,,ใช้ในเฟส Modelling,ใช้ในเฟส Evaluation,,,ใช้ในเฟส Data Understanding,,,,,ใช้ในเฟส Business Understanding,,,,,,,ใช้ในเฟส Data Understanding,ใช้ในเฟส Data Preparation,,,,,,,,ใช้ในเฟส Evaluation,ใช้ในเฟส Deployment,,,ใช้ในเฟส Data Preparation,ใช้ในเฟส Modelling,,,,,,ใช้ในเฟส Modelling,,,,,,,ใช้ในเฟส Evaluation,ใช้ในเฟส Deployment,,,,ใช้ในเฟส Modelling,ใช้ในเฟส Evaluation,,,,,ใช้ในเฟส Modelling,ใช้ในเฟส Evaluation,,,ใช้ในเฟส Data Understanding,ใช้ในเฟส Data Preparation,ใช้ในเฟส Modelling,,,No,การได้รับคำแนะนำจากทีม (ในการประชุม stand-up meeting),,,,ลดปัญหาก่อนที่จะส่งมอบให้ลูกค้า,โค้ดอ่านง่ายและเป็นระเบียบ,ส่งต่อโครงการได้ง่าย,,An AI tool which can analyse and model the data ,6101e16e46ab830d098f1436,"Yes, I have copied the code and submitted in in Prolific."
Prolific,114624979269,431763303,2024-06-17 14:52:05,2024-06-17 14:59:10,en,ยืนยัน,South Africa,1-5 ปี,น้อยกว่า 1 ปี,ต่ำกว่าปริญญาตรี,Data analyst,,Data consultant,,"100,000 or above",รู้จักและใช้งาน,อื่นๆ (โปรดระบุ),Tableau,5 - ทำบ่อยที่สุด,5 - ทำบ่อยที่สุด,5 - ทำบ่อยที่สุด,5 - ทำบ่อยที่สุด,5 - ทำบ่อยที่สุด,5 - ทำบ่อยที่สุด,2 - พบปัญหาน้อย,2 - พบปัญหาน้อย,0 - ไม่พบปัญหา,0 - ไม่พบปัญหา,2 - พบปัญหาน้อย,2 - พบปัญหาน้อย,1 - พบปัญหาน้อยที่สุด,0 - ไม่พบปัญหา,0 - ไม่พบปัญหา,0 - ไม่พบปัญหา,,มีผู้เกี่ยวข้องในโปรเจคท์จำนวนมาก ทำให้บริหารจัดการลำบาก,,,,,,,,,,,,,,,ใช้อยู่ในปัจจุบัน,,,,,,,,,,,,ใช้อยู่ในปัจจุบัน,ใช้อยู่ในปัจจุบัน,,,,ใช้อยู่ในปัจจุบัน,,,,,,,,,,,,,,,,,,,,,,,,,,,,,,,,,,,,,,,,,,,,,,,,,,,,,ใช้ในเฟส Data Preparation,,,,,,,,,,,,,,,,,,,,,,,,,,,,,,,,,,,,,,,,,,,,,,,,,,,,,,,,,,,,,,,,,,,,,,,,ใช้ในเฟส Data Preparation,,,,,ใช้ในเฟส Data Understanding,,ใช้ในเฟส Modelling,ใช้ในเฟส Evaluation,ใช้ในเฟส Deployment,,,,,,,,,,,,,,,,,,,,,ใช้ในเฟส Data Preparation,ใช้ในเฟส Modelling,,,,,,,,,,,,,,,5,5,5,5,3,4,2,3,5,2,5,5,2,,ใช้อยู่ในปัจจุบัน,,ใช้อยู่ในปัจจุบัน,,ใช้อยู่ในปัจจุบัน,,ใช้อยู่ในปัจจุบัน,,ใช้อยู่ในปัจจุบัน,ใช้อยู่ในปัจจุบัน,ใช้อยู่ในปัจจุบัน,,ใช้อยู่ในปัจจุบัน,,,,,,,,ใช้ในเฟส Business Understanding,ใช้ในเฟส Data Understanding,ใช้ในเฟส Data Preparation,ใช้ในเฟส Modelling,ใช้ในเฟส Evaluation,ใช้ในเฟส Deployment,,,,,,,,,ใช้ในเฟส Data Preparation,,,,,,,,,,,,,ใช้ในเฟส Modelling,,,,,,,,,,ใช้ในเฟส Data Understanding,,,,,,,,,,,,,,,ใช้ในเฟส Evaluation,ใช้ในเฟส Deployment,,,ใช้ในเฟส Data Preparation,,,,ใช้ในเฟส Business Understanding,,,,,ใช้ในเฟส Deployment,,,,,,,ใช้ในเฟส Business Understanding,,,,,ใช้ในเฟส Deployment,,,,,,,,การได้รับคำแนะนำจากทีม (ในการประชุม stand-up meeting),ช่วยให้ทำตามแพลนได้ดีขึ้น,เพิ่มประสิทธิภาพในทุกขั้นตอน,เพิ่ม test coverage,ลดปัญหาก่อนที่จะส่งมอบให้ลูกค้า,,,,I would say a tool that uses AI to reduce the effort of coding and data sourcing which has an easy to use user interface to clearly state the outcome.,5f1e8dc7e2161c86cdcd220a,"Yes, I have copied the code and submitted in in Prolific."
Prolific,114624979280,431763303,2024-06-17 14:52:08,2024-06-17 14:58:47,en,ยืนยัน,Austria,1-5 ปี,1-5 ปี,ปริญญาโทหรือเท่าเทียม,Data engineer,,In-house data science/data team,,100 - 999,รู้จักและใช้งาน,Microsoft TDSP,,4 - ทำบ่อย,3 - ทำปานกลาง,3 - ทำปานกลาง,4 - ทำบ่อย,4 - ทำบ่อย,4 - ทำบ่อย,3 - พบปัญหาปานกลาง,5 - พบปัญหาบ่อยมากที่สุด,2 - พบปัญหาน้อย,1 - พบปัญหาน้อยที่สุด,2 - พบปัญหาน้อย,3 - พบปัญหาปานกลาง,1 - พบปัญหาน้อยที่สุด,1 - พบปัญหาน้อยที่สุด,2 - พบปัญหาน้อย,1 - พบปัญหาน้อยที่สุด,,มีผู้เกี่ยวข้องในโปรเจคท์จำนวนมาก ทำให้บริหารจัดการลำบาก,ไม่มีการทำ Integration test และ Load test,,,,การดูแลรักษาและการ reuse source code,,เคยใช้ในอดีต (แต่ปัจจุบันไม่ได้ใช้),ใช้อยู่ในปัจจุบัน,ใช้อยู่ในปัจจุบัน,เคยใช้ในอดีต (แต่ปัจจุบันไม่ได้ใช้),เคยใช้ในอดีต (แต่ปัจจุบันไม่ได้ใช้),เคยใช้ในอดีต (แต่ปัจจุบันไม่ได้ใช้),ใช้อยู่ในปัจจุบัน,ใช้อยู่ในปัจจุบัน,ใช้อยู่ในปัจจุบัน,ใช้อยู่ในปัจจุบัน,เคยใช้ในอดีต (แต่ปัจจุบันไม่ได้ใช้),ใช้อยู่ในปัจจุบัน,ใช้อยู่ในปัจจุบัน,วางแผนจะใช้ในอนาคต,เคยใช้ในอดีต (แต่ปัจจุบันไม่ได้ใช้),ใช้อยู่ในปัจจุบัน,ใช้อยู่ในปัจจุบัน,เคยใช้ในอดีต (แต่ปัจจุบันไม่ได้ใช้),เคยใช้ในอดีต (แต่ปัจจุบันไม่ได้ใช้),เคยใช้ในอดีต (แต่ปัจจุบันไม่ได้ใช้),วางแผนจะใช้ในอนาคต,เคยใช้ในอดีต (แต่ปัจจุบันไม่ได้ใช้),ใช้อยู่ในปัจจุบัน,ใช้อยู่ในปัจจุบัน,เคยใช้ในอดีต (แต่ปัจจุบันไม่ได้ใช้),ใช้อยู่ในปัจจุบัน,เคยใช้ในอดีต (แต่ปัจจุบันไม่ได้ใช้),เคยใช้ในอดีต (แต่ปัจจุบันไม่ได้ใช้),ใช้ในเฟส Business Understanding,,,,,,,,,ใช้ในเฟส Modelling,,,,,,,ใช้ในเฟส Evaluation,,,,ใช้ในเฟส Data Preparation,,,,,,ใช้ในเฟส Data Preparation,,,,,,ใช้ในเฟส Data Preparation,,,,,,,,ใช้ในเฟส Evaluation,,,,,,,ใช้ในเฟส Deployment,,,ใช้ในเฟส Data Preparation,ใช้ในเฟส Modelling,,,,ใช้ในเฟส Data Understanding,ใช้ในเฟส Data Preparation,ใช้ในเฟส Modelling,,,ใช้ในเฟส Business Understanding,,,,,,,,ใช้ในเฟส Data Preparation,ใช้ในเฟส Modelling,,,,,,,ใช้ในเฟส Evaluation,,,,,,,,ใช้ในเฟส Business Understanding,ใช้ในเฟส Data Understanding,,,,,,,ใช้ในเฟส Data Preparation,,,,ใช้ในเฟส Business Understanding,ใช้ในเฟส Data Understanding,,,,,,,,ใช้ในเฟส Modelling,ใช้ในเฟส Evaluation,ใช้ในเฟส Deployment,,,ใช้ในเฟส Data Preparation,,,,,,ใช้ในเฟส Data Preparation,ใช้ในเฟส Modelling,,,,,,,,,ใช้ในเฟส Business Understanding,ใช้ในเฟส Data Understanding,,,,,,ใช้ในเฟส Data Understanding,ใช้ในเฟส Data Preparation,ใช้ในเฟส Modelling,ใช้ในเฟส Evaluation,,ใช้ในเฟส Business Understanding,ใช้ในเฟส Data Understanding,ใช้ในเฟส Data Preparation,ใช้ในเฟส Modelling,ใช้ในเฟส Evaluation,ใช้ในเฟส Deployment,,,ใช้ในเฟส Data Preparation,,,,ใช้ในเฟส Business Understanding,ใช้ในเฟส Data Understanding,ใช้ในเฟส Data Preparation,ใช้ในเฟส Modelling,ใช้ในเฟส Evaluation,ใช้ในเฟส Deployment,,ใช้ในเฟส Data Understanding,ใช้ในเฟส Data Preparation,,,,,ใช้ในเฟส Data Understanding,ใช้ในเฟส Data Preparation,,,,4,3,4,4,ไม่ได้ใช้งาน,2,4,4,5,2,3,4,4,เคยใช้ในอดีต (แต่ปัจจุบันไม่ได้ใช้),ใช้อยู่ในปัจจุบัน,เคยใช้ในอดีต (แต่ปัจจุบันไม่ได้ใช้),ใช้อยู่ในปัจจุบัน,ใช้อยู่ในปัจจุบัน,ใช้อยู่ในปัจจุบัน,วางแผนจะใช้ในอนาคต,ใช้อยู่ในปัจจุบัน,ใช้อยู่ในปัจจุบัน,ใช้อยู่ในปัจจุบัน,วางแผนจะใช้ในอนาคต,วางแผนจะใช้ในอนาคต,ใช้อยู่ในปัจจุบัน,เคยใช้ในอดีต (แต่ปัจจุบันไม่ได้ใช้),ใช้อยู่ในปัจจุบัน,,,ใช้ในเฟส Data Preparation,ใช้ในเฟส Modelling,ใช้ในเฟส Evaluation,,,,,ใช้ในเฟส Modelling,ใช้ในเฟส Evaluation,ใช้ในเฟส Deployment,,,,,ใช้ในเฟส Evaluation,,,,,,ใช้ในเฟส Evaluation,,,ใช้ในเฟส Data Understanding,ใช้ในเฟส Data Preparation,ใช้ในเฟส Modelling,,,,ใช้ในเฟส Data Understanding,ใช้ในเฟส Data Preparation,ใช้ในเฟส Modelling,ใช้ในเฟส Evaluation,,,ใช้ในเฟส Data Understanding,ใช้ในเฟส Data Preparation,,,,ใช้ในเฟส Business Understanding,ใช้ในเฟส Data Understanding,,,,,,,,ใช้ในเฟส Modelling,ใช้ในเฟส Evaluation,ใช้ในเฟส Deployment,,,,ใช้ในเฟส Modelling,ใช้ในเฟส Evaluation,ใช้ในเฟส Deployment,,,,ใช้ในเฟส Modelling,ใช้ในเฟส Evaluation,ใช้ในเฟส Deployment,,,ใช้ในเฟส Data Preparation,ใช้ในเฟส Modelling,ใช้ในเฟส Evaluation,ใช้ในเฟส Deployment,,,,,ใช้ในเฟส Evaluation,ใช้ในเฟส Deployment,,,,,,ใช้ในเฟส Deployment,ใช้ในเฟส Business Understanding,,,,,,"No, not really.",การได้รับคำแนะนำจากทีม (ในการประชุม stand-up meeting),,เพิ่มประสิทธิภาพในทุกขั้นตอน,เพิ่ม test coverage,ลดปัญหาก่อนที่จะส่งมอบให้ลูกค้า,โค้ดอ่านง่ายและเป็นระเบียบ,,,"I want an all-encompassing analytical platform that would integrate data from disparate sources, cleanses and processes, using advanced AI algorithms and provides actionable insights.",6551f8101b61682e671d46c6,"Yes, I have copied the code and submitted in in Prolific."
Prolific,114624979727,431763303,2024-06-17 14:52:19,2024-06-17 14:55:16,en,ยืนยัน,South Africa,1-5 ปี,น้อยกว่า 1 ปี,ปริญญาตรีหรือเท่าเทียม,Data analyst,,Data consultant,,10 - 99,รู้จักแต่ไม่ได้ใช้งาน,Microsoft TDSP,,,,,,,,,,,,,,,,,,,,,,,,,,,,,,,,,,,,,,,,,,,,,,,,,,,,,,,,,,,,,,,,,,,,,,,,,,,,,,,,,,,,,,,,,,,,,,,,,,,,,,,,,,,,,,,,,,,,,,,,,,,,,,,,,,,,,,,,,,,,,,,,,,,,,,,,,,,,,,,,,,,,,,,,,,,,,,,,,,,,,,,,,,,,,,,,,,,,,,,,,,,,,,,,,,,,,,,,,,,,,,,,,,,,,,,,,,,,,,,,,,,,,,,,,,,,,,,,,,,,,,,,,,,,,,,,,,,,,,,,,,,,,,,,,,,,,,,,,,,,,,,,,,,,,,,,,,,,,,,,,,,,,,,,,,,,,,,,,,,,,,,,,,,,,,,
Prolific,114624979621,431763303,2024-06-17 14:52:49,2024-06-17 14:54:59,en,ยืนยัน,Italy,6-10 ปี,6-10 ปี,ปริญญาโทหรือเท่าเทียม,Programmer / Software developer,,Software house,,100 - 999,รู้จักแต่ไม่ได้ใช้งาน,อื่นๆ (โปรดระบุ),"Snowflake, Snowplow",,,,,,,,,,,,,,,,,,,,,,,,,,,,,,,,,,,,,,,,,,,,,,,,,,,,,,,,,,,,,,,,,,,,,,,,,,,,,,,,,,,,,,,,,,,,,,,,,,,,,,,,,,,,,,,,,,,,,,,,,,,,,,,,,,,,,,,,,,,,,,,,,,,,,,,,,,,,,,,,,,,,,,,,,,,,,,,,,,,,,,,,,,,,,,,,,,,,,,,,,,,,,,,,,,,,,,,,,,,,,,,,,,,,,,,,,,,,,,,,,,,,,,,,,,,,,,,,,,,,,,,,,,,,,,,,,,,,,,,,,,,,,,,,,,,,,,,,,,,,,,,,,,,,,,,,,,,,,,,,,,,,,,,,,,,,,,,,,,,,,,,,,,,,,,
Prolific,114624978878,431763303,2024-06-17 14:50:06,2024-06-17 14:52:36,en,ยืนยัน,Hungary,1-5 ปี,1-5 ปี,ปริญญาตรีหรือเท่าเทียม,Project manager,,In-house data science/data team,,"1,000 - 9,999",ไม่รู้จัก,,,,,,,,,,,,,,,,,,,,,,,,,,,,,,,,,,,,,,,,,,,,,,,,,,,,,,,,,,,,,,,,,,,,,,,,,,,,,,,,,,,,,,,,,,,,,,,,,,,,,,,,,,,,,,,,,,,,,,,,,,,,,,,,,,,,,,,,,,,,,,,,,,,,,,,,,,,,,,,,,,,,,,,,,,,,,,,,,,,,,,,,,,,,,,,,,,,,,,,,,,,,,,,,,,,,,,,,,,,,,,,,,,,,,,,,,,,,,,,,,,,,,,,,,,,,,,,,,,,,,,,,,,,,,,,,,,,,,,,,,,,,,,,,,,,,,,,,,,,,,,,,,,,,,,,,,,,,,,,,,,,,,,,,,,,,,,,,,,,,,,,,,,,,,,,,
